packet_session_id,protocol,device_type,vpn_status,region,login_attempts,failed_logins,bytes_sent,bytes_received,packet_rate,connection_count,tcp_flags,port_number,session_retries,signal_strength,privilege_level,anomaly_score,avg_packet_size,attack_category
P000000,TCP,Workstation,On,APAC,0,6,3735.701996595624,7083.530344115831,184.5147701598138,7,FIN,3389,0,-71.34511116113953,user,0.11735545894736324,332.60200955672065,Benign
P000001,TCP,Workstation,Off,EU,1,2,6140.8668082464865,4382.336674617339,155.0626044991395,5,ACK,110,1,-44.35188307592587,user,0.23888764513920965,314.5534164112144,Benign
P000002,TCP,Workstation,Off,US,3,0,4714.2446718302335,6979.428832088729,125.95924971121222,4,FIN,80,0,-64.47500523368677,user,0.1239614509290378,266.9425446274685,Benign
P000003,UDP,Server,Off,APAC,2,0,2987.8544502012337,2715.3077652997945,88.4443093859328,3,FIN,110,1,-48.033201876572214,guest,0.4627807801666121,259.3626393602531,BruteForce
P000004,UDP,IoT,Off,US,1,5,5021.324823185014,4858.666310430627,153.38548319207266,2,SYN-ACK,110,2,-65.32035244453175,user,0.1855270050315492,293.2947209414879,BruteForce
P000005,TCP,Workstation,On,EU,3,1,5611.170345003384,7618.08882164047,115.15865758540014,3,SYN,110,0,-68.28801035497986,admin,0.5708011731311224,284.647177050253,BruteForce
P000006,tcp,Workstation,Off,EU,6,2,3140.6071121336254,5539.065998059485,145.28323536964817,5,SYN,21,1,-64.91836040860828,guest,0.3441382619198112,305.52691151393,Benign
P000007,,Mobile,On,APAC,4,0,5369.040024207616,7248.335284476264,127.83164916706112,7,SYN,110,0,-57.73741756925727,user,0.1350298274462836,318.6899171194083,Benign
P000008,ICMP,IoT,Off,US,3,1,33385.813113456694,9726.207834555582,138.59143403083624,10,SYN-ACK,53,3,-59.282052170423896,user,0.43462837245256136,346.28649240992604,Benign
P000009,UDP,Workstation,Off,EU,2,2,1486.0564101387668,5089.932042102099,104.08055929670165,5,ACK,21,3,-65.8285156426659,user,0.5527939221462219,216.43203688503257,Benign
P000010,TCP,Mobile,Off,APAC,3,1,5324.624581797309,6413.327555648978,171.44939830258045,7,ACK,443,3,,user,0.12201063157661192,275.7580397123487,Benign
P000011,TCP,Mobile,Off,EU,3,1,5705.853445977571,5548.295113539797,121.78958029762647,1,SYN-ACK,443,1,-81.4332374115173,user,0.16481637376250113,291.60840600998824,Benign
P000012,TCP,IoT,On,ME,1,1,3640.413263318589,5999.966661458928,43.14664717324999,4,ACK,53,1,-67.42267474240242,user,0.28668076169997586,226.94257664746164,Benign
P000013,,Server,On,APAC,3,1,3611.572112335835,6567.558205716906,113.73670306621685,8,ACK,443,0,-52.388627743721344,user,0.1499992819269997,306.958354652667,Benign
P000014,UDP,Mobile,On,US,0,0,2437.9189706415586,2658.0005280104374,126.09425126301734,2,ACK,80,2,-67.57823998906734,user,0.1992649318953212,289.0335968100931,BruteForce
P000015,TCP,Server,Off,US,0,0,5135.6893177983875,,146.810133430213,7,ACK,443,1,-49.38350310988672,user,0.7143808675178054,322.0768133872924,BruteForce
P000016,TCP,Mobile,Off,APAC,0,1,2614.4546179755525,7443.2621021707555,104.03295743515459,4,SYN-ACK,143,4,,user,0.3803730991465843,297.10758421252035,Benign
P000017,UDP,Workstation,On,EU,2,1,4226.007119550151,10132.470856230677,106.12626346335199,4,SYN-ACK,21,1,-61.33248361490813,user,0.42199832873855003,286.23183791160375,BruteForce
P000018,TCP,Mobile,Off,EU,0,0,2674.4637885537504,5156.229213749624,163.7875326237551,3,SYN-ACK,53,2,-68.37486319468438,guest,0.6150387898976751,311.2880088559635,BruteForce
P000019,ICMP,Mobile,Off,APAC,1,0,4477.604647081635,4284.480568093791,137.47694991937257,9,FIN,3389,1,-72.27396174765076,user,0.32728554857931597,286.7978841181085,BruteForce
P000020,TCP,Server,Off,EU,0,0,29064.310734631028,5295.124509222927,121.72726265356717,6,FIN,80,1,-57.60060639439418,guest,0.16333044790788556,284.39973866525673,Benign
P000021,ICMP,Server,Off,EU,2,1,5775.896052521257,3751.9492215580926,155.0168680488453,2,SYN,25,1,-56.31115723178335,user,0.21493515122063148,325.11496928699137,Benign
P000022,TCP,Workstation,On,EU,2,1,5126.830266173885,5939.59505095708,120.4765871341022,2,ACK,3389,1,-68.51310749695219,user,0.36197729866792766,297.7001150071878,Benign
P000023,ICMP,Server,Off,EU,3,2,5821.647865851077,8911.487375756424,106.9525015406233,3,SYN-ACK,25,1,-45.13214945817218,admin,0.03850746235478017,282.1227304134668,Benign
P000024,TCP,Mobile,Off,EU,1,0,6971.3797864947,7923.427148018425,178.1461099643005,5,FIN,53,0,-46.565587155696136,user,0.3819465099305728,311.3354783322972,Benign
P000025,,IoT,Off,US,1,1,6398.276985890964,5731.733297624234,137.42059066999246,3,FIN,53,1,-62.27980168202885,admin,0.6107190171792753,306.6178025733975,Benign
P000026,tcp,Workstation,On,US,1,1,6302.341585976701,5364.135314415329,116.90223821721952,6,SYN-ACK,143,3,-56.52760876364167,user,0.33427046869244204,308.4017002342017,BruteForce
P000027,ICMP,IoT,Off,US,1,0,3119.336314067743,5410.092779668277,107.05380599258231,7,SYN-ACK,25,1,-37.50437886506725,user,0.11183004923015523,292.7234251393367,Benign
P000028,TCP,IoT,Off,EU,2,1,6132.20349000269,5612.397474677594,135.69971343308578,4,SYN-ACK,25,0,-63.440872790467054,admin,0.6316895661475499,271.80010621162165,Benign
P000029,,Server,Off,APAC,1,1,7114.8039103956635,11445.853455021908,123.29206314359517,2,FIN,80,0,-53.48870464759977,user,0.4219111294951413,307.558434300996,BruteForce
P000030,TCP,Workstation,On,US,0,3,8441.570404468854,7036.044916044988,65.25360798194816,2,SYN,80,1,-57.41163093191014,admin,0.25311113223994886,264.42204690925786,Benign
P000031,,Server,Off,EU,3,0,4011.08756878191,5917.353770800992,123.13679744659731,6,FIN,110,1,-62.96550560875946,user,0.3151199320096395,309.23572756974573,BruteForce
P000032,TCP,Server,Off,APAC,0,1,6137.987510226609,4205.908095485264,110.69289901998121,6,FIN,3389,1,-58.004891843427416,user,0.19249132012590897,289.9455417068131,Benign
P000033,UDP,IoT,Off,US,3,0,6999.3457795750655,8103.922482513389,90.68879096307202,7,FIN,3389,1,-52.597166121777065,user,0.7189696144895319,285.00247371774,Benign
P000034,ICMP,Server,Off,EU,1,1,3499.6988159874763,6378.922719535236,123.94037272188275,5,SYN,143,1,-61.17173200918969,user,0.4612459006267952,302.4804130611179,BruteForce
P000035,TCP,Server,On,ME,3,3,2084.2221048106467,4451.253749323887,93.75261977459654,3,SYN-ACK,53,0,-42.62313660435727,guest,0.1604954569752733,265.8977941200722,Benign
P000036,TCP,IoT,Off,US,2,1,4884.587137737263,5500.013681145932,101.38347221878594,6,FIN,53,0,-63.94905002458199,admin,0.07305363714959617,300.46145979566995,BruteForce
P000037,TCP,Mobile,Off,ME,1,2,3501.832043007449,6781.886620181061,135.61764500209338,7,ACK,80,1,-73.22109232029926,user,0.18075227050467627,301.8701999084631,Benign
P000038,UDP,IoT,Off,US,2,1,4727.169194998742,3848.2472608500034,93.01998032301265,6,SYN-ACK,3389,1,-59.043648385880815,admin,0.1271974490579391,258.5156786747272,Benign
P000039,TCP,IoT,Off,EU,1,0,3818.1783077981245,10285.95930141892,162.98333454568723,6,SYN,22,1,-55.61459876619243,user,0.5184213114355469,304.9821765586953,Benign
P000040,tcp,Workstation,Off,APAC,1,0,5504.271082540727,4775.686885910386,101.06323522828257,6,SYN,443,0,-57.4518574885857,user,0.33977933019580486,311.301841158387,Benign
P000041,TCP,Server,Off,ME,3,2,4989.546569509133,4966.627149298892,117.85580920868958,4,SYN,25,1,-63.09297280503234,user,0.259938123946604,285.35528945343833,Benign
P000042,TCP,IoT,Off,APAC,0,1,5175.347563279129,6278.291238933481,115.70839086569285,7,SYN-ACK,21,1,-54.137947224668544,guest,0.307008272630575,274.1189273528505,Benign
P000043,ICMP,Workstation,On,ME,6,1,8422.454151334368,9200.004262448989,121.27463509553031,5,ACK,143,2,,admin,0.3621048772137237,317.0033929015697,Benign
P000044,TCP,Workstation,Off,APAC,4,0,7238.620397529853,7912.615154475108,74.3795100058276,4,ACK,143,0,-60.654188602499474,guest,0.38231324584316506,250.52417190344866,Benign
P000045,udp,Server,Off,ME,1,0,4081.40288132782,7446.420367090697,138.29594335016574,6,SYN-ACK,443,0,-62.121753153747434,user,0.22146082788490293,295.2527585714667,Benign
P000046,,Server,Off,ME,3,2,4070.652572375648,3707.754280744335,152.48272543457026,4,SYN,25,2,,user,0.2192391080593513,277.1791783505756,Benign
P000047,TCP,Mobile,Off,APAC,0,1,4605.704135314479,,140.15131222273735,7,SYN,443,2,-79.16095060766163,user,0.3452646649739317,298.39801078554393,Benign
P000048,udp,Workstation,Off,ME,3,2,6402.82977621403,5186.178132050234,115.10820101453099,6,SYN,22,0,,guest,0.3056127015734232,298.4194457446983,Benign
P000049,TCP,Workstation,On,APAC,2,0,6285.325502337833,7280.559484175134,95.8857698303126,5,ACK,25,0,-75.38056119662559,guest,0.2838051489159468,292.54234024730636,Benign
P000050,ICMP,Mobile,Off,ME,1,1,2881.0533038244916,9586.490682749989,118.33995133473955,7,SYN-ACK,25,1,-73.61584802122675,user,0.24003127210363587,274.10186742985167,Benign
P000051,TCP,Workstation,Off,APAC,1,0,5277.077464359282,4621.608187569166,126.04068947678945,3,SYN,3389,1,-50.44940855770257,user,0.08528689807784443,311.1175859271445,Benign
P000052,TCP,Workstation,Off,APAC,3,0,5864.478538837613,7333.537949111297,141.33310184767356,6,SYN-ACK,22,0,-49.34435718345864,admin,0.014057964453452365,341.7991954536196,Benign
P000053,TCP,Workstation,Off,ME,1,2,7665.506881617801,4127.766984105414,131.83543182492306,5,ACK,22,1,-59.50508361084952,guest,0.3084845410958828,292.26952885213854,Benign
P000054,UDP,IoT,Off,APAC,4,2,1201.733541321686,6769.750354340736,139.2579804343606,3,SYN,3389,0,-60.859829377060116,user,0.5003376041854602,271.9737274082822,Benign
P000055,TCP,Server,On,EU,3,0,3973.5009200087798,4992.9593405076685,190.96535946875585,1,SYN,22,1,-40.491553203706545,admin,0.015810487172782207,304.74472055098266,Benign
P000056,,Mobile,Off,APAC,2,2,6094.00919000523,7740.160916453442,44.33847475170664,5,SYN,25,0,,user,0.5195508024241212,248.12746412312268,BruteForce
P000057,udp,IoT,Off,EU,2,1,8214.941209740471,4006.5171147564165,107.86084753566439,2,SYN-ACK,110,0,-67.89360463203016,user,0.3539280154851186,290.5112632247262,Benign
P000058,UDP,IoT,Off,ME,1,3,5562.418583995532,6693.438322175538,79.26093618806594,6,ACK,21,0,-53.75996132424675,user,0.17718522591107466,254.84185731137293,Benign
P000059,ICMP,Workstation,On,US,1,1,6371.6028922975975,5200.20595411815,123.22738058080505,3,SYN-ACK,110,0,-36.40177049569352,admin,0.45714286472437493,312.2682732738563,Benign
P000060,tcp,Server,Off,EU,4,1,6518.223338663694,8146.545285623904,134.81215876838215,3,FIN,110,0,-54.07210750710925,admin,0.15730095416709106,306.2437583458053,Benign
P000061,TCP,Workstation,Off,EU,4,2,3437.1302530200383,3928.7548846522177,124.95320304308872,5,ACK,53,1,-60.78340068589468,user,0.19584318309147009,288.7996126777136,Benign
P000062,udp,Workstation,Off,EU,2,0,3673.2947871070564,7302.356945261709,145.24875884535533,4,ACK,21,4,-61.880066416520634,user,0.2882764560885057,298.4385621899972,Benign
P000063,udp,Server,Off,EU,0,1,2659.8591621867868,7793.407300122188,125.64329423481209,8,SYN-ACK,3389,2,-67.39256313635879,admin,0.38833491492757233,288.35869828046367,Benign
P000064,UDP,Server,Off,ME,2,2,5479.098572344162,8064.977813883756,95.25862434775217,6,SYN-ACK,25,2,-47.418656079963746,user,0.5023738635764352,265.99076598782875,BruteForce
P000065,TCP,Workstation,Off,US,1,0,6811.407567772716,7545.949951048876,159.47529367819132,4,SYN-ACK,22,2,-54.798565482994334,user,0.31248771328396246,329.17845618662074,Benign
P000066,TCP,IoT,On,APAC,1,1,1763.867060497052,5157.959455092847,120.83054168911787,8,ACK,110,2,-51.47701002098552,user,0.3879687414954074,289.0120346451695,Benign
P000067,ICMP,IoT,Off,US,3,1,4524.2700912248465,4295.038661995095,111.90057340213365,4,SYN,443,1,-70.41592897800595,user,0.7640350756837517,287.83223082741176,BruteForce
P000068,ICMP,Server,On,US,1,2,7680.777009414456,3990.843211170117,125.56392881823936,4,ACK,110,2,-73.2020613999718,admin,0.4991638451096131,278.37105318621514,Benign
P000069,TCP,Workstation,On,EU,1,0,5005.374460428072,7992.049640466735,110.71342059408286,10,SYN-ACK,25,1,-56.32130159855553,admin,0.33357976703924824,311.8741599366438,Benign
P000070,tcp,Server,Off,EU,2,4,3984.849269386478,6433.67127587471,153.90961086896436,3,SYN,53,0,-59.40080873736162,admin,0.18550779196368108,281.3609413452255,Benign
P000071,TCP,Server,Off,EU,2,1,5421.168010239695,3227.5271712254025,149.62583913419104,11,ACK,22,0,-59.40308838900706,guest,0.36215213058744855,318.9315826151348,BruteForce
P000072,TCP,Workstation,On,EU,0,4,3671.497871935593,7244.615651105422,123.01428650424967,4,FIN,21,1,-76.73907485407737,admin,0.14023560435224153,284.8277204477065,BruteForce
P000073,UDP,Server,Off,ME,2,1,4935.132840723305,7621.637468982718,191.36787341421336,4,FIN,443,1,-55.666683553101805,user,0.6341312843728723,334.021150447183,Benign
P000074,TCP,Server,Off,APAC,2,1,1376.3135904543733,6800.866243652281,154.7418735655507,7,SYN,53,0,-66.23193473398807,user,0.548583909280436,286.56932829811274,BruteForce
P000075,TCP,Server,Off,ME,3,0,6641.410554274681,5713.249714151011,77.528302782328,5,FIN,53,0,-60.28601902127613,user,0.22304984080382415,299.8334801661347,Benign
P000076,TCP,Mobile,Off,ME,2,0,3735.9500558553036,6033.628550590915,148.35684035380186,6,FIN,3389,0,-49.87292104729055,guest,0.18333742235585967,284.44114952147106,BruteForce
P000077,TCP,Mobile,Off,ME,1,0,4463.290756402412,5908.493444314803,93.43333698029056,2,SYN-ACK,21,0,-58.038016988640784,user,0.13540293824655772,298.27526862828637,Benign
P000078,TCP,IoT,Off,EU,1,1,35638.48166310727,3727.1118052921815,122.2193788446095,1,ACK,110,1,-43.349186317839944,guest,0.3817076599369086,302.306065570215,Benign
P000079,TCP,Server,On,ME,4,1,6988.68980075809,3046.132842106445,144.62656745336565,4,FIN,110,0,-56.18681960071534,user,0.04212490220079247,305.060326381857,Benign
P000080,TCP,Mobile,Off,APAC,2,1,5888.664842482625,6212.32503628201,70.16187725549105,5,SYN,22,0,-67.86061389657651,user,0.25596765988679043,291.77923861794267,Benign
P000081,,Mobile,Off,US,0,4,3525.2852147472377,4517.4480482316485,121.2622182770062,6,SYN-ACK,21,2,-72.90314188194533,user,0.32121323564368864,275.8926802304488,BruteForce
P000082,UDP,Mobile,Off,US,0,1,5632.180084825631,4994.4548008196725,125.14011768959054,6,ACK,25,0,-60.00563160114125,user,0.13485627300804814,274.5259887391183,Benign
P000083,UDP,Mobile,Off,US,3,0,3801.906547761966,6862.291628550495,140.3233013885735,5,SYN,143,3,-46.19675729625484,user,0.25426738612814925,269.7113913614433,BruteForce
P000084,tcp,Workstation,On,US,0,1,4886.771432223188,5492.783214852564,154.00342579944544,7,SYN,22,0,-61.16975735287142,guest,0.2833408901490366,314.1796754243069,Benign
P000085,udp,Server,Off,EU,3,3,2326.4713213293116,7002.489220161169,103.63950130928531,6,FIN,22,2,-60.45821165756865,admin,0.06869577719034617,251.97805226263836,Benign
P000086,,Mobile,On,APAC,0,0,4118.597262633122,3576.6289815914015,161.4273010830923,5,SYN-ACK,3389,1,-59.45097277377037,user,0.15888779660374253,294.25860803876566,Benign
P000087,tcp,IoT,Off,EU,3,0,6725.965423312227,9016.400651393167,101.42124513816196,6,ACK,3389,1,-55.141361873709656,user,0.20630454580392552,296.02033222121366,BruteForce
P000088,UDP,IoT,Off,US,0,0,5341.5700678334015,7475.010595275504,120.30695921257409,5,SYN,53,0,-63.80501697095204,user,0.20856737968372088,288.51272551711764,Benign
P000089,UDP,IoT,Off,ME,2,1,7006.254473320585,7120.732671696985,155.9243016890356,6,ACK,21,0,-68.41282436194727,user,0.19285085260859947,302.76266629515567,Benign
P000090,UDP,Server,Off,EU,4,0,8131.623914124557,6877.479533151826,132.66932240791445,7,SYN-ACK,21,3,-61.17001674872798,user,0.42711250980007054,333.4241918822809,Benign
P000091,UDP,Mobile,Off,ME,1,0,2832.8936652224675,10254.496452085237,159.86863339436533,6,SYN,53,0,-67.6905904242349,user,0.17648406521346285,296.6015266570398,Benign
P000092,UDP,Mobile,Off,US,1,2,4605.220162643639,8314.145715632378,159.30713737266808,4,SYN,443,0,-64.72088932144052,user,0.20636205728448764,313.12651311024115,Benign
P000093,tcp,Mobile,On,EU,2,0,4963.715112702743,5045.587861909335,213.18943887057628,4,SYN,110,1,-49.50406489832581,admin,0.6015251364993904,334.547543685556,BruteForce
P000094,UDP,IoT,On,US,0,1,4413.30278193554,6208.881904724907,119.17937346033894,5,ACK,110,2,-63.01246901098828,user,0.3042227406485177,277.95944879736055,Benign
P000095,,Server,On,ME,1,4,3702.3369947098245,5188.927273370563,168.59235375327623,0,SYN-ACK,53,1,-69.91013141338547,user,0.25179232984713357,276.0273888819811,Benign
P000096,tcp,Workstation,Off,US,0,2,4317.891828977672,5472.65162980573,174.59144608124356,3,SYN-ACK,80,2,-66.13853114139901,user,0.29536011007592705,322.36385350215346,Benign
P000097,UDP,Mobile,Off,ME,0,0,5284.376997227093,6009.2402269742315,97.91028722320395,6,FIN,22,0,-41.58613581529274,guest,0.24929984287270895,280.9883307081808,Benign
P000098,TCP,IoT,Off,EU,1,1,8249.01528683453,3471.9592384778052,125.48259262253784,1,ACK,22,1,-69.9898972088661,admin,0.3566182232005251,299.5243348654394,BruteForce
P000099,TCP,Mobile,Off,US,2,0,3950.2276617592233,5020.477719853421,141.50353154350472,10,SYN,22,0,-61.86291653675317,admin,0.2279625625903591,311.92841880742725,Benign
P000100,TCP,Server,Off,US,2,1,2850.5169745633216,8284.643789151994,118.5493530145133,7,SYN-ACK,143,0,-69.4067537901814,admin,0.1852922151437047,279.0210026574912,BruteForce
P000101,ICMP,Mobile,Off,APAC,1,1,6231.463722289208,5348.010012834023,63.70471865770392,3,SYN,3389,0,-61.027792739617816,guest,0.054683454143690094,261.29763315074854,BruteForce
P000102,udp,IoT,Off,ME,2,0,5626.600752527136,,140.94886687475275,9,ACK,21,2,-48.948600532920956,user,0.5711104363481098,309.0762691697988,Benign
P000103,udp,Mobile,On,US,4,1,2879.2025908808673,5810.851291426165,121.42952563456241,4,ACK,25,0,-50.15454729556198,admin,0.23961703464961845,276.4313079732925,Benign
P000104,UDP,IoT,Off,APAC,2,1,5697.539367284259,9302.870916475686,116.94916767641185,8,SYN-ACK,53,0,-71.53562354909312,user,0.20598472541069074,298.9530616489918,BruteForce
P000105,TCP,Workstation,On,APAC,6,1,6893.512687365677,6868.223398426966,92.6081487558194,3,SYN-ACK,443,1,-61.47611498707554,user,0.1900373786829349,283.36982425612854,Benign
P000106,udp,Server,Off,US,5,0,6623.543574314057,4786.645781374551,142.4441749783802,5,ACK,53,0,-62.25719157656498,user,0.33111757964408406,310.8953712386611,BruteForce
P000107,TCP,Mobile,Off,APAC,2,2,4537.831807448822,2089.801076860772,132.1124791601258,4,SYN,21,0,,admin,0.5135401396939573,291.2605430155234,Benign
P000108,TCP,Mobile,Off,EU,3,2,4337.232370274642,2949.035746872361,85.17771790086852,1,FIN,22,3,-67.77061851260805,user,0.17093428864971186,249.7576176578184,Benign
P000109,tcp,Workstation,On,ME,4,0,5525.497354430595,7075.314273199022,113.87385638589105,1,SYN-ACK,21,1,-68.08973056684738,guest,0.0712808197573869,279.477883854858,Benign
P000110,TCP,Server,Off,APAC,1,3,4537.464618521424,5490.318054650922,97.77453469518089,6,SYN-ACK,143,1,-65.46337772159396,guest,0.1841789559517261,279.0393845425026,Benign
P000111,TCP,Server,On,US,2,0,5159.775111849903,7281.983778710977,87.66546704797766,2,FIN,21,0,-70.74844954290357,user,0.46329223815218895,278.44435137589204,Benign
P000112,TCP,Mobile,On,ME,2,0,5000.516741459769,7633.648515735504,90.62216094931337,7,SYN,80,0,-75.28991816785096,user,0.33974019460763183,281.5070487702665,Benign
P000113,ICMP,Server,Off,APAC,2,1,6311.165575681395,8698.886981536658,126.71782672146955,9,SYN,3389,1,,admin,0.3343640244936396,300.2715398123314,Benign
P000114,ICMP,Server,Off,ME,2,0,4252.01470542968,7061.679971178929,86.89208591883553,3,SYN,3389,0,-45.17104033419248,user,0.2666298301279261,281.6914650164301,Benign
P000115,TCP,IoT,Off,ME,2,1,3589.2403742171864,4137.04706900688,146.79982173106967,8,SYN,21,0,,user,0.32520634254418007,342.4613926667698,Benign
P000116,TCP,Mobile,On,APAC,4,2,5071.250439948926,8835.081356500228,114.31572570913502,7,ACK,80,1,-60.96661252687279,user,0.3712551210939149,296.29297696658625,BruteForce
P000117,UDP,Server,Off,APAC,2,1,5938.976950228492,6643.978630463732,142.31662999015012,2,SYN,53,1,-77.85895095954572,user,0.27787195650309027,298.3449084512527,BruteForce
P000118,udp,Mobile,Off,ME,3,1,6388.398383309919,6726.514138642257,98.02514896408309,6,FIN,110,0,-72.75212235819285,admin,0.16709983622325977,314.29716244709255,Benign
P000119,TCP,Workstation,Off,ME,2,1,4859.629588553893,3297.3113552484815,125.0481090176997,4,FIN,21,0,,user,0.35496750417970196,295.9629382708611,BruteForce
P000120,UDP,Mobile,On,APAC,1,2,5852.965645697566,6990.46088911181,100.63196315579137,5,SYN-ACK,22,0,-59.94854061897938,user,0.3280020596356408,285.85201479205637,BruteForce
P000121,ICMP,IoT,On,US,7,0,3337.087707693654,6625.334973865477,115.9241067202081,3,SYN-ACK,25,4,-43.12012383849628,user,0.3581391047490154,290.75188036134836,BruteForce
P000122,UDP,Mobile,Off,ME,3,0,2443.663667748801,5745.839921180139,151.39309634145417,3,FIN,80,1,-81.71182955614825,user,0.11779743373806574,276.6283967920151,Benign
P000123,TCP,IoT,Off,ME,3,1,6967.841597732928,5119.461577749287,111.50958114115895,4,SYN,53,1,-47.817417189561965,user,0.4229754616111279,280.8017450544133,BruteForce
P000124,udp,Mobile,Off,APAC,0,0,5026.863339357431,6919.478145894152,112.79824009095272,8,SYN,22,1,-57.56465840585558,user,0.4551483608671701,297.62588584242445,Benign
P000125,udp,Mobile,On,APAC,0,1,3918.8880146460947,7416.904253785742,147.95095911151293,7,FIN,80,2,-43.6301583916062,user,0.25765316224998747,295.1633827423614,Benign
P000126,ICMP,IoT,Off,US,3,3,4106.341148780319,3873.0852787429562,142.24317062975902,4,SYN,80,0,-62.75015707733671,guest,0.16306379974727667,292.1943620952015,Benign
P000127,,IoT,Off,ME,1,2,7585.167456539062,7520.7533969835695,143.26925887066886,4,FIN,25,0,,user,0.1058735471556901,319.31700360193616,Benign
P000128,TCP,Server,On,US,2,0,5230.024845467333,7897.301577305359,68.81389341927553,5,ACK,110,0,-67.68652414142198,admin,0.1319336251142588,282.0453609132618,Benign
P000129,tcp,Mobile,Off,APAC,1,0,5322.037391250607,7343.3306368854965,98.63262622090096,4,FIN,110,2,-46.12152454517299,user,0.17920742803695444,249.78320624099314,Benign
P000130,tcp,Workstation,On,APAC,2,1,5046.260491772663,4431.546784634338,114.84736655229318,1,FIN,143,0,-42.39620496438349,admin,0.5591265194462358,274.0184863152741,Benign
P000131,TCP,IoT,Off,ME,1,1,4681.6965159519805,6688.42979246689,148.50234039455376,5,SYN,22,0,-47.21525183456069,guest,0.43476424396899416,311.14592760348097,BruteForce
P000132,UDP,Workstation,Off,ME,1,0,4059.0793537113786,6815.154084409477,122.48027726014438,4,ACK,110,0,-49.170217611559124,admin,0.26985012617591064,283.52522528923174,BruteForce
P000133,UDP,Server,Off,US,1,0,5718.8106166949965,6970.421738304986,126.7180570055797,9,FIN,25,3,-64.76916769334669,guest,0.33863134075157136,299.88299528174093,Benign
P000134,TCP,Workstation,Off,APAC,1,2,5094.465512686842,7526.112010729974,116.74509236187518,3,FIN,80,2,-82.48162999163637,user,0.4141224368928071,276.46398218761766,Benign
P000135,tcp,Server,Off,EU,0,1,3243.6315691127265,5949.391760243443,105.09009301729523,4,SYN-ACK,443,2,-44.41429881161329,user,0.1355009177178189,259.1206510499088,Benign
P000136,TCP,Mobile,On,US,3,0,6879.147087029903,7173.971579528933,130.72702072038405,1,SYN,80,1,-79.72965081032939,user,0.314426938274939,305.58421928013615,Benign
P000137,UDP,Mobile,Off,US,2,1,4625.546862554328,4863.862266138093,94.40559296636741,0,ACK,21,1,-51.44224753796193,user,0.42253819804939885,277.5089974929356,Benign
P000138,TCP,Mobile,Off,APAC,0,0,7581.2885409264745,4387.5138191970855,147.23853373019696,9,SYN-ACK,21,3,-61.33679833222465,user,0.3775438496552881,317.61915982518815,Benign
P000139,TCP,IoT,Off,APAC,1,2,5194.882050525707,7835.12317194911,112.33058885709337,8,SYN,22,1,-58.04963157199454,admin,0.18643720452376644,301.7175697807645,BruteForce
P000140,ICMP,Server,Off,ME,1,1,6936.74155115621,7532.992310974747,114.92587091826228,11,SYN-ACK,3389,1,-46.4798624100024,user,0.7800641490209597,343.2745233805158,BruteForce
P000141,UDP,IoT,Off,ME,2,2,5218.586921250612,5115.908010590878,148.519035762963,9,FIN,21,2,-69.90783256298494,user,0.14152024724654547,334.26242954306144,Benign
P000142,UDP,IoT,Off,EU,0,4,3246.6317797047022,9333.846937180955,115.6302076398064,6,SYN-ACK,25,0,-69.08388512176737,user,0.3150098413942267,265.3204572167588,Benign
P000143,TCP,Workstation,Off,EU,0,1,6472.748127141518,4338.200934172241,84.08291461479882,6,SYN-ACK,3389,2,-55.083507506297515,user,0.3045302508177451,281.1892118988897,BruteForce
P000144,UDP,Workstation,Off,ME,2,3,2185.1108741581074,6776.454957451242,144.1225071791287,10,ACK,22,1,-71.10002257480727,user,0.36505988053512367,287.23720885893454,Benign
P000145,TCP,Workstation,Off,US,0,0,6996.997668544739,6265.432089009989,132.83807320772593,7,ACK,53,2,-59.22536997019315,user,0.10094117743650391,311.4062121147954,Benign
P000146,ICMP,Server,Off,US,2,3,5221.9396983197985,4194.66328666691,110.3536452309904,7,SYN,22,1,-50.47872147601867,guest,0.2970328446649264,297.7104283647798,Benign
P000147,TCP,Server,On,ME,3,0,5828.790743669138,5825.85501254766,120.34760949648732,3,FIN,80,0,-56.67907205212986,user,0.28268253113030223,270.9907449551548,BruteForce
P000148,UDP,Mobile,Off,APAC,4,2,3012.702509501082,7220.186114168298,98.82034090093715,3,SYN,110,0,-52.842223718117644,user,0.6223165478110236,274.4288942809416,Benign
P000149,TCP,IoT,Off,US,3,1,4782.240002171441,100.0,119.40359298701291,6,FIN,80,0,-57.91519883470532,user,0.38701035219884516,287.51264280569,BruteForce
P000150,TCP,Mobile,Off,US,2,2,34559.34254187807,6132.450665092625,74.24475680431021,6,FIN,21,2,-60.19395540185814,admin,0.41567110856155376,260.8346578154715,BruteForce
P000151,TCP,IoT,On,ME,2,0,4039.4413545403568,3989.915446170404,155.80821249191843,8,FIN,25,1,-55.20015369671441,guest,0.25531222758533906,317.40771090459884,Benign
P000152,ICMP,IoT,Off,EU,1,0,2587.213017720474,5189.460240052048,138.05611858358074,6,FIN,3389,1,-56.697935356257375,user,0.1653883082902404,277.2207432586578,Benign
P000153,ICMP,Mobile,Off,US,1,0,4508.279142425685,7023.40400472275,154.7002404157712,3,FIN,25,1,-49.83038991458728,user,0.2603652581846654,303.16310150527494,BruteForce
P000154,TCP,Workstation,Off,ME,2,1,5669.0143682039,9053.309225931647,135.84805345683614,0,SYN-ACK,3389,4,-47.72573184998956,user,0.5471494708765435,274.17275764988875,Benign
P000155,udp,IoT,Off,US,1,2,4292.270699306137,6590.921221787405,121.17875048537455,7,SYN-ACK,53,0,-66.03051263742896,user,0.4416098276359845,307.9639559661449,Benign
P000156,UDP,Server,On,ME,1,3,5195.481458531459,,142.49987155987193,4,SYN,110,1,-65.0969154163661,user,0.343217948315523,275.4896109418161,Benign
P000157,UDP,IoT,On,APAC,2,2,6702.150532288818,7138.933350880153,134.71111484549326,8,FIN,80,2,-69.46697888340861,guest,0.2563722286997677,299.6394175458362,BruteForce
P000158,UDP,IoT,On,EU,4,0,6150.707164743237,,180.58861812047198,4,SYN-ACK,21,0,-64.89604044033256,user,0.5739273974141456,316.62720679437354,Benign
P000159,TCP,Mobile,Off,ME,2,0,4310.314366536049,4524.875712693455,106.51666785620682,5,SYN-ACK,443,0,-56.54304672547733,user,0.22093528482126704,291.1655387918418,BruteForce
P000160,TCP,Mobile,Off,ME,3,1,5067.67999746779,5534.5794497821225,141.06192932738352,5,SYN-ACK,3389,1,,guest,0.3166093958074104,298.0741818828635,Benign
P000161,udp,Mobile,Off,US,1,0,5126.445996179865,,122.74906857260721,8,SYN-ACK,21,1,-69.91684060147135,user,0.2330576117965329,321.0328326282637,Benign
P000162,UDP,Workstation,Off,US,2,0,4835.011743759132,7415.355130089539,93.05269716885411,1,SYN,80,1,-60.551948285988715,user,0.5834754713825655,263.5187892514438,BruteForce
P000163,udp,Mobile,On,US,4,1,6096.185195570393,4887.790127267563,99.56820227514845,8,ACK,110,3,-53.36129520158731,user,0.14794236095928634,271.09813501345747,BruteForce
P000164,TCP,Server,On,US,1,1,4336.7319824804745,,167.99924155473448,4,ACK,53,0,,user,0.340725810983952,298.1130967885985,BruteForce
P000165,udp,Workstation,On,ME,2,0,5222.934492276723,,599.0271164980776,3,SYN-ACK,21,0,-74.2471785222248,user,0.36930855512016164,293.6680380033235,BruteForce
P000166,TCP,Mobile,On,ME,3,1,6103.009438833807,3972.201786438504,106.08617193138352,4,SYN,443,1,-52.48171554443039,user,0.3325304864590974,300.2495329820142,BruteForce
P000167,UDP,Server,On,EU,4,0,4994.765107009649,5049.953067208546,161.78693702450437,3,SYN-ACK,80,4,-64.00671300131758,user,0.3104336349168211,295.7058685002207,Benign
P000168,tcp,IoT,On,EU,1,1,5354.256551552839,5164.078518785369,155.01678132450874,4,FIN,3389,0,,user,0.32815601098018093,292.07804657304507,BruteForce
P000169,TCP,IoT,Off,US,1,2,4581.813298925208,6355.026602250835,137.8926639970237,2,SYN,25,1,-43.017899597678934,admin,0.06324003222662822,285.8465715944765,BruteForce
P000170,ICMP,Mobile,Off,US,0,1,2370.2741934271594,8596.424737341647,139.62529433465187,2,ACK,25,2,-59.9675027271176,admin,0.34290151452298334,283.2760783576956,BruteForce
P000171,TCP,IoT,Off,APAC,0,0,3718.032821396916,4890.812575291691,76.64159977305647,5,ACK,3389,0,-63.23077449958072,user,0.06902148096957832,290.29787826377105,BruteForce
P000172,UDP,Mobile,On,US,0,1,6285.665151031976,2944.212861489458,114.9876119066658,1,ACK,53,0,-71.74814881599713,admin,0.5867841158136057,275.8420166750155,Benign
P000173,UDP,Mobile,Off,APAC,2,2,6143.283295407446,5117.934966181234,91.40298073652599,2,SYN,143,1,-57.392183547751095,guest,0.3033961027068503,304.72166974523935,Benign
P000174,TCP,Workstation,On,APAC,2,1,3208.177310577638,7580.85629755824,157.46158613816658,1,ACK,21,0,-42.448840418262705,admin,0.15313208333867787,308.7851655766862,Benign
P000175,,Workstation,On,US,3,0,4898.581299136765,8500.931943792159,197.61709388358236,1,SYN,22,1,-62.387835416678726,user,0.12865267501270342,315.3394791196759,Benign
P000176,tcp,Mobile,Off,ME,1,1,1183.147533550889,5094.40681623729,95.95465509774773,7,SYN-ACK,21,0,-49.95783066440775,user,0.2246804894230741,284.5294558399635,Benign
P000177,TCP,Mobile,Off,US,0,0,5665.592608718492,3537.9495099098485,97.57489701198539,5,SYN-ACK,22,2,-63.75490148097045,user,0.29113494373286763,278.2466546398966,Benign
P000178,TCP,Workstation,On,ME,4,2,3877.3963234032103,4801.856773060607,95.88672873076092,7,FIN,25,1,-56.26584601759613,admin,0.2564126293213896,258.813866956486,Benign
P000179,UDP,Mobile,On,ME,0,2,5175.180647504311,7013.337717580776,105.96162562714841,3,FIN,80,1,-45.0689812468238,user,0.4704922105935797,288.8135436630814,Benign
P000180,UDP,Workstation,Off,US,0,0,4968.818189439615,6237.126655496293,89.92518782574246,3,ACK,25,2,-56.67779406800595,user,0.30032460318929793,275.82569225595375,BruteForce
P000181,TCP,IoT,On,US,2,1,7007.138601197743,3502.3073148280205,104.90079072625761,9,SYN,110,1,-60.812504388592714,user,0.051014212767689894,282.9523852064222,BruteForce
P000182,UDP,Server,Off,EU,2,0,5075.55672619069,5863.833333206153,145.0792401944365,6,ACK,143,0,-76.67854085912728,user,0.5487453798770399,339.17833059324806,Benign
P000183,TCP,Server,On,EU,0,0,7449.855399418249,7290.193495303789,138.62743985681857,6,FIN,21,0,-51.93655536964191,user,0.1918057482396196,312.49644922077863,Benign
P000184,TCP,Mobile,Off,EU,3,1,5860.904124796106,8419.888367832093,133.29967782742267,5,SYN-ACK,53,0,-54.95394423648949,user,0.29285359910814623,289.3851179977125,Benign
P000185,tcp,Mobile,On,ME,5,0,4023.1156915582887,6644.721245748419,85.82518867315017,6,SYN-ACK,25,1,-38.44078833342766,user,0.31348262483735373,243.34732872268265,BruteForce
P000186,,Mobile,Off,ME,2,3,5257.085366354348,6022.744624541681,161.97942378150782,10,FIN,22,0,,user,0.5274145930398235,283.15045109531263,Benign
P000187,tcp,Workstation,Off,US,1,1,4741.422110193155,7988.577219347835,116.68035237995204,4,SYN-ACK,110,0,-49.94657804464215,guest,0.30183275572476054,287.80575775863144,Benign
P000188,TCP,IoT,Off,APAC,2,1,4702.368044489401,1327.6652677476832,100.26480862871152,7,SYN,443,1,-55.46380104420621,user,0.3902251292291696,285.64167173661866,Benign
P000189,ICMP,IoT,Off,EU,1,1,3345.8312072403496,8938.352730732797,122.58355805433023,6,FIN,25,0,-51.56109674475548,user,0.39471565751117665,311.46596809031297,BruteForce
P000190,TCP,IoT,Off,EU,1,0,4769.968126621236,6262.632171004994,106.34631318133262,7,SYN-ACK,80,0,-48.32900183038677,user,0.15719948411354698,305.9451020757049,Benign
P000191,TCP,IoT,On,ME,1,1,5351.382178320882,4063.033188318552,111.7626228875291,7,FIN,3389,1,-59.60178406544387,admin,0.3332714992853456,299.3569947069779,BruteForce
P000192,ICMP,Workstation,Off,EU,0,2,6622.8668833865695,5607.914181866379,75.25766309686102,6,FIN,25,2,-51.79538966064456,user,0.3386553656671286,268.41511590639897,Benign
P000193,TCP,Mobile,On,ME,1,1,4909.993638505189,6545.252786441214,174.603414180229,3,ACK,21,1,-50.154348080950555,user,0.12243546306834116,322.7976922347946,Benign
P000194,TCP,Workstation,Off,APAC,0,0,6374.662758970584,7272.468971870888,136.8331544055733,6,SYN,80,0,,user,0.17468656943964506,295.4448720546017,Benign
P000195,ICMP,IoT,Off,APAC,4,1,2233.568110746487,4690.431791645281,109.68115004179897,9,ACK,443,3,-47.37641396514546,user,0.1473553604256731,276.92259393749566,Benign
P000196,TCP,Mobile,Off,US,0,0,5400.339888002602,,142.55476739890165,3,FIN,22,2,,user,0.1400519244205328,311.0669609536858,Benign
P000197,tcp,Mobile,Off,ME,0,1,4212.2333810102955,6084.072037468609,78.02188519439602,4,ACK,21,0,-74.74423754230469,user,0.17007757093751044,241.31887716657502,Benign
P000198,TCP,Workstation,On,EU,0,2,6062.253554795601,6083.431117264084,107.95438982438483,5,ACK,110,1,-71.6049072888971,admin,0.25287964042835076,275.8956864656571,Benign
P000199,tcp,Mobile,Off,EU,1,1,6021.411790581199,5441.8318675948385,134.3503917538123,3,FIN,80,1,-43.39610490196778,user,0.26178945495891576,287.67608644295973,Benign
P000200,TCP,IoT,Off,ME,4,0,4520.6491780787865,8476.682225317974,141.64884383963647,6,ACK,22,1,-69.22973222358098,user,0.1992609005010342,320.1479733722869,BruteForce
P000201,udp,IoT,Off,US,3,2,6077.809254803857,7846.826034252141,129.15839288221355,4,SYN-ACK,80,1,,guest,0.19681751407441955,291.0592171111757,Benign
P000202,TCP,Workstation,Off,EU,1,1,7481.000635100023,2605.2068137068313,760.0297781988647,6,SYN-ACK,80,0,-40.97905041276575,user,0.368190201599735,310.3357329438183,BruteForce
P000203,TCP,Server,Off,APAC,1,0,6504.652245583261,2724.6908700258396,147.51100219659804,4,FIN,80,0,-59.7217895773994,user,0.1959567061828374,312.31664268367507,BruteForce
P000204,TCP,Mobile,Off,US,1,2,5455.94182203349,,114.64530903721933,6,ACK,443,2,-64.86434592680729,user,0.37584382658225907,301.72144157649967,BruteForce
P000205,,IoT,Off,APAC,1,0,6142.371565074469,5456.411885664971,121.06130419503216,6,SYN-ACK,21,0,-68.63868167950571,user,0.3873562670039646,310.95908441578393,Benign
P000206,TCP,Workstation,On,US,3,0,4845.7422067031985,,152.3147887798175,5,SYN,22,2,,user,0.5063706347258201,322.9561714133527,Benign
P000207,TCP,Mobile,Off,US,2,1,5367.9057211641775,8555.200766011956,149.75229849655537,7,SYN,21,1,-61.6252039531916,user,0.2602270473447309,307.81389633656005,BruteForce
P000208,,Server,On,EU,2,1,5193.071494488193,3931.29953737381,176.6690977130832,4,ACK,21,0,-78.3013185137124,admin,0.5245509595924797,316.7100532122425,Benign
P000209,ICMP,IoT,On,US,1,1,6657.350181541766,2272.6837792019755,88.56670306918147,5,ACK,25,1,-63.8015274146543,admin,0.419072735489821,257.65394619269296,Benign
P000210,TCP,Workstation,On,US,2,1,5713.365484478001,6063.477665503369,112.28630637201154,8,SYN-ACK,110,0,-59.12129576531737,user,0.3766950714309509,286.4236480144993,Benign
P000211,,Workstation,Off,EU,2,2,3174.545637150901,4405.721690896769,149.70170861028106,4,SYN-ACK,80,1,-59.486970140680455,user,0.24590779038151733,313.51488245647,Benign
P000212,tcp,Mobile,On,APAC,1,1,3825.1968866677125,6587.29424588542,143.0338399179294,5,ACK,53,1,-61.51006880823737,admin,0.5513021691844844,306.11622727032955,Benign
P000213,UDP,IoT,On,ME,2,1,7585.191789527447,11031.559512715168,150.59588036495163,6,SYN,80,3,-52.12688758849159,user,0.3182652637523634,336.4613577956562,BruteForce
P000214,udp,Workstation,Off,US,4,1,4284.988080927517,4158.206312973769,62.2613375774305,2,ACK,443,1,-49.04654212983803,admin,0.3132772502952913,250.24443849601403,Benign
P000215,udp,Workstation,On,US,3,0,6082.677291397035,10971.294264983211,135.35394165040717,5,SYN,21,1,-53.55345017599635,user,0.25173635233059705,301.440760937052,Benign
P000216,ICMP,Server,Off,ME,4,1,6588.510858520631,5671.82106766428,94.31622211127691,5,SYN,25,0,-61.99216390600755,user,0.28156444788646,271.0017279707066,Benign
P000217,UDP,Workstation,Off,APAC,0,1,4029.8642781007625,6705.016656786326,139.63319471372984,7,FIN,3389,1,-75.94469691164996,user,0.2730277889120816,324.63116437381905,Benign
P000218,TCP,Mobile,Off,US,3,0,4786.677803043656,4614.184217751433,81.48211657663752,6,SYN-ACK,143,2,-52.25380386520448,user,0.3172782739183071,289.6286534102767,Benign
P000219,TCP,Workstation,Off,US,0,0,3475.6848200728436,7377.462019260782,108.25327913266374,3,SYN,443,2,-51.19065672324183,user,0.11080854120385586,269.5087417486082,Benign
P000220,TCP,Mobile,On,US,2,0,3808.5728621706585,1011.1362703725972,130.12607451797578,5,SYN-ACK,110,2,-66.48157138418878,user,0.476029917764805,287.3996341712963,BruteForce
P000221,udp,Mobile,Off,APAC,3,2,4734.33434221134,5067.18388131037,111.07560697241584,7,SYN,53,0,-51.11135638842338,user,0.418897017699904,302.77549005119397,Benign
P000222,UDP,Mobile,Off,EU,0,1,4868.738239155205,6327.373931351614,127.13282280404769,2,ACK,53,0,-58.35368900857558,user,0.0435917467173028,297.25487129072474,Benign
P000223,TCP,Workstation,Off,EU,2,1,4267.064365174257,7112.574944954642,136.63860128206935,5,FIN,443,2,-49.15298265756121,admin,0.11506354195337233,309.40055688154666,Benign
P000224,udp,IoT,On,US,1,0,5804.257390646117,6092.393834064629,79.764046412254,6,ACK,21,0,-58.34561256889414,user,0.2738558631821721,289.19848062244165,Benign
P000225,ICMP,Server,On,APAC,2,1,2628.445389484464,4676.174176831208,142.48763262417296,7,SYN-ACK,80,0,-65.12530232405702,admin,0.16758944526828753,325.2780765634859,Benign
P000226,TCP,IoT,Off,US,0,2,5454.3546646563,7632.507809262132,121.56094353880565,7,SYN-ACK,110,1,-57.925113056028806,user,0.14678817600017352,285.0798497942704,BruteForce
P000227,TCP,Server,Off,APAC,4,0,3844.516455811992,9724.026118140497,126.21368712889569,5,SYN-ACK,80,1,-64.40392557547348,admin,0.5182568878133303,289.2484647298162,Benign
P000228,TCP,IoT,Off,APAC,2,1,3533.6031537815434,5699.45273668125,23.412838195159466,5,SYN-ACK,53,0,-62.13877168589643,user,0.2535137548037297,208.86450438663698,Benign
P000229,UDP,IoT,Off,ME,1,1,6790.240130974557,5637.8211651094125,151.01539930403203,5,FIN,53,1,-70.6121556304,user,0.20693755638195893,311.68303099066867,Benign
P000230,UDP,Workstation,On,US,4,0,5642.643203476129,,178.06291820889166,4,SYN,22,0,-65.53267476470128,user,0.3368022243697117,332.74774236086233,BruteForce
P000231,TCP,Server,Off,EU,2,0,5530.685734087687,7032.707704219522,114.85762787515213,6,SYN,21,0,-41.875339833349656,user,0.4642340963390473,299.5150333562652,BruteForce
P000232,TCP,IoT,Off,ME,1,0,5591.966807116735,5195.342306371136,122.56056125504172,6,SYN-ACK,80,1,-79.11152684100323,user,0.24375589763743463,317.9650134989707,BruteForce
P000233,,IoT,Off,EU,2,5,6632.980937371547,3229.320612393615,140.17689827242103,5,SYN,3389,1,-60.64159208601005,user,0.46077246088355167,303.39505463729296,Benign
P000234,TCP,Mobile,Off,ME,5,0,6305.7063107877275,5185.592534095631,134.1259517400579,4,SYN,22,2,-62.38065883143795,admin,0.5548835023945087,328.5451936926191,BruteForce
P000235,TCP,Server,On,US,0,2,4972.183032094291,8775.75731118052,164.94652633488508,3,SYN,21,3,-63.12148868175393,admin,0.08730682057271766,304.55659333743637,Benign
P000236,TCP,Mobile,Off,APAC,3,2,3660.5031727943183,7127.287200384395,100.06514194879583,2,FIN,53,2,-71.91386123756033,user,0.2828602989364378,230.3831525283,Benign
P000237,ICMP,Server,Off,APAC,6,2,6444.3892524564135,8557.024000168041,89.06197296943914,10,FIN,3389,1,-32.86796618833026,guest,0.2790170697811836,274.5026905707094,BruteForce
P000238,ICMP,Workstation,Off,EU,3,1,3934.2262197695545,8586.303125903667,120.83039110197014,11,SYN-ACK,3389,3,-44.138621316349,guest,0.20090490738622163,276.4163715878288,Benign
P000239,udp,Server,Off,EU,3,0,4664.83553771826,7294.337758008971,131.28250437390082,6,ACK,443,0,-58.35171492853643,guest,0.05647042456000151,277.29946115646067,Benign
P000240,TCP,Server,Off,ME,3,1,6015.025745629744,5071.656901003345,78.78747311682025,7,FIN,22,2,-48.60791452000872,user,0.2667079635947821,271.34102597912727,BruteForce
P000241,,IoT,Off,EU,0,0,5204.886328841457,7032.836805756373,204.1054898634465,2,SYN,80,1,-50.43776448200395,user,0.14855544073767596,318.88524538112307,BruteForce
P000242,,Workstation,Off,EU,2,0,3777.5174223069444,1058.6804690599038,113.5916164631237,5,SYN-ACK,143,0,-47.99728695008892,user,0.3219029996368405,283.7122306230961,Benign
P000243,TCP,Workstation,On,APAC,2,1,6865.984622179297,6424.436813962378,122.8548129785524,5,SYN,3389,1,-78.67032090612221,user,0.05532081164928493,317.0202903222693,Benign
P000244,UDP,Mobile,Off,APAC,2,2,6309.021584588807,8422.748937095737,164.48831366016114,1,SYN-ACK,53,1,-61.33664893466079,user,0.48560245017819353,274.0954722752479,BruteForce
P000245,TCP,Workstation,On,ME,1,1,3204.711630125974,10565.381211525922,86.63335496000924,4,ACK,80,1,-58.30586520151606,user,0.14689574611818093,275.64146626684857,Benign
P000246,tcp,IoT,Off,US,4,0,2707.4165078375268,7388.850868548274,52.61645973748141,9,SYN,443,0,-73.86247165734825,guest,0.15820525532012172,260.7473445976285,BruteForce
P000247,udp,Server,On,US,2,4,4609.990970921991,6998.228719067506,122.1946279151043,4,ACK,25,1,-69.7707646595164,user,0.26882285187053423,282.66618977095965,BruteForce
P000248,UDP,Server,Off,US,4,3,4951.215125401119,7045.197244632039,77.3882652850398,4,SYN,22,1,-47.72450430959944,user,0.42627100213693053,251.8148251789091,Benign
P000249,UDP,IoT,Off,APAC,3,0,6177.397023944269,5977.347247676345,178.28109944441954,13,FIN,53,0,-51.00350653762032,user,0.4173659907539234,348.22606835496487,Benign
P000250,TCP,IoT,Off,US,0,1,3591.338291203515,,159.03499188247594,8,FIN,143,2,-66.481299831342,admin,0.07079103852538934,314.5239498294223,Benign
P000251,udp,Mobile,Off,US,2,1,2151.3693660605218,9252.555104164467,66.83317706896959,9,SYN-ACK,53,1,-51.483085779867466,user,0.325876494144766,250.51920311696176,Benign
P000252,UDP,Server,On,EU,0,0,4359.50720191972,4426.406341767659,89.79557725776813,4,SYN-ACK,110,0,-59.69751205458848,user,0.24877980252822235,234.79235335796534,Benign
P000253,TCP,Server,Off,ME,2,1,4965.811393989995,6886.855904631303,155.2004627815606,3,FIN,143,0,-45.780608110300854,user,0.03496291357622232,277.6984851386549,Benign
P000254,TCP,Mobile,Off,US,0,4,5759.452895446642,3559.2131867995895,54.04222417358666,3,SYN-ACK,3389,0,-51.7985824756953,user,0.30318055613494366,260.68003397826425,Benign
P000255,UDP,Workstation,On,EU,3,1,2619.27917363186,,150.88917427314072,5,ACK,80,0,-64.56279867791548,user,0.39666724840892315,298.58828890591093,Benign
P000256,udp,Workstation,Off,ME,0,2,4606.326617428009,8077.930182266147,140.98374131376167,6,SYN,53,2,-51.13943637130025,user,0.0819537992104923,309.87204807701244,BruteForce
P000257,TCP,Workstation,On,ME,3,3,6306.225118385357,10792.06637139,159.41303157985385,7,SYN,21,0,-63.76621420398392,user,0.31268427337123944,320.6180407817092,Benign
P000258,TCP,Mobile,Off,APAC,2,2,4330.745560192479,11664.155577034551,130.59859650710854,6,ACK,53,2,-58.71125775129148,user,0.29208826003822425,299.99898243544783,Benign
P000259,udp,Workstation,Off,ME,1,0,6575.176592370037,4995.121532190361,131.01576688256426,7,SYN-ACK,143,2,-42.214952052296624,user,0.3097532600230076,326.4276728340713,Benign
P000260,TCP,Workstation,On,APAC,4,2,5565.185531617245,8220.153079478114,111.3670469135175,4,SYN,25,2,,user,0.030932731589792973,281.0993927678644,Benign
P000261,UDP,Server,Off,APAC,1,1,2891.3890543692974,5899.156890329887,88.56593548020086,5,ACK,3389,1,-72.97482314703072,user,0.25084945687118315,254.87674698575174,BruteForce
P000262,UDP,Mobile,Off,EU,2,2,3192.966388633675,7127.257477656293,118.08277622590622,7,SYN-ACK,443,0,-62.08828461335977,user,0.2704290188429438,286.3248724486231,Benign
P000263,TCP,Server,Off,APAC,1,1,3486.9448469658932,5986.198932269429,133.43146360300847,6,SYN-ACK,443,1,-69.45647121931111,user,0.09073568043269786,286.984904627154,Benign
P000264,udp,IoT,Off,ME,1,0,7017.707349562336,6267.997199432206,91.1376379011518,5,FIN,80,2,-69.71866429674547,user,0.35691467214201433,288.0993854588072,Benign
P000265,ICMP,IoT,Off,US,3,2,4186.548504170483,6503.199058547143,135.58945130143385,9,SYN-ACK,110,1,-52.65694895930501,user,0.15178090345161005,298.9879563763462,BruteForce
P000266,tcp,Mobile,Off,EU,3,4,4193.355804627907,5154.392794898048,83.72735462684298,8,FIN,3389,1,-64.9555553771443,user,0.3890109874701327,252.8420185543117,Benign
P000267,TCP,Mobile,Off,EU,1,1,7208.00569540425,3652.9250874229733,86.40482184631557,5,SYN,143,1,-49.14425263821748,user,0.32879210677171566,267.0792964911383,Benign
P000268,TCP,Server,Off,EU,0,1,7118.817601294779,4243.449463670082,116.69789090531931,2,ACK,443,1,-67.301610873352,user,0.13914423515185814,297.6466342716299,Benign
P000269,,Workstation,Off,ME,2,1,4516.713832016333,6283.614992047798,110.29318763184581,2,FIN,25,0,-66.55556653708842,user,0.09115218158532373,296.55481403551966,BruteForce
P000270,ICMP,Server,Off,ME,2,0,1694.848099277236,1650.5349561057092,166.81068546146855,3,ACK,53,1,-61.47809169353733,user,0.25367939325346717,300.75504548978654,BruteForce
P000271,UDP,Server,Off,US,3,0,3601.5977047764995,6030.103639458248,66.4867638124743,2,ACK,80,1,-56.811183048070276,user,0.25003856886477205,277.53461253960427,Benign
P000272,TCP,IoT,Off,ME,1,0,4192.041797459193,5839.543289720144,87.36658542372547,7,FIN,3389,1,-57.35946807740413,admin,0.0993511210115295,293.1550519322722,Benign
P000273,ICMP,Workstation,Off,US,2,1,3330.758455959495,8078.097097645506,130.2732031514179,7,SYN,25,0,-58.5446540069178,user,0.6465201398225238,306.73341590796883,BruteForce
P000274,udp,Mobile,Off,ME,3,1,4753.2869896053935,9728.3930740857,146.37066927645037,8,ACK,443,1,-65.11411341879749,admin,0.12622977207518413,310.0976950454532,Benign
P000275,ICMP,Server,Off,ME,0,1,5268.400141331809,6082.907703752232,130.9292975338798,7,FIN,3389,0,-70.00983584631285,guest,0.05811574915706106,295.8801622265853,Benign
P000276,TCP,Mobile,On,APAC,3,0,6256.336893573324,2146.922552298318,142.85223094428017,4,FIN,3389,1,-43.83986085559323,user,0.10153392273652646,309.75829647103734,Benign
P000277,tcp,IoT,Off,EU,2,3,7903.901003198729,,129.43066585087786,3,ACK,25,0,-50.60246484993345,user,0.33598715868987916,299.70028783873795,Benign
P000278,UDP,Mobile,On,EU,1,0,5606.056860855517,5934.730390817145,108.41793151753318,5,SYN-ACK,80,0,-61.69857526164472,admin,0.3476637449002808,269.465654988589,Benign
P000279,UDP,Server,On,APAC,5,1,3924.4574416724354,3201.5723004452366,153.96359128949322,7,SYN-ACK,143,0,-67.81664324469845,user,0.12466393883088929,309.49326912640817,Benign
P000280,udp,Workstation,Off,ME,1,1,5180.044504032031,6176.401340949302,107.17590580284359,9,FIN,21,0,-56.18087507575963,admin,0.10665240950139403,291.20915153581,Benign
P000281,TCP,Server,On,APAC,2,3,6403.347707824729,6783.455979704896,73.23436893479679,4,FIN,443,1,-45.72619366884945,admin,0.2741605806744859,244.9374737120394,Benign
P000282,UDP,Mobile,On,US,1,2,5089.561486128256,5059.664604553345,64.74149809976326,5,SYN-ACK,21,0,-74.24072990124708,user,0.34369287667584414,257.28034944228017,Benign
P000283,UDP,IoT,Off,EU,1,0,5322.366082085948,5955.676731262124,134.00486092578356,2,SYN,21,1,-43.843119210629474,user,0.17299210210509147,291.22443034576895,Benign
P000284,UDP,Mobile,Off,US,4,0,3119.829843632457,,135.23487424605847,6,SYN-ACK,143,1,-57.051431962652224,user,0.2669372409819081,316.9337469722879,BruteForce
P000285,UDP,Mobile,On,ME,4,0,5620.003463496101,4257.316991592927,101.90923698208907,6,SYN-ACK,22,0,-41.55444580403965,user,0.4182671987792227,310.7253069445144,Benign
P000286,TCP,IoT,Off,EU,3,0,3691.7439616994316,7156.249028716984,139.30146274385822,9,SYN-ACK,53,1,-58.5122462912632,user,0.1393820577583328,337.00617757443047,Benign
P000287,TCP,Workstation,Off,US,2,0,35226.3360917234,6113.992007797026,82.4998887227951,4,FIN,110,0,,user,0.19568329328925796,285.9955979484613,BruteForce
P000288,TCP,Server,Off,ME,4,2,4921.3636415966,,146.81375764849523,6,SYN,110,1,,user,0.03343413132357305,288.5659002827367,BruteForce
P000289,udp,Server,Off,US,3,0,5173.920116529033,4567.490489521033,63.284792035994336,5,ACK,443,2,-62.568702937152196,user,0.2892715870821402,266.3128301421699,Benign
P000290,UDP,Workstation,On,APAC,0,1,4796.7987550145135,9520.782860080524,67.42748298090471,8,ACK,53,0,-46.03965181749369,user,0.15853166483259296,278.6069469220857,Benign
P000291,tcp,Workstation,Off,US,4,1,8994.081606986829,7101.051570893624,89.60353379072976,7,ACK,25,2,-55.230423944328216,admin,0.3386958535486756,309.03543379655434,Benign
P000292,UDP,Server,On,ME,0,1,5563.792124381753,8034.345793301867,79.35458506240882,5,FIN,110,0,-59.20446737386788,user,0.2930161048484187,303.8671181419161,BruteForce
P000293,TCP,Server,Off,ME,0,1,6629.151099002772,4632.373870911792,91.82799765178223,6,SYN,22,1,-50.83071225771054,user,0.23334381889171563,280.35230523164586,Benign
P000294,UDP,Workstation,On,APAC,3,0,5025.948598604845,,103.60174965549412,1,SYN-ACK,80,2,-55.63967055587973,admin,0.3058524164703451,292.29980729338683,Benign
P000295,udp,Server,Off,US,6,0,6542.039171762467,5050.087744317465,120.34427108909014,6,SYN-ACK,22,2,-52.33430275768918,admin,0.5108938701344421,306.50150387659215,BruteForce
P000296,,Server,Off,APAC,3,1,4800.078368105523,3084.4710571725645,139.20292523679095,12,SYN-ACK,80,0,-57.81762191471394,user,0.48003508422062907,339.5653235934872,Benign
P000297,TCP,Mobile,Off,EU,2,1,6222.308496929109,5232.675259737652,66.18384835138716,4,SYN,25,1,-55.40908420039618,user,0.13907687244851719,284.18762545056,BruteForce
P000298,udp,Workstation,On,APAC,1,1,7624.168171657255,,652.9609483936403,5,ACK,25,0,-63.19774736624592,admin,0.3812872319981401,291.79346060143257,Benign
P000299,UDP,Server,On,US,5,1,3302.7452439923068,5078.4768228998655,125.98436615307897,5,SYN,53,1,-52.686764553188986,guest,0.012517519943992732,261.92530963077945,BruteForce
P000300,TCP,Workstation,Off,EU,5,1,34394.139676106635,4022.2328467188418,77.36382773968873,9,ACK,53,1,-63.111363249795154,admin,0.1996940994413872,275.67911740365446,BruteForce
P000301,TCP,IoT,Off,EU,4,2,4293.881947400634,10305.314171162561,75.273746160879,7,SYN-ACK,25,2,-63.90061436907564,user,0.18118824089695357,283.63230574657126,BruteForce
P000302,ICMP,Workstation,On,APAC,2,0,2521.5128972652637,,113.19207095795572,5,FIN,80,0,-58.84270504239876,user,0.41167758431619644,291.3081945340873,Benign
P000303,TCP,Workstation,On,ME,1,0,5633.569112702872,3951.7208080044816,100.86671791044502,5,SYN,110,2,-49.91585825755183,admin,0.09821170279615847,273.1448564517657,BruteForce
P000304,TCP,Server,On,US,2,2,4682.834781033162,8203.818813501843,56.071374045974764,5,ACK,443,0,-54.098038409253626,user,0.5877372159931914,240.24852266592578,BruteForce
P000305,TCP,Mobile,On,APAC,1,0,4589.75881364133,6122.551450617526,120.1659763318525,3,FIN,3389,1,-66.4875758237,user,0.4014263343929807,274.3025174897807,Benign
P000306,TCP,IoT,On,US,1,1,6368.208895042109,9213.262911632906,116.67573203618535,4,SYN,143,0,-51.58477278837513,user,0.23246744297647107,294.215726314879,Benign
P000307,ICMP,Server,On,ME,1,1,3465.4479258150136,6949.416419244622,167.6384644687076,3,SYN-ACK,143,0,-60.8198052827401,guest,0.2943491590070495,286.8331151695611,Benign
P000308,,IoT,Off,US,0,0,3413.6433732601445,2887.1075839197556,132.75134816057766,4,SYN-ACK,3389,0,-56.872950551679125,admin,0.15479138263024617,307.8035849018488,Benign
P000309,udp,Mobile,Off,APAC,4,3,5657.446113159759,5493.181457385035,124.37888734621036,6,ACK,3389,1,-56.113524602356634,admin,0.10210778631223358,281.18491808393594,Benign
P000310,TCP,Mobile,On,ME,1,1,4371.264365832782,5097.849419933972,101.52325018573215,3,ACK,110,1,-45.80407487259754,user,0.05257254430208998,288.6536329627171,Benign
P000311,UDP,Workstation,On,APAC,1,1,7000.280285269353,4772.234537438417,112.09128551759821,5,ACK,143,1,-63.53540938287517,user,0.5535966485784342,296.86460104763466,Benign
P000312,TCP,IoT,Off,APAC,2,1,2792.0560155203802,9339.498369818528,124.84836367645403,3,FIN,110,0,-65.02600892958218,guest,0.2757066297585823,269.71571039333946,Benign
P000313,TCP,Workstation,On,EU,2,0,8369.870154262353,4850.438385009839,105.85189353741184,5,FIN,110,1,-66.93192693059741,admin,0.36764386579245706,289.418328703506,Benign
P000314,TCP,Server,Off,EU,0,1,6061.472789323227,7220.343790487959,142.42031302565061,10,SYN-ACK,443,0,-50.51765849793089,guest,0.3972735504655316,314.7845770208115,Benign
P000315,TCP,Workstation,Off,EU,4,2,3083.311120910731,6686.431286599502,106.27893824138599,5,SYN,53,1,-75.82952116939666,guest,0.17538351995934545,264.38725073149703,BruteForce
P000316,TCP,IoT,On,US,1,3,5680.209096615108,8769.083224298209,84.75266786584595,5,SYN,22,2,-62.90752598276351,user,0.6270819946325455,277.1353332428467,Benign
P000317,UDP,IoT,Off,APAC,3,1,4445.441906949496,8685.808058293329,149.67034406167554,7,SYN,53,2,-63.66429735473748,admin,0.19727035863016484,289.77356549072806,Benign
P000318,UDP,Mobile,Off,EU,2,1,3636.4793543529913,2345.386322863675,87.8755009901418,5,ACK,25,2,-60.394058803551445,admin,0.08864931514435953,273.6044236579105,Benign
P000319,TCP,Workstation,Off,APAC,3,3,6260.389050802292,,118.39376796643991,6,SYN-ACK,3389,1,-41.98313847379285,user,0.20911641234213224,302.1316568887603,Benign
P000320,TCP,Workstation,Off,US,5,1,3634.249765889373,7054.112750317108,118.6582004593248,2,SYN-ACK,110,1,-58.536576522621644,user,0.12076423549050384,280.11595013035134,BruteForce
P000321,UDP,Workstation,Off,EU,1,1,6129.675007011485,5717.51554502388,112.1615308797505,11,FIN,53,2,-50.33056560241644,user,0.19879881306379818,297.15895675604173,BruteForce
P000322,TCP,Workstation,Off,EU,2,0,7213.4089376200045,5512.539637327337,88.12945757385853,3,ACK,53,1,-56.09043401485095,user,0.20527021155721897,271.7731116439996,BruteForce
P000323,TCP,Server,Off,US,2,2,6452.43943807072,8887.061164871155,145.29916718934848,5,SYN,25,3,-57.83271064577234,admin,0.2937607221395841,339.22153895647557,Benign
P000324,TCP,Workstation,On,APAC,2,0,6065.552390070415,2818.6137149659107,147.26155854296957,7,FIN,53,0,-73.38283665052515,user,0.35590279972504646,292.1898187728373,Benign
P000325,TCP,Workstation,Off,US,3,0,4466.113352094127,,154.79491787633634,6,SYN,22,0,-42.402779234448374,admin,0.5058999315050999,318.48254057765195,BruteForce
P000326,udp,Server,Off,APAC,0,1,5359.392685641873,4155.752537034654,144.22587797120943,4,SYN-ACK,25,0,-72.03022910119203,user,0.25786332833526454,305.8153570999525,Benign
P000327,TCP,Workstation,Off,EU,1,2,4735.911696915926,2792.529602332563,100.82695482799011,4,SYN-ACK,22,2,-55.394697740783634,user,0.42778041290960594,264.9622434604007,Benign
P000328,,Workstation,On,EU,3,0,5421.051591775896,7990.03003424989,74.85776984830383,4,SYN-ACK,80,0,-52.8821632166759,user,0.2882583568928841,286.05940123347165,Benign
P000329,TCP,Workstation,Off,ME,2,1,8251.077973484797,6874.147960979481,159.37070170030245,2,FIN,143,1,-45.98078638141338,user,0.3410590862427777,330.6529964495317,Benign
P000330,TCP,Mobile,Off,APAC,1,0,5468.488510160008,,97.55368013724703,2,SYN-ACK,3389,1,-77.58094249095136,user,0.3406285771434547,256.17994881611077,Benign
P000331,UDP,Workstation,Off,ME,2,0,4481.1258189941145,11136.2489183095,58.90555529129108,4,SYN,53,1,,admin,0.10855725469214794,268.0647567051081,Benign
P000332,ICMP,Workstation,Off,APAC,1,0,3907.3835462885518,4887.47106432338,155.06618040822673,8,FIN,21,0,,user,0.33828964475434287,321.0326971059085,BruteForce
P000333,UDP,Workstation,Off,APAC,2,1,5761.654874402634,4365.450408938488,76.33429902157796,6,SYN-ACK,3389,1,-61.03718029741117,admin,0.1942535702826155,280.1209717007595,BruteForce
P000334,ICMP,Workstation,On,US,0,2,4435.817053553912,5035.47644526768,155.00204949248143,7,FIN,25,0,-67.63999523817814,user,0.13089559987985383,320.07541686752177,Benign
P000335,UDP,Mobile,On,ME,4,1,7983.310904810996,4840.587502510813,105.124331167344,3,SYN-ACK,22,1,-57.038307532778504,user,0.4743182542332129,277.20591910639405,BruteForce
P000336,UDP,Workstation,Off,US,2,1,4019.03231188623,7453.008940463695,89.34598160572112,4,FIN,110,0,-53.28857161129656,user,0.2094517755973323,244.521777496832,Benign
P000337,TCP,Mobile,Off,EU,2,0,6455.818108806554,4544.386947799967,155.4325518695157,4,SYN-ACK,25,0,-66.77851244104957,user,0.20855295965044257,333.7093698624499,Benign
P000338,TCP,Workstation,On,US,2,1,3876.4432881241205,3865.127137715621,158.01547372062618,5,SYN,25,1,-49.99388495697197,guest,0.21563314185659882,327.0128072437172,Benign
P000339,UDP,IoT,Off,EU,3,1,6742.652518587612,8130.589014989564,115.91358180179141,14,FIN,22,2,-55.276564106796194,user,0.29867918918762115,310.2995509457448,Benign
P000340,,Workstation,On,ME,2,0,3921.3984832790293,8312.785944088202,129.6716964942939,4,FIN,443,0,-64.082090827612,user,0.3925647491753241,283.09275339521827,Benign
P000341,ICMP,Workstation,Off,ME,4,0,3502.4316747030434,9519.92470446452,150.03757054841188,4,ACK,110,1,-63.0723524903506,user,0.14706380177975534,295.94591520588233,BruteForce
P000342,UDP,IoT,On,APAC,3,0,5480.279856523359,5790.005089553528,134.21772478484849,7,FIN,110,1,-59.49398298994693,user,0.22352175293080043,328.09966693998575,BruteForce
P000343,TCP,Workstation,Off,EU,2,3,4919.821331695131,4992.021224623688,80.5117329579305,5,SYN-ACK,21,1,-76.77111295747557,user,0.2808841786159166,298.7712736051458,Benign
P000344,ICMP,Workstation,Off,US,0,1,2398.7849115712384,5791.33327443712,96.47377525068003,6,SYN-ACK,21,1,-66.42689390269796,guest,0.3733372009018146,289.1355898761449,Benign
P000345,TCP,Mobile,On,ME,0,2,2782.196940001358,4236.479933952057,108.41024329841389,3,FIN,53,0,-54.46808780910112,admin,0.258999356695941,258.6000144783914,Benign
P000346,tcp,Mobile,Off,EU,5,3,4974.257496335899,8334.843415667281,87.32987054048189,11,SYN,21,1,-56.73906296900795,user,0.6845767448138986,265.2196496021829,Benign
P000347,udp,Server,Off,US,0,0,4689.884840194982,5310.141766016371,97.94849368122652,5,SYN-ACK,22,0,-60.33502630222166,user,0.46020980794711436,297.6443927767157,Benign
P000348,TCP,IoT,Off,ME,1,0,2560.3573243327032,4951.10125973343,81.37006362207535,8,SYN,21,1,-69.33535226958023,user,0.46851314984833853,263.56470881500667,Benign
P000349,UDP,Server,On,US,3,1,1751.2826953162216,,163.61132152151146,6,SYN-ACK,80,0,-72.27883336961901,user,0.5292140279336413,282.0783059086639,BruteForce
P000350,UDP,IoT,Off,ME,3,0,5971.180848710783,4696.493954235062,104.10982711356993,4,SYN,53,2,-69.84578832232383,admin,0.2963821718658619,280.73901550245125,BruteForce
P000351,TCP,IoT,On,EU,1,0,5261.043207776639,5669.516016349271,154.4627415559722,6,ACK,443,1,-43.91383947346712,admin,0.1325928015711246,330.20182119164645,Benign
P000352,TCP,Server,On,APAC,2,2,6236.598746601068,9158.535137201932,153.3400053459842,2,ACK,22,2,-62.385336503538625,user,0.19652248881941015,276.1803856702404,Benign
P000353,,Workstation,Off,ME,4,1,5045.00980463037,4663.680513002494,115.1153072729926,6,SYN,80,1,-67.30606826546108,user,0.18136703310281574,309.2423917948159,BruteForce
P000354,UDP,IoT,Off,EU,3,1,4180.096519327287,6640.3339510101,137.66595681478105,4,ACK,22,2,-67.50262487680573,user,0.4579974554963383,279.2581849088041,Benign
P000355,TCP,Server,On,APAC,2,2,3379.6761253282143,,137.04986656522743,5,FIN,21,0,,user,0.36994262198352384,283.10291194288664,Benign
P000356,udp,Mobile,Off,ME,1,1,1905.9053168816554,7344.745237358588,155.8949237102921,2,ACK,53,0,-45.94343951122036,user,0.2327371161607022,287.19809705429685,Benign
P000357,tcp,IoT,Off,US,3,2,3066.950624956751,7424.281878574223,124.0577444784249,3,FIN,21,2,-57.219287718796345,user,0.5626109876739823,293.9024840451345,BruteForce
P000358,TCP,Workstation,Off,EU,1,0,4510.451350759956,,131.5837396708819,7,FIN,22,0,-47.85477438998054,user,0.3999566219884291,303.31586870580037,Benign
P000359,UDP,Mobile,Off,APAC,3,0,3636.1045104929035,5800.216883007286,131.25855296720997,6,SYN-ACK,80,2,-70.16658182295205,admin,0.162613408254637,303.7449358974728,Benign
P000360,tcp,Workstation,Off,EU,2,0,4699.113730313532,7321.561293739457,70.57717571481689,6,SYN,21,1,-57.06815266115606,admin,0.084455911947875,275.394832468665,Benign
P000361,TCP,Workstation,Off,APAC,2,0,4374.837990301079,3070.5679877231446,131.1987062650571,5,FIN,3389,1,,user,0.05822544707251964,289.419197612618,BruteForce
P000362,UDP,Server,On,US,3,3,4897.258468122308,4613.348470191892,148.04306405204204,6,SYN-ACK,143,1,-73.1995553095428,user,0.17054443348948334,318.03800644868386,Benign
P000363,udp,Workstation,On,EU,2,0,4487.09434554841,5456.398994614804,138.82527844168519,4,ACK,3389,2,-69.85505665733497,admin,0.48086902704969386,313.45527107033433,Benign
P000364,UDP,Mobile,Off,APAC,2,2,6439.7619058361815,4221.790902668645,142.49778022916138,5,FIN,3389,2,-58.77912057564711,user,0.5430225781775558,310.912345231827,Benign
P000365,TCP,Server,Off,ME,0,1,4067.5492351334924,,104.49598579750008,6,SYN,80,1,-66.71870850514321,user,0.17607640447200687,251.14868063230026,Benign
P000366,udp,Workstation,Off,US,3,1,7642.323237595223,4632.812972282731,89.55488894154068,2,FIN,21,1,-53.35202775795711,user,0.3059461546062962,309.61162551786873,Benign
P000367,TCP,IoT,Off,APAC,3,0,5839.319513443872,4190.713161234995,127.42897708548126,6,SYN,143,0,-46.317049423631566,admin,0.09021573718455231,312.9410991268367,Benign
P000368,TCP,IoT,Off,EU,4,1,6761.193623546651,,109.73933891820195,4,FIN,80,0,-60.56929125477852,user,0.14768629093845295,281.4593921635356,Benign
P000369,udp,Workstation,Off,EU,1,0,7740.533328637102,2772.240735238179,114.3715528055373,3,SYN-ACK,21,0,-58.87540351935621,user,0.11576127439007833,283.7123549258364,Benign
P000370,TCP,Mobile,Off,EU,3,1,5157.817648981639,5139.956296722109,99.52329792169803,10,SYN-ACK,143,2,-53.69269337434364,guest,0.38039916763679443,272.0008486589686,Benign
P000371,TCP,Mobile,On,US,1,0,5284.961401060222,10653.067963625785,124.34658020734459,4,FIN,143,2,,user,0.15434669944554508,309.7811108442491,BruteForce
P000372,ICMP,Workstation,On,ME,2,2,6179.7874363866085,4972.689378113766,127.84226452466366,3,FIN,22,0,-47.10087268988781,user,0.06068219475669714,285.50068893194265,Benign
P000373,TCP,Mobile,Off,APAC,3,3,7643.169845871045,4099.326782805786,151.35347883398242,5,FIN,143,2,-72.8459586085691,user,0.08259913407453867,297.0660674159429,Benign
P000374,UDP,Server,Off,APAC,0,0,6144.775879853391,9610.531008761025,156.38906756148714,3,SYN,143,1,-61.94342740910199,user,0.11891107491768817,317.83214698678285,Benign
P000375,udp,Server,On,EU,2,0,3491.252351847198,,126.08109074275032,7,SYN-ACK,443,0,-52.60633362860797,user,0.3122974859690589,297.5244181961689,BruteForce
P000376,TCP,Workstation,On,APAC,2,1,4864.482029197943,,127.28112702264387,5,SYN-ACK,110,1,-55.64871787603396,user,0.34009329422324963,305.83597112515463,Benign
P000377,TCP,Workstation,Off,APAC,1,2,6579.5974894711535,7304.674659021039,105.08416762654305,5,FIN,21,0,-72.91651841456935,user,0.7246008885713202,334.72968654047105,Benign
P000378,,IoT,On,EU,3,2,4013.0970693808863,6736.852535553197,96.80987689218591,6,ACK,21,3,-72.13704375247872,admin,0.5580244031217557,287.60849531171147,BruteForce
P000379,udp,Mobile,Off,EU,3,0,5220.61077435902,1142.9355022934624,59.364164176315256,5,FIN,25,2,-51.29959356432009,user,0.6963743854571708,261.8916738800405,BruteForce
P000380,udp,Workstation,Off,ME,1,3,5706.817283926168,7342.728416060716,92.98702640836979,3,ACK,22,3,-71.56932954087736,admin,0.20483149858692168,281.6714469265565,BruteForce
P000381,TCP,Mobile,Off,APAC,2,0,1476.5655999906926,6473.834499662271,178.61133343221158,5,SYN,80,0,-65.11921883529979,admin,0.47521513263721316,314.6132550990752,Benign
P000382,TCP,Workstation,Off,APAC,6,1,5139.532386972459,8383.991875932374,73.75549577982872,4,ACK,443,0,-63.20653507588831,admin,0.07953693117636003,293.52957093517625,BruteForce
P000383,,Mobile,Off,APAC,3,1,5624.9325117274075,,109.0543123969995,6,SYN-ACK,21,0,-41.92992919598295,admin,0.5122267001200297,282.6972652535522,Benign
P000384,UDP,IoT,Off,US,4,1,2145.6701177928608,5175.048459252242,60.22930940144368,1,SYN,443,5,-74.3436097292321,user,0.21498808747601905,277.3534742316688,Benign
P000385,tcp,IoT,On,EU,4,1,4948.684494943707,2296.789252831211,97.07591452193283,6,SYN-ACK,443,0,-52.13227442020716,user,0.07188130534849725,271.06507611970375,Benign
P000386,UDP,IoT,On,ME,3,0,4892.498260864403,7079.037831196832,150.67063302580237,2,FIN,3389,1,-53.166404796459275,user,0.16912304357986,301.8991312606482,BruteForce
P000387,ICMP,Mobile,Off,ME,1,3,3434.7715022708107,6522.372837653288,136.75547427809008,3,SYN-ACK,443,1,-62.97413186170677,user,0.4147418123411454,266.47944671571815,Benign
P000388,ICMP,Workstation,Off,APAC,1,0,5052.92854186803,4807.832854157718,109.78086708424134,7,FIN,21,1,-36.48658913750076,user,0.4817808586504984,292.0702475878957,Benign
P000389,TCP,Mobile,Off,EU,2,1,7027.853692517756,3494.434762544019,140.46701623489105,10,SYN-ACK,443,2,-65.13090690681099,user,0.397870739970632,327.8191289226719,Benign
P000390,TCP,Workstation,Off,EU,1,0,3160.8316972880557,6779.70560630777,103.82356388293006,1,SYN-ACK,25,2,-73.9751615538988,user,0.3398797436693339,266.0957948122022,Benign
P000391,TCP,Mobile,Off,APAC,1,3,5878.279359896698,5019.694247591931,125.48563636847027,5,SYN-ACK,143,1,-65.83638334103243,user,0.2617405020868441,312.5063502125973,Benign
P000392,UDP,IoT,Off,APAC,2,0,3069.1153173738758,6357.6849631594605,94.0681490981974,9,ACK,53,0,-51.55431857598624,user,0.23822110339357258,269.3453378605533,BruteForce
P000393,UDP,IoT,Off,US,2,0,5953.184579469827,5752.1194365679685,127.57550734824169,8,SYN,53,1,-80.4587716440088,user,0.41534044496296946,333.3249621899288,BruteForce
P000394,udp,Server,Off,ME,1,0,7196.309894131198,5030.5305839197945,186.24074988889836,5,SYN,21,0,-59.18636807507788,guest,0.32534659200636656,328.00169882982124,BruteForce
P000395,TCP,Workstation,Off,APAC,5,1,7306.495110641221,8621.717085036373,91.6406700070599,5,ACK,80,1,-51.41397156706323,user,0.45168942357845915,278.66773487512523,Benign
P000396,TCP,Mobile,Off,EU,1,3,4278.156138211884,3218.2175713502934,115.40595451394746,4,FIN,53,1,,admin,0.06501039157399313,304.87521400571035,Benign
P000397,TCP,IoT,Off,EU,8,1,4476.626506527436,4267.356025579256,139.11592979820648,6,SYN,110,1,-61.740257360242815,admin,0.22743127862102555,309.74388227433604,BruteForce
P000398,TCP,IoT,Off,ME,4,1,1203.4523806498055,5729.651016219548,163.73458943202039,6,FIN,143,2,-86.78111089568921,user,0.283326299301281,299.58086644129264,Benign
P000399,TCP,Server,Off,ME,1,0,4940.749980699468,6108.210868403695,114.94764428988037,3,ACK,3389,1,-58.08623583526798,admin,0.17136516194353707,283.2791490167195,Benign
P000400,UDP,Workstation,On,ME,3,0,7030.0859796878085,8171.538222957126,110.30415870119104,4,FIN,22,1,-52.961373523191334,user,0.5937543670637965,310.00227676286454,BruteForce
P000401,TCP,Mobile,Off,APAC,4,0,4966.55787563438,,154.83310024352963,6,FIN,443,0,-71.47116718492326,guest,0.1044265702271039,317.14807205490155,Benign
P000402,TCP,Mobile,On,APAC,5,1,5861.190198346096,6523.890959925626,134.72531902691097,5,SYN-ACK,3389,2,-47.85256955873518,user,0.16793431996207242,295.943927598984,BruteForce
P000403,TCP,IoT,Off,US,2,1,4615.279983751819,8076.496792185368,55.43052922966538,6,SYN,443,0,,user,0.18265310477611307,240.9941462898401,Benign
P000404,tcp,Workstation,Off,EU,1,0,4271.3705393244145,7554.062470199691,121.064205967388,6,ACK,80,1,-37.20235409598884,admin,0.20562048055079804,309.6116930365934,Benign
P000405,udp,Workstation,Off,APAC,2,0,4449.512857708,3761.0753893398364,118.55060266848723,3,FIN,3389,2,-67.02168280567416,admin,0.23751235108160146,291.7730864681739,Benign
P000406,TCP,Workstation,Off,US,0,0,4955.128539899207,5951.486050648065,97.12888591158216,3,SYN,143,2,-69.94049040986931,guest,0.22973216357018914,272.845288083933,Benign
P000407,udp,IoT,On,EU,1,0,5256.260253968086,6594.599248582898,116.85570784547495,6,SYN-ACK,25,0,-66.55114433907072,user,0.578182670930794,280.72672421186877,Benign
P000408,TCP,Server,On,APAC,2,1,3268.633318541545,6394.3454102422165,119.3792943819531,3,SYN-ACK,53,1,-49.4173428040848,user,0.5270470464433561,296.98232503470064,Benign
P000409,udp,Mobile,Off,APAC,2,0,7320.720628348119,6757.308055408903,59.293835801894126,6,SYN,443,2,,user,0.2018537015826509,271.92953823787224,BruteForce
P000410,ICMP,IoT,Off,US,1,1,4831.929741782627,6920.176289413058,165.69208053647338,4,ACK,53,1,-49.92013340666631,user,0.16979038061696566,317.5205327428523,Benign
P000411,TCP,Workstation,Off,ME,1,0,5872.834490851251,5277.3450915914,127.33365937973551,2,SYN-ACK,53,0,-54.40789658179021,user,0.09372911457162085,319.1428678733198,Benign
P000412,UDP,Workstation,Off,EU,3,0,4567.253012724443,8025.307304182394,156.4016162150649,2,ACK,443,1,-79.18933390865767,guest,0.4735193130667705,307.2898684350283,BruteForce
P000413,udp,Workstation,Off,US,2,0,5729.968618174985,8600.146447603722,66.25945210308956,6,FIN,443,0,-70.76879720767481,user,0.3140887251907863,275.93003756868524,Benign
P000414,tcp,IoT,Off,EU,3,1,5403.157204695429,8242.679233733195,64.85693639996472,5,SYN,25,2,-62.08188026134876,user,0.16242804489943657,284.7836345869041,Benign
P000415,ICMP,IoT,Off,APAC,2,2,5097.84291803821,9132.441680053205,192.55820058396725,9,SYN-ACK,110,0,-38.075011409443235,user,0.28280463249202903,328.4812595195148,Benign
P000416,TCP,Server,On,ME,1,1,5969.205889569367,8805.668941305417,80.97978312780302,8,ACK,22,1,-63.04495454939032,user,0.16501640750571275,290.32111679781093,Benign
P000417,udp,Workstation,Off,ME,4,1,7413.7684766675775,6444.7890054324125,159.42007797009165,2,SYN,22,0,-59.408645198438286,user,0.22929719548506114,295.28627403157196,Benign
P000418,TCP,IoT,On,ME,1,0,7037.9580592956245,8716.72109303371,138.59397614718864,6,ACK,443,2,-45.83161250531182,guest,0.1515996261528208,287.57289490619877,Benign
P000419,tcp,Mobile,Off,APAC,4,0,3473.664618805671,7048.238052290723,118.75062586552556,6,FIN,25,2,-48.05355676826592,user,0.38433669068116966,289.9206502616088,BruteForce
P000420,TCP,IoT,On,APAC,2,2,4723.202925859634,5866.77622859752,105.92518478813213,8,SYN-ACK,143,0,-54.66062250082814,guest,0.20652645374471823,294.24575090708055,Benign
P000421,TCP,Mobile,On,ME,3,0,6453.545899919236,2711.200997389544,152.70698478559132,13,FIN,80,2,-54.1151866586122,user,0.19390175068820611,348.6845030231683,Benign
P000422,TCP,IoT,Off,US,1,0,5595.383871575132,3646.014975340034,167.21260107775737,5,ACK,53,1,-62.42800420401855,admin,0.34060121844452823,325.75251954204845,Benign
P000423,TCP,IoT,On,ME,1,1,4820.053216508368,5657.728530205911,150.68159205278627,3,SYN,443,1,-53.98167861748273,user,0.3603429801390112,296.23113094444477,BruteForce
P000424,udp,IoT,Off,US,4,2,6462.766349747246,4364.139076496224,121.32283776224365,4,ACK,25,0,-46.460890672619826,user,0.25943211685527967,291.1509814278203,Benign
P000425,UDP,Workstation,On,US,0,0,2573.264158400343,5430.669018476612,186.3066694314978,5,ACK,143,0,-75.26996879813,user,0.46767854538044684,336.4734391232045,BruteForce
P000426,,Server,Off,APAC,2,1,4503.170820798973,6646.280345751783,172.25349240708402,3,SYN,21,1,-63.93054384537169,admin,0.45657376383427567,310.4299680604899,Benign
P000427,UDP,Mobile,Off,US,2,1,5002.388669757371,4938.742199654411,128.19218301274844,7,SYN,21,2,-59.610992192972624,user,0.3973962553554416,308.37356647353056,Benign
P000428,TCP,IoT,Off,EU,2,0,5318.029825420078,1921.9277551964897,122.1747470998357,3,ACK,21,2,-40.187295788579696,user,0.7251798716989543,324.3334893697777,Benign
P000429,UDP,Mobile,Off,APAC,3,1,5596.829142034983,9311.313208434292,75.54246968974309,5,ACK,53,0,-72.6738585984557,user,0.10569941406317192,279.9916415394926,Benign
P000430,UDP,Server,Off,EU,3,1,21533.600893176867,8167.33264158597,121.77195897943714,4,SYN-ACK,80,1,-48.65675318005688,user,0.19340915663415198,266.85539402408097,Benign
P000431,TCP,Mobile,Off,ME,3,1,5192.951164453563,9173.07917156213,137.917424835234,7,ACK,80,0,-69.1217284024788,user,0.19551592084549002,304.717385815257,BruteForce
P000432,tcp,Server,Off,APAC,0,1,5575.785915745514,6387.752724357692,95.28749732463157,6,SYN,80,0,-48.91144249196702,user,0.7921411429069424,254.39848460155503,Benign
P000433,TCP,IoT,Off,EU,5,1,7771.81476924464,2365.912190722989,117.8317056252683,4,ACK,25,2,-51.42050663405599,user,0.22107854916198602,311.1730313812844,BruteForce
P000434,TCP,Server,Off,US,2,0,5497.192872504785,7822.860263711715,162.2487404956272,7,ACK,21,1,-62.965938763884296,admin,0.0373462682870361,332.9338179942724,Benign
P000435,,Mobile,On,ME,3,0,3557.939313853384,6765.146888258818,130.56132886570504,3,SYN,143,1,-71.87529327872515,guest,0.4054087022208661,277.467292963072,Benign
P000436,TCP,Workstation,Off,EU,1,0,5561.197215913492,,138.90112111491266,9,SYN,22,1,-58.20424169218976,admin,0.3861161067322833,307.60146610669034,Benign
P000437,,Server,Off,ME,2,0,5634.747384557687,5199.734562125517,134.1433595025715,10,SYN-ACK,53,0,-51.45132992218817,user,0.3554313973012666,344.0536320377589,Benign
P000438,TCP,IoT,Off,US,1,2,5597.490525072618,5861.088368178744,135.87549324510388,5,SYN,80,0,-58.24730705069132,admin,0.03532563076714178,306.81678376934764,Benign
P000439,UDP,Server,On,ME,1,2,4956.535014629701,5145.701778805089,159.78600388326657,2,FIN,25,2,-58.2897830176548,user,0.03557970644337385,279.9882453415578,Benign
P000440,udp,Mobile,Off,EU,2,4,3853.261687538289,7567.508034327132,142.51298709061214,3,ACK,443,1,,user,0.38292466003849673,288.6466281758992,BruteForce
P000441,udp,IoT,On,US,1,0,5420.449057313326,6916.324972460734,134.06639820277815,5,FIN,25,2,-47.49577204338821,guest,0.22300478178855265,289.59204866729846,BruteForce
P000442,udp,Mobile,Off,US,2,2,3058.9312806313415,2879.882067610134,89.183865429828,0,ACK,110,1,-81.92601819204192,user,0.4902268473217719,250.97544291913744,BruteForce
P000443,,Mobile,Off,ME,4,1,7788.357364093399,6898.7988229893745,96.76095675052056,4,ACK,21,1,-47.791984415306665,guest,0.4038311505728197,277.01520019875875,Benign
P000444,,Mobile,On,US,4,0,8208.19347950824,6977.18700801403,111.25081036585937,5,SYN,3389,1,-48.98671731957785,user,0.19838740292137835,292.2889054881064,BruteForce
P000445,TCP,Mobile,Off,APAC,1,0,7948.454580859752,4845.093126820804,82.94129167921707,3,FIN,143,0,-59.13380620759283,admin,0.28752930120182796,285.8009530732648,Benign
P000446,TCP,Workstation,Off,US,0,2,3732.8083371742932,5230.954216344468,165.2293900442127,1,FIN,80,2,-57.56078620910785,user,0.3276884497204231,286.5554445742449,BruteForce
P000447,ICMP,Workstation,On,APAC,3,2,3764.8985300072413,6981.876275840262,92.07536485948145,4,FIN,21,1,-73.05972130944701,user,0.16814250557620247,247.8584855691223,BruteForce
P000448,udp,Workstation,Off,EU,4,1,5084.7465340313065,7115.795354207935,169.6355191774506,2,ACK,443,0,-56.149651341425184,user,0.264013345959545,321.6002508984275,Benign
P000449,TCP,IoT,Off,EU,2,0,5000.896319409499,6631.719289391607,85.27103151437282,9,ACK,143,0,-66.6390353711289,admin,0.44321137122300386,313.07764568440507,BruteForce
P000450,udp,Workstation,Off,US,6,0,6117.368741483304,3853.1373999117764,105.99410463048036,7,SYN-ACK,25,1,-80.64325018601616,admin,0.2096780460505602,276.34284897141777,Benign
P000451,ICMP,IoT,Off,ME,2,0,3866.931916843906,8239.550642549328,80.97648390548622,7,SYN-ACK,21,1,-48.331529142938976,user,0.27925702506544897,254.6497969511448,Benign
P000452,,Mobile,Off,US,2,0,6969.274233938917,7358.262102073967,92.28213503748947,5,SYN,22,1,-52.20331248781627,guest,0.21579320094112844,301.1195593669036,Benign
P000453,TCP,IoT,Off,US,3,0,3438.001610691176,5331.285849722294,99.66609092283204,1,FIN,53,2,-43.36815147941356,user,0.43748485314286467,265.41624635301235,Benign
P000454,UDP,Workstation,Off,ME,1,0,6411.614090669044,4959.313082679194,121.3495821531538,7,FIN,25,1,-53.113570318365674,user,0.6099045424086867,305.23718104161065,Benign
P000455,,IoT,Off,ME,2,2,8059.5013340921905,6954.50541699236,118.96808880421212,9,SYN-ACK,143,1,-46.850293361538704,user,0.21702615990587198,295.6543914908773,Benign
P000456,udp,IoT,On,APAC,4,0,2014.1463721436426,8608.89964360141,105.15956953676053,6,FIN,143,1,-58.48875313852983,user,0.18169811236614958,292.49862746215723,BruteForce
P000457,TCP,Workstation,On,EU,2,1,3781.7584730469353,5280.9260121270445,118.8334160509851,6,ACK,110,1,-60.53178657285987,user,0.15073742428034487,301.52477396784866,BruteForce
P000458,TCP,Workstation,Off,US,2,0,4549.299434410178,5609.127606837642,120.4962895545718,6,SYN-ACK,143,0,-44.72914097526594,guest,0.5041750121727725,272.19473037061744,Benign
P000459,TCP,IoT,Off,US,3,3,4897.743285817047,6717.02263794086,202.99334923887096,4,SYN,80,0,-39.38160286542675,admin,0.18973594879891248,331.01971843312657,BruteForce
P000460,UDP,Mobile,Off,ME,6,4,7689.859138519535,5993.4956482846455,121.9630414182786,7,SYN,53,0,-68.68024768455793,user,0.10640524424947866,296.02626894565117,Benign
P000461,udp,IoT,Off,EU,1,0,4307.532685361733,5845.958121149723,116.34937625362063,6,FIN,80,1,-58.80896600881979,admin,0.21491839462864304,304.6350866698968,BruteForce
P000462,UDP,Server,Off,ME,1,0,5357.651059341124,5294.195507491382,122.43522268691729,5,ACK,3389,1,,user,0.3358447648151316,305.83257974086996,Benign
P000463,TCP,Mobile,Off,ME,2,0,6849.3400701558785,7332.228393593428,73.19958179616651,6,FIN,21,1,-45.58091642625297,admin,0.1882003297913545,286.17801563907665,BruteForce
P000464,TCP,Workstation,Off,ME,1,1,4633.0128744360145,3971.100032325564,97.13737536854829,8,FIN,22,2,-56.43807478460128,user,0.20056553650079928,285.3766298863483,Benign
P000465,TCP,Workstation,Off,ME,3,1,5535.279019230042,7958.503100725249,63.47761034543136,5,FIN,22,1,-63.07282627025775,admin,0.4770111963136392,244.9072881075596,BruteForce
P000466,TCP,Server,On,APAC,2,2,5494.791138304073,8573.211318962487,129.42334348983024,6,FIN,53,2,-59.68824885290072,user,0.17176291855888887,302.66675161007885,Benign
P000467,ICMP,IoT,Off,US,3,2,5606.13685457338,3993.604912528469,134.2684428811968,3,ACK,443,0,-59.88322775141692,user,0.05992194566270842,310.53139514571245,Benign
P000468,TCP,Server,On,APAC,0,0,6666.843475161142,8665.069663590022,95.15472089332596,2,ACK,80,0,-53.29364827547718,user,0.18678645444877304,307.1574315238169,Benign
P000469,tcp,Server,Off,ME,2,3,4195.15038114301,10724.780844963003,120.88271242433977,7,FIN,53,2,-56.69612117836206,user,0.281414664664139,302.8301356249418,BruteForce
P000470,tcp,Server,On,EU,1,0,7276.015844374456,7611.108141070557,145.38775767443556,3,SYN-ACK,110,1,-37.58445928811415,user,0.32103919358754723,308.5115615499906,BruteForce
P000471,TCP,Workstation,On,APAC,1,1,5710.529657357293,3265.080059609551,560.6434406919759,6,ACK,110,1,,admin,0.2656843351551328,277.7773437621407,Benign
P000472,UDP,Server,Off,US,3,0,5274.188810016153,6365.068260341704,124.88247930763627,5,ACK,22,1,-66.087030594682,user,0.5381771232621724,288.91240599512895,Benign
P000473,UDP,Workstation,Off,APAC,2,1,4677.495683307116,8330.849638267666,120.06299948711289,5,FIN,25,1,-64.49642012644037,guest,0.13222615343913172,309.7343827123516,Benign
P000474,UDP,Mobile,Off,ME,4,0,5117.87039800731,6569.190074405625,137.79363036044953,2,FIN,53,1,-67.57151128272417,user,0.022071542917415744,300.2116177606175,Benign
P000475,UDP,Workstation,Off,US,0,0,6398.878104133749,6864.245327971039,168.97515849323176,6,SYN-ACK,110,1,-59.419303465778626,user,0.09016517312348811,344.709388018352,Benign
P000476,UDP,Mobile,Off,APAC,2,1,6245.265527231567,9154.422304907604,170.57698788079878,3,SYN,22,3,-61.15779501767573,user,0.37932689719561774,301.5247620076891,Benign
P000477,TCP,Server,On,APAC,0,1,2950.580676525727,,79.15579852542646,6,ACK,443,3,,user,0.17521507915841555,249.078114778643,Benign
P000478,TCP,Workstation,Off,APAC,0,2,5851.8482724313435,,124.89162642641136,8,FIN,443,1,-56.47692458543753,user,0.20164423333501746,289.1977482045771,Benign
P000479,UDP,IoT,Off,US,4,0,4774.777063802778,4015.8882616892524,123.79701915369948,7,SYN,143,0,-67.42348458156381,guest,0.2627593767032082,318.4169027024873,BruteForce
P000480,UDP,Mobile,Off,ME,0,0,3931.7461599458293,7271.121815833611,61.86067539028422,4,ACK,21,1,-66.57851788821328,user,0.11314205877349659,267.2797822225276,Benign
P000481,TCP,IoT,Off,US,0,0,2808.3481203756037,6381.921662584438,138.65153790910097,6,FIN,53,2,-61.481531661572674,user,0.32634575029169194,308.6736122452326,BruteForce
P000482,udp,Mobile,Off,ME,2,2,8564.326349739347,4608.665327515546,90.21317834919724,9,ACK,3389,1,-69.50282336450718,admin,0.5527832868241268,288.683461249326,Benign
P000483,udp,Server,Off,ME,2,0,6780.865511880618,5354.291063721109,159.709802460763,6,SYN,110,1,-59.88361075678022,user,0.3382159112431407,333.1292699728604,BruteForce
P000484,UDP,Server,Off,EU,2,1,5515.381540264539,8131.666971802942,136.82415399430602,5,FIN,143,3,-51.372303967821104,guest,0.2730509301155537,327.39084125060316,BruteForce
P000485,TCP,IoT,On,US,3,1,5618.146954737108,9393.034005378837,135.49178301721966,5,SYN,3389,3,-67.41901543115937,admin,0.18223955581232262,305.16622977846293,Benign
P000486,TCP,Server,On,APAC,1,1,5488.318622966705,,94.9217559083777,4,FIN,110,1,-75.48872401545995,user,0.24473667453726972,277.63679841300774,Benign
P000487,TCP,Mobile,On,ME,3,0,1385.9281926761887,6537.975664097657,146.06905248305512,2,ACK,443,3,-62.07732986215885,guest,0.043036410585507785,264.79146433415764,Benign
P000488,TCP,Server,Off,ME,2,0,6284.963292749111,8252.607169932759,93.16617180617935,5,SYN-ACK,21,3,,user,0.20208909061454128,302.08114585866196,Benign
P000489,UDP,IoT,Off,EU,2,1,4894.877070347566,5832.138027412247,140.85117517341635,5,SYN,80,2,-48.05459017595874,user,0.13361461859392781,297.7220652399126,Benign
P000490,TCP,Server,Off,US,2,1,8367.966789340035,1151.0472993521335,56.817595930392095,10,SYN,21,1,-71.33519585747953,admin,0.18623697300180442,314.19003442834605,BruteForce
P000491,TCP,Workstation,On,EU,3,1,5673.974439463945,6984.888854628492,165.15004618044608,4,SYN,25,1,-60.32143642210341,user,0.1840548995603857,347.78140958896665,Benign
P000492,UDP,IoT,On,EU,2,0,5244.481127064981,,155.19812079643793,4,ACK,143,1,-77.85647224962597,user,0.2991315308741096,308.046058118449,BruteForce
P000493,,Workstation,Off,ME,1,2,4425.669485828646,8765.51194703696,182.78700238863124,8,ACK,3389,2,,user,0.4589745661953462,341.71170653609244,BruteForce
P000494,udp,Server,Off,APAC,2,2,6758.101924245235,7845.24646143568,77.19961737076781,4,SYN,3389,2,,user,0.3984820915643618,281.60950157063513,BruteForce
P000495,TCP,Workstation,Off,EU,4,2,5362.801862024071,7979.766985618642,160.72964507682076,10,SYN,3389,0,-43.97944119903279,admin,0.31683420333019263,315.59763274795387,Benign
P000496,ICMP,IoT,Off,EU,1,1,5296.818172665759,6455.93856801843,91.09315659499484,6,ACK,21,1,-76.36623210266788,user,0.34604794779140846,256.1394981235551,Benign
P000497,UDP,Mobile,On,APAC,3,0,3496.8794359971116,9109.109569433153,149.32377238996207,7,SYN-ACK,143,0,-59.09414151793694,user,0.3782635413949067,298.2432335322343,Benign
P000498,udp,Workstation,On,EU,5,0,5621.828642913489,7444.449437980834,108.16749423523079,8,FIN,110,0,-64.3367729630647,user,0.06554032586762533,288.5914122864264,BruteForce
P000499,TCP,Server,Off,US,2,1,6740.0300454501985,4924.478285740295,131.2390051703085,5,ACK,110,1,-58.57609868075679,user,0.1777262474299454,308.15080106233785,BruteForce
P000500,udp,Workstation,Off,ME,1,1,6466.21694679618,3292.577012967315,144.47856085615038,5,ACK,443,2,,user,0.3355813553371501,296.9494884577776,Benign
P000501,UDP,Mobile,On,ME,2,1,4115.648931771097,5572.220905196475,146.0401370883401,4,SYN,3389,1,,user,0.29480506245521426,321.5060073636471,Benign
P000502,TCP,Workstation,Off,EU,0,0,5078.6934458044525,3405.6683879198195,116.45053445447395,7,ACK,53,0,-49.71610254938437,admin,0.3878102915887688,320.990201010716,Benign
P000503,ICMP,Server,Off,ME,1,2,3945.3311880603387,5288.35399405967,134.07589595100197,4,SYN-ACK,443,1,-65.42457782636433,user,0.27055530060169103,278.94833458188424,Benign
P000504,ICMP,Workstation,Off,APAC,2,3,5279.3958758712315,3580.6763067021416,157.82396960263057,4,FIN,110,2,-54.63406071581976,guest,0.1576485425637551,317.9332120952286,BruteForce
P000505,ICMP,Mobile,Off,EU,4,3,5246.724853437974,3306.3275831712663,145.5818276436167,7,SYN,80,0,-71.08263659902094,user,0.26112813496970755,312.4392500894863,BruteForce
P000506,TCP,IoT,On,EU,1,3,7596.61762395824,5909.049673903586,131.06037767801715,4,SYN-ACK,25,1,-59.39644198918965,admin,0.2131834912657031,304.9537099431215,Benign
P000507,TCP,Workstation,Off,APAC,2,1,6171.010450314024,8230.874890381596,118.6781619629153,3,ACK,21,0,-28.037139600261014,user,0.14751020956577468,272.1392393946918,BruteForce
P000508,udp,Workstation,Off,ME,0,0,3251.8533039343215,8192.955545845283,80.8053027189418,3,SYN,110,0,-61.98465039811947,guest,0.24080786299694704,281.5626858099062,Benign
P000509,TCP,Mobile,Off,EU,1,0,4694.7314113629045,6817.428880712671,144.22200174413243,4,SYN-ACK,22,2,-61.98394170251023,user,0.1488584119015313,284.94351429501455,Benign
P000510,UDP,IoT,Off,US,1,0,4841.7339811601605,6685.343845803102,134.79344404619343,2,SYN-ACK,21,1,-69.48375034609681,user,0.11001687565960604,284.8332387749578,BruteForce
P000511,UDP,Mobile,On,US,1,0,2074.9214617241423,5040.57871613439,94.09152686296034,7,SYN,143,0,-58.407083881852095,user,0.15117025479595392,250.23309303292956,Benign
P000512,UDP,Server,On,APAC,3,2,3112.1002821317707,665.8024752753126,128.32088120868752,5,ACK,80,1,-69.67167722120209,user,0.6053915272602403,276.2734965174797,Benign
P000513,UDP,Workstation,Off,APAC,2,4,6420.19575867458,7882.720102172639,85.93974330927111,3,FIN,3389,3,-53.25953202822333,user,0.5274044129566617,289.8353755997614,Benign
P000514,UDP,IoT,Off,APAC,0,0,5578.674249481889,2496.3242361816438,105.48403995757296,6,FIN,443,1,-56.48126128364688,user,0.4919801783157217,325.29006293635945,Benign
P000515,,Mobile,Off,US,0,1,4595.787977179846,5639.755559352181,104.57700447167066,3,FIN,110,0,-58.98658518836407,user,0.574956901642493,278.17183355742327,Benign
P000516,ICMP,Mobile,On,APAC,0,1,4308.76206684226,4326.388594868799,124.34574144387628,4,ACK,143,1,-60.39076072126259,user,0.4938259912612545,289.53542288588835,Benign
P000517,TCP,Server,Off,EU,1,0,3206.9228055544045,1322.435150216853,183.6522454678695,6,FIN,110,0,-45.082615586496196,user,0.15601110134622453,310.8126233121814,BruteForce
P000518,udp,Mobile,Off,ME,3,1,4462.558495325207,7307.120027769581,164.0402673927864,3,FIN,3389,1,-49.788279472419006,user,0.34628185769024195,290.4290233991231,Benign
P000519,UDP,Workstation,Off,US,4,2,3032.5580018537376,6458.022049517922,31.358862358327244,3,ACK,21,2,-70.31372978457875,guest,0.5267294898604922,220.82759180794216,Benign
P000520,UDP,IoT,Off,EU,1,1,6865.735706958235,9464.175998549059,122.52651195762793,4,ACK,53,0,-64.229694892222,user,0.5830335457730793,315.94468913443745,Benign
P000521,TCP,Workstation,Off,EU,3,2,3658.5718242040857,6173.314730886808,137.96208863008906,6,ACK,443,1,-51.91831352883892,admin,0.11823671073774412,278.4027252047592,BruteForce
P000522,UDP,IoT,On,US,0,1,4509.205752821692,,119.85739345812625,10,FIN,25,1,-55.26677435974521,user,0.7140036633871996,297.79498613446157,Benign
P000523,,Workstation,Off,US,0,0,3918.1931928956074,5008.050607115085,138.79758989673735,3,SYN-ACK,3389,1,-47.37934296945403,user,0.1871613854878234,289.04848327020943,BruteForce
P000524,,IoT,Off,APAC,1,4,6696.35486184191,4775.769200678552,165.82329829987953,4,FIN,21,1,-55.86199304726603,user,0.4460889923037005,310.4649183027531,BruteForce
P000525,ICMP,Workstation,Off,APAC,2,2,5765.193674421538,8000.7993273218235,109.35733056220813,4,FIN,80,0,-59.073724065425424,user,0.2467813616420709,300.0098168299359,Benign
P000526,udp,Workstation,Off,ME,3,1,5046.100046371818,5420.029151643192,101.92088273500468,5,ACK,53,0,-68.65020743100484,admin,0.2677347288939916,289.6679917390735,Benign
P000527,tcp,Server,Off,US,2,0,6706.163984290112,6520.257108209093,154.78754649638822,5,SYN,21,0,-59.87306921425031,user,0.15756052609381646,340.5496206129216,Benign
P000528,UDP,Server,On,ME,1,1,4431.601181478208,,85.69916652252141,2,ACK,25,1,-50.24029063821001,user,0.6393451621128055,256.81683521499406,Benign
P000529,TCP,Server,Off,APAC,0,0,5084.780208247864,8063.495912627308,88.01616042879334,3,SYN-ACK,53,1,-73.28134883413107,admin,0.05245239553001837,267.09239039503274,BruteForce
P000530,UDP,Workstation,Off,ME,0,2,4367.946981478331,3536.1195319021904,79.71330422928622,6,FIN,21,0,-74.06709622274491,user,0.4807403484710748,245.65753371811607,Benign
P000531,TCP,IoT,Off,US,3,0,6620.513763641456,5647.077859231197,146.8403905437913,4,SYN,443,0,-64.5257494831799,guest,0.17585973681635922,293.45803888116336,BruteForce
P000532,TCP,Server,Off,EU,6,0,4696.152451640482,5274.364976793191,59.57404764913538,8,SYN,80,0,-43.484955058740105,user,0.45353573076313,271.72336749398005,Benign
P000533,TCP,Mobile,On,APAC,1,0,7129.615953729769,3784.8233790445915,190.5873068920459,5,FIN,3389,2,-67.80485723201221,user,0.06636525151952226,331.9370075675357,Benign
P000534,TCP,Mobile,Off,APAC,1,2,2918.0532569173442,8342.078589947678,164.9098017197914,3,ACK,22,1,-52.40284979538674,admin,0.2879942495936544,290.8593998255195,BruteForce
P000535,UDP,Workstation,Off,APAC,3,1,6094.504427523096,3425.7507217202947,108.38879419874728,5,SYN,25,2,-78.25323901962832,user,0.09505725201333454,272.1801349126311,Benign
P000536,TCP,Workstation,Off,US,6,1,3569.0589914733737,5695.471374827728,46.248080585745626,6,SYN,443,2,-76.50229084206227,user,0.6993456838053209,247.77624608696274,Benign
P000537,tcp,Server,Off,US,1,1,4666.2180692121565,2917.2036605151025,91.87432448823915,6,SYN,143,1,-45.48768317617489,user,0.3336466393440699,270.72844456344274,BruteForce
P000538,tcp,IoT,On,APAC,0,1,4534.681868785088,8838.483736445814,92.33722899957706,3,ACK,22,2,-67.67379728383088,guest,0.21129689690685022,287.0759194197176,Benign
P000539,UDP,Workstation,On,US,1,1,6236.129932035537,7816.208828613533,98.77325628798647,7,FIN,22,3,-50.833011853447964,user,0.6682459940837323,275.55716340002937,BruteForce
P000540,TCP,Workstation,Off,APAC,2,0,3001.856907119006,6277.557848932448,133.30815212606277,5,ACK,143,1,-45.54528433599132,user,0.34422730346137603,292.4367529436707,Benign
P000541,,Workstation,Off,EU,3,1,5312.049624343567,6041.378215990409,112.09779452765177,5,SYN,143,0,-59.1838632363596,user,0.1753031428857578,294.948862987291,Benign
P000542,UDP,IoT,On,US,5,2,6649.728901861697,7274.266245339984,115.94754479467697,4,SYN-ACK,143,0,-52.086025932210866,user,0.04686695723321728,317.3013276328926,BruteForce
P000543,tcp,Mobile,Off,US,0,1,2894.8562325410758,2597.490037673575,108.26962498956395,4,SYN,3389,0,-63.73048330059889,user,0.21826850249430915,294.43725513363205,Benign
P000544,UDP,Server,On,ME,2,2,4131.155410547807,6607.949367117845,103.57925709381712,3,SYN,53,1,-58.47588269793173,user,0.6519644320235354,247.12221533961062,Benign
P000545,UDP,Mobile,Off,APAC,2,0,4230.851237878684,4009.370627102825,107.85862677373314,7,ACK,22,0,-75.718473839253,user,0.5112626092048329,277.6891430986636,Benign
P000546,TCP,Server,Off,ME,2,3,6533.398337402934,,134.38832968159056,5,FIN,3389,6,-59.60122511975547,user,0.39522074972097787,296.6115413633404,Benign
P000547,UDP,Mobile,On,ME,0,4,3534.482835675577,6319.161957834611,139.1899261514144,5,FIN,110,0,,guest,0.4025622600257962,288.72790495098013,BruteForce
P000548,tcp,Workstation,On,US,2,0,4809.592498057286,4985.899040464411,130.20529838504478,6,FIN,21,0,-65.16063886985471,user,0.2502087558016682,303.5864385316546,Benign
P000549,udp,Workstation,Off,EU,1,0,6827.855728708366,4724.096558358922,163.50060293398116,5,ACK,443,0,,user,0.1816059097701721,296.33840353200713,BruteForce
P000550,ICMP,Workstation,Off,ME,2,0,4736.492521032214,5205.592156320111,95.34431247032062,5,SYN-ACK,143,0,-71.10482050603443,user,0.34273742471496693,292.6135967311765,Benign
P000551,UDP,Workstation,Off,US,0,0,6705.466538449313,3246.7051522620122,179.88642128708713,8,SYN,21,2,-55.38921245853364,admin,0.13948942629762867,330.7569539947535,BruteForce
P000552,UDP,IoT,Off,ME,3,1,6737.377706999079,8638.487321921904,103.22129073420246,5,SYN-ACK,25,1,-50.90888820981604,user,0.2842532898565166,285.2345897493946,Benign
P000553,ICMP,Server,Off,APAC,5,1,6135.430707968368,3005.172680099738,149.8424252869934,5,SYN,53,3,-57.733171453508724,user,0.23268293726740327,320.91872229618247,BruteForce
P000554,tcp,Workstation,Off,US,1,1,6101.043712428126,6199.166670078232,72.92551560174309,8,SYN,3389,3,-63.238584028354424,user,0.3981126303254654,291.0239994417064,Benign
P000555,TCP,Workstation,Off,EU,1,2,6517.944017164504,8011.063258602287,165.14840440438002,3,ACK,443,0,-49.77155005287861,user,0.3751537903232329,335.52110724823774,Benign
P000556,TCP,Mobile,Off,APAC,2,0,7271.215109943483,8746.783437914899,126.35960898401133,7,ACK,53,4,-61.786351254485986,user,0.3173028698742981,333.98540965960046,Benign
P000557,TCP,Mobile,Off,ME,2,2,4894.94549305146,5414.799768751787,46.58532613126391,10,ACK,53,0,-61.62842231114694,user,0.24919844321507778,241.34705677246274,BruteForce
P000558,udp,Mobile,Off,US,2,0,5241.561160803108,,112.24794501453044,5,SYN-ACK,143,0,-55.788895302408974,admin,0.34558516805993744,265.85806150549183,BruteForce
P000559,UDP,Workstation,Off,ME,2,2,4582.285735227443,5825.553615933902,95.58841914590886,6,FIN,22,1,-39.50795077409298,user,0.08315234881091411,258.28494127631353,Benign
P000560,ICMP,Workstation,On,EU,5,0,7895.452735825835,4392.522418100265,96.30014108172716,5,SYN-ACK,110,2,-74.18333585104766,user,0.3556401574133222,290.1239877400402,BruteForce
P000561,TCP,Server,On,US,3,0,2759.86515492775,7422.703694989472,83.5216795492517,7,SYN-ACK,110,0,,user,0.17386192435546466,286.15984792853806,Benign
P000562,TCP,Server,Off,ME,2,1,4513.737153967668,7577.3444005447,115.47123924065829,6,FIN,110,2,-68.83554295052194,user,0.09431125723716244,296.582883821585,BruteForce
P000563,tcp,Server,Off,EU,0,2,4795.860279420958,3781.935633639846,84.54289445864609,11,FIN,110,0,-49.12530763850809,user,0.08710900103015674,275.0775481165339,BruteForce
P000564,TCP,Workstation,On,ME,1,0,5066.41654699523,7628.391837463898,127.42296958731868,4,SYN-ACK,443,1,,admin,0.15028157639858755,267.61687011392786,Benign
P000565,TCP,Mobile,Off,APAC,5,1,9016.924775163454,7054.401802602151,121.48890239996945,2,FIN,110,2,-58.16136303210808,user,0.48404693665908527,312.7555116327171,Benign
P000566,UDP,Workstation,Off,APAC,3,0,7883.587270958353,7864.643500780343,137.43266472161312,6,SYN-ACK,80,1,-48.67764597013422,user,0.5579130433665624,314.87564104654655,BruteForce
P000567,TCP,Mobile,On,US,1,0,6649.911261314181,,115.61818200609575,2,SYN-ACK,25,1,-48.17308720766549,user,0.08756206451425742,297.2234366987083,Benign
P000568,ICMP,Mobile,Off,APAC,0,0,7723.424668072065,3513.7196167966913,117.44687720915896,9,SYN-ACK,53,1,-53.736397806507945,user,0.45903112809817864,296.5843539718999,Benign
P000569,,Workstation,On,US,4,0,4249.225627995552,6505.522199317725,107.51553049852394,1,SYN,80,2,,user,0.7024762909967633,270.2512631738085,Benign
P000570,udp,Server,On,APAC,1,1,5858.95765742555,4608.886011394097,120.93774274859763,3,SYN,3389,2,-54.91386931080461,user,0.06075452609139206,273.59462785780556,Benign
P000571,TCP,Server,Off,EU,3,2,1888.976792674419,5301.963572995157,159.71341144200034,7,SYN,25,4,-59.24054838163385,user,0.2743460984886384,285.5974274887026,Benign
P000572,TCP,Workstation,Off,APAC,3,0,5601.009092516758,3215.4703405998594,135.02440783153656,5,SYN,21,1,,user,0.3332744485517798,306.20545616129806,BruteForce
P000573,udp,Mobile,On,APAC,2,3,6070.153991254529,6599.443991131774,102.55659807495657,7,FIN,80,2,-63.6994741143003,admin,0.24510297889447338,294.45906696499844,BruteForce
P000574,,IoT,Off,EU,2,2,2382.8312275859075,10002.831202152276,137.77024412647208,7,ACK,25,1,,user,0.5579711572967968,266.99595747057253,BruteForce
P000575,UDP,Workstation,Off,EU,1,0,4298.261724224321,,118.1520577132251,3,ACK,80,2,-77.29783042872953,admin,0.3008152187511717,282.3619621349911,Benign
P000576,TCP,Mobile,Off,APAC,1,2,5683.86688430696,5893.422570957693,154.44690507314212,5,SYN-ACK,143,1,-52.583908828515604,user,0.2151018380967644,325.26305125458543,Benign
P000577,UDP,IoT,On,APAC,1,1,4358.845814264253,3314.624914455002,101.03194273634864,5,SYN,80,0,-59.206221248387116,user,0.2282213435068477,260.16863637315413,BruteForce
P000578,tcp,IoT,On,EU,0,1,2406.878343101094,12746.430084531023,69.01241078637364,6,SYN-ACK,21,0,-63.32649169883674,user,0.4602982951163659,263.0169877584008,Benign
P000579,UDP,Server,Off,EU,1,3,4834.100662252367,8719.435814098011,69.03333091084293,4,FIN,53,0,-46.06326415762944,user,0.14595966161339524,269.9831248959312,Benign
P000580,UDP,IoT,Off,US,1,1,5489.721980482519,7768.496676860712,180.86331498681596,4,ACK,21,1,-58.87288963143354,guest,0.25290033614047885,307.1170610339192,Benign
P000581,TCP,IoT,Off,EU,2,2,1549.9749657675397,4059.5488799446675,132.22489800011812,7,ACK,21,0,-48.761735829183664,user,0.06046419724120258,285.3925700421658,BruteForce
P000582,TCP,Server,Off,ME,1,0,7823.333005853072,5495.049558883328,149.28595254273895,3,SYN-ACK,443,0,-71.59402970454785,user,0.6506049924157921,321.1160832947191,BruteForce
P000583,UDP,Workstation,On,ME,2,2,3303.75216118986,5539.658216149731,175.25817365452448,3,SYN,53,2,-57.685532223889936,user,0.15458864550740709,301.81523730053345,BruteForce
P000584,TCP,Mobile,Off,EU,0,0,4682.345447347826,10228.581262113728,183.638012578664,9,ACK,3389,1,-66.81933450009454,user,0.2765227894060715,310.34273223524775,Benign
P000585,udp,Server,Off,EU,1,3,4454.601152815659,7327.482056224882,158.68758459775168,11,ACK,3389,0,-64.2542046647237,user,0.1419762149500299,305.0411489096458,BruteForce
P000586,udp,Mobile,Off,ME,2,0,5867.154022701023,9007.898815548047,135.03173719510815,3,FIN,80,1,-63.02897297452613,guest,0.11161629844084024,322.9266092467571,BruteForce
P000587,UDP,Server,On,ME,1,0,3962.0518134518325,9066.784327019892,127.80186438901511,7,ACK,25,1,-51.43973500302112,admin,0.08198579341641878,312.1235747207268,BruteForce
P000588,TCP,Mobile,Off,APAC,0,2,6842.198863680611,7356.112127048309,154.87772107331097,9,ACK,25,1,-53.47992661806687,admin,0.6142587165401685,311.8059484533108,Benign
P000589,TCP,Workstation,Off,EU,1,0,4142.822048502111,4937.129738582992,133.1664403223025,6,FIN,53,1,-63.875370451857385,guest,0.8454441345504773,301.46454776074034,Benign
P000590,udp,Workstation,Off,EU,2,0,5504.713051941895,2819.260776052431,139.7099568880003,4,FIN,443,2,-61.92721215794266,user,0.2568127514441076,315.65182799682924,Benign
P000591,TCP,Workstation,On,APAC,4,1,4343.540001549152,5597.128792691293,184.63670928508893,6,FIN,21,1,,user,0.36062201661584975,318.12793078557337,BruteForce
P000592,TCP,IoT,On,EU,2,1,3333.192750449355,3041.715123775093,143.9116164985044,8,ACK,80,0,-52.68358171951503,user,0.1957053278589668,306.74193254251014,Benign
P000593,tcp,IoT,On,APAC,1,1,4862.117291046593,4874.994299939075,55.65662817513673,4,FIN,22,0,,user,0.18578843956253865,257.6044759097879,Benign
P000594,TCP,Mobile,Off,APAC,0,2,5789.067363140401,9379.824103134202,90.82035180365068,7,FIN,21,1,-79.11202834684536,user,0.2979954345294419,265.2097106392595,BruteForce
P000595,TCP,Mobile,Off,ME,1,1,4984.482379974776,7712.551523090427,146.6336458924948,6,FIN,25,0,-49.43719035018511,user,0.40836056112009483,311.3292470062848,Benign
P000596,TCP,IoT,Off,APAC,1,0,6593.985065384473,,105.71101966498155,9,ACK,443,0,,user,0.326938932850373,316.9096415216581,BruteForce
P000597,,Mobile,Off,APAC,0,0,5195.736071228862,5568.739556778135,63.989271038399416,3,ACK,443,0,-69.6340817237401,user,0.6675542335371126,275.6636591447621,Benign
P000598,ICMP,IoT,Off,ME,2,0,6305.296996122793,3403.4846801219333,145.90149084161413,6,SYN,53,0,-54.85253147126554,guest,0.02146114671341535,314.4803694084462,Benign
P000599,tcp,Server,Off,EU,1,2,3553.922718573512,9359.159605893703,154.33370020193462,1,SYN,443,1,-58.27133839055006,user,0.12596193794724378,258.2969396845093,Benign
P000600,UDP,Mobile,Off,APAC,1,3,5071.5439070245275,10063.379398928666,115.28912844041473,2,FIN,443,1,-59.01291158688022,admin,0.2285725684357768,265.2066468519192,BruteForce
P000601,tcp,IoT,Off,APAC,1,1,38698.47238165782,8611.980219413359,82.48586309033337,3,ACK,53,1,,user,0.32043961783697966,314.1338774121905,BruteForce
P000602,TCP,Workstation,Off,ME,3,0,21676.22983175866,7220.565543343381,161.5839851531223,9,SYN,22,1,-49.63153045384563,user,0.38319199955158467,301.15651125004405,Benign
P000603,UDP,IoT,On,APAC,0,0,2511.073741534346,6839.488499748925,85.14867800571909,3,SYN-ACK,143,1,-53.25962649532125,user,0.22296591024620196,265.18149040358014,Benign
P000604,udp,Workstation,Off,APAC,0,0,7694.958769471739,,161.77694030757328,5,ACK,443,2,-61.17181735593464,admin,0.2837936672011076,305.1099083679799,Benign
P000605,TCP,Mobile,On,US,1,0,3146.060380254189,6552.5692967313635,122.3535135199584,3,ACK,3389,1,-76.05583157661668,user,0.24842608499497004,298.35573075789574,Benign
P000606,UDP,Server,On,US,2,0,4330.133802501555,10218.377734247306,137.47267762034787,5,SYN,3389,1,-70.3300107245999,user,0.7399091412871469,312.91359037380874,BruteForce
P000607,TCP,IoT,Off,ME,1,2,4610.665458185951,6135.523852046121,133.09672960695843,7,SYN,53,0,-67.57158617216258,user,0.2300849737462836,290.4995532008288,Benign
P000608,TCP,Server,Off,APAC,5,1,5798.146033338734,7375.810793141958,142.1532908745179,6,SYN,143,0,-52.06945779513603,user,0.5028800964700136,322.56980179600276,Benign
P000609,TCP,Mobile,Off,US,4,0,47868.881974913864,1881.7683927308426,172.9160249498839,6,SYN,143,1,-47.65402360687152,guest,0.1702607313693135,354.2851171889891,Benign
P000610,ICMP,Mobile,Off,EU,3,2,6039.862013429722,4302.230864988696,119.57323560955024,5,SYN-ACK,21,0,-39.863120091617844,user,0.4752143249013597,309.539726387521,BruteForce
P000611,TCP,IoT,Off,EU,1,1,2795.4713867103465,6983.385684611782,126.08730585003167,7,FIN,53,0,-67.63532398940845,user,0.20083010081370878,300.4303258231606,Benign
P000612,TCP,Workstation,Off,EU,6,0,5594.036216097926,7881.100317797222,140.24921699275993,3,FIN,21,0,-59.078124730353885,user,0.4705420392408742,325.5527575543381,Benign
P000613,UDP,IoT,Off,ME,3,1,4870.0416392590205,5154.2350424584465,94.14677026454214,6,FIN,80,0,-55.23282186417212,guest,0.30137375327403026,281.25051174056904,Benign
P000614,TCP,Server,Off,US,1,0,6973.290730268055,6316.447646128392,71.09751018766275,4,ACK,110,0,-48.982473817229035,user,0.35087058643011493,282.94322785533626,BruteForce
P000615,tcp,Workstation,On,US,2,0,5367.644450124698,6876.275429522574,87.76153375903547,6,SYN-ACK,143,0,-51.85021469338386,user,0.19559741628095922,297.2496390730976,BruteForce
P000616,UDP,Workstation,On,US,0,0,5965.084943380658,6891.029600497563,113.99408121276326,6,FIN,143,1,,admin,0.6316997948668267,310.8730369598001,Benign
P000617,udp,Mobile,Off,EU,4,3,1761.4565899019535,6523.44127314961,38.03164629286569,6,SYN-ACK,143,1,,user,0.1738164739456758,235.75808499833101,Benign
P000618,TCP,Workstation,On,US,2,1,5857.721270356862,8901.484245633812,145.48075694153937,3,SYN-ACK,22,4,-54.772427056773466,user,0.2496531479382133,315.93399166820734,Benign
P000619,ICMP,Workstation,Off,ME,1,2,5232.207041632178,4487.737792168266,111.79705136656409,4,FIN,22,1,-62.63357738407977,guest,0.26354405088776295,274.6134530360222,Benign
P000620,ICMP,IoT,Off,APAC,0,0,6098.059734559623,4894.256921826055,120.94763846495485,7,SYN-ACK,80,5,-62.50895799478478,admin,0.3617706143048671,292.2513150800195,Benign
P000621,ICMP,Workstation,Off,ME,2,1,5909.541650006935,2153.5662170385626,127.96302720860949,3,SYN-ACK,143,0,-55.53249676891521,admin,0.092746376819094,332.3441578915221,BruteForce
P000622,tcp,Mobile,On,EU,3,2,5051.329063525041,,105.32967300484694,7,FIN,143,1,-54.336918647453764,user,0.024391731515745786,291.4536628323823,BruteForce
P000623,TCP,IoT,Off,US,5,0,4993.468444575068,5984.962745086077,135.44752580192247,7,SYN-ACK,22,3,-70.39161096644497,admin,0.5237167501802972,311.43119308787516,Benign
P000624,tcp,IoT,Off,APAC,2,0,6069.091603791749,6294.474618752264,157.5748979393809,6,FIN,21,0,-67.1281993078222,admin,0.29080741462159804,324.6321720821865,BruteForce
P000625,UDP,Server,On,US,2,0,4634.93406058341,7152.237289788577,98.92843631576508,2,SYN-ACK,80,0,-50.350484765197194,user,0.05185972492740892,268.8937329544712,Benign
P000626,UDP,Mobile,Off,ME,1,2,509.1251708038344,5681.96239844249,120.27921236175013,4,ACK,110,1,-62.97117174707551,admin,0.4226809285143232,277.08136991483036,Benign
P000627,,Workstation,Off,EU,2,2,3993.985564790635,6037.352610726348,123.81589582152246,2,ACK,143,0,-56.057535136986786,user,0.33520819652179457,280.7450196705805,Benign
P000628,TCP,Workstation,Off,US,2,5,4618.066279815328,7363.178510965971,140.5279130693312,6,ACK,80,1,-49.563700265389485,user,0.2777372991951359,279.4740249291351,Benign
P000629,TCP,IoT,Off,APAC,5,2,3549.5959722680527,4162.442011818918,103.67263550269763,4,SYN-ACK,110,1,-70.12537472174566,user,0.23012525759718677,260.0556041085831,BruteForce
P000630,,Server,On,APAC,2,3,6363.6307479879015,6766.175981722448,131.80275456433557,3,SYN-ACK,3389,0,-61.71534932697121,user,0.16171337535869124,288.67347728737786,Benign
P000631,TCP,Mobile,Off,APAC,2,0,5947.115329187345,6636.872561247392,79.107338203512,6,FIN,22,1,-60.99000080762187,user,0.3676029911853341,283.4747299187114,BruteForce
P000632,TCP,IoT,Off,ME,2,1,4744.232050362522,6439.918566607228,93.52810376546472,2,SYN,110,1,-60.046301781046864,user,0.1823713022857061,266.78870216593594,Benign
P000633,ICMP,Server,Off,EU,2,1,5049.3490878895145,5227.463992390215,120.56282830222021,5,SYN,21,2,-28.40175184013198,user,0.29668583152946,294.0644835374953,Benign
P000634,TCP,Server,Off,EU,1,4,3185.824497164156,9153.352334884406,135.5456358233668,3,SYN,443,2,-73.18325872121098,user,0.04277755613706872,308.75175577070814,Benign
P000635,ICMP,Mobile,Off,US,1,1,2700.2576384971076,5046.072010137449,134.6999689921608,5,FIN,22,1,-77.85881242432762,user,0.3014364788434592,285.19575323779964,BruteForce
P000636,UDP,IoT,Off,US,3,1,3140.5906662945354,4457.271012284338,138.11610816337753,4,ACK,22,2,-51.33632074696643,user,0.620203586128823,301.28971989785975,BruteForce
P000637,tcp,Mobile,On,APAC,0,0,3852.9601591136934,5660.812290374421,112.94745169590873,7,SYN-ACK,25,1,-63.97594957202182,guest,0.7106915291727595,272.19341745905786,BruteForce
P000638,TCP,Mobile,Off,EU,1,0,4017.465426292295,10262.23586325059,128.99916583795002,4,FIN,21,0,-52.29830650903109,admin,0.20966267064153343,297.870051313522,Benign
P000639,ICMP,Server,Off,APAC,2,1,6486.455783934065,6380.71205392475,122.24847932090039,6,SYN,25,0,-55.26252024701856,user,0.47802232227146224,342.5690768182079,BruteForce
P000640,UDP,Server,Off,APAC,2,0,4797.886207305629,7339.265839672663,144.09544529508872,3,FIN,143,0,,user,0.12170570806711344,286.07657417096857,BruteForce
P000641,TCP,Mobile,On,APAC,6,0,1391.7136930240936,7942.880364213292,121.37756275676891,4,FIN,143,0,-64.58857085677026,user,0.5799756522228151,274.870616363956,Benign
P000642,udp,IoT,Off,EU,0,1,5968.708318920735,4561.000912713214,162.49561695162032,4,SYN-ACK,143,1,-64.38648657160365,user,0.19148586763490577,311.80179672724086,BruteForce
P000643,UDP,IoT,Off,APAC,3,1,3882.777807488337,8302.779293427075,69.94021345211559,6,SYN,80,2,-72.49764302544588,user,0.37057283130542495,264.42910472098276,Benign
P000644,TCP,Server,On,ME,3,3,6824.187544938899,10341.457040069952,90.39431727301334,5,SYN-ACK,143,1,-40.782433549253966,user,0.02949774851486689,271.61394772687635,Benign
P000645,TCP,IoT,Off,ME,2,1,5010.02143818892,6079.278419949276,129.10265580623744,3,SYN,3389,0,-59.000761517770975,user,0.13005641437840038,286.62860257134355,Benign
P000646,TCP,IoT,Off,EU,4,1,4365.047114870301,9841.74889254307,151.41406556195562,3,ACK,22,1,-56.871684506608474,user,0.2337533674892705,268.06569832967057,Benign
P000647,TCP,IoT,Off,ME,2,1,7692.5370783335275,,116.1874516146795,13,SYN,80,0,-65.36970319845614,user,0.4490691896035859,328.0934029589286,Benign
P000648,UDP,Workstation,Off,ME,4,0,5063.47233508848,9433.694298483744,128.03415077028936,8,SYN,53,1,-59.61101518198893,guest,0.005496810095357191,315.98046017694895,Benign
P000649,ICMP,Workstation,Off,US,3,2,5611.351463293126,1865.4685048602842,107.08008985860731,8,ACK,80,1,-54.878271408390965,admin,0.03754696840988913,270.89943309340646,Benign
P000650,TCP,Server,Off,US,0,1,3169.9166584266413,5945.361015963495,105.51420875326374,4,ACK,143,0,-59.04544550541172,user,0.31460303537468426,254.25928024706423,Benign
P000651,,IoT,Off,EU,2,0,6109.508358407279,7214.660340063334,123.76721961535121,6,ACK,3389,2,-66.69151463072426,admin,0.33811915641953155,288.8715749128578,Benign
P000652,TCP,Workstation,Off,US,3,1,4579.940139244639,7375.534198051974,53.895954680180225,5,SYN,21,3,-53.03134849051172,user,0.2424579608458789,237.5913630502095,Benign
P000653,UDP,Mobile,Off,EU,3,0,2275.0241712743627,,102.45895299237898,5,SYN,110,1,-56.75606586138475,user,0.10706316651800447,259.17414184388804,BruteForce
P000654,TCP,Mobile,Off,ME,1,1,4189.9188488814125,9041.934397932448,140.58604317364365,2,SYN,143,1,-72.15372632539831,admin,0.4297427339860635,326.727272032786,BruteForce
P000655,,Mobile,On,ME,0,2,7814.09017584008,5099.2081936605755,150.0889901418137,6,SYN,80,2,-63.10611976762643,admin,0.29943631628588957,351.4438681706285,BruteForce
P000656,ICMP,Server,On,US,2,2,4805.947571250888,6494.770784829113,119.72341301210173,7,SYN-ACK,443,0,-58.82795804250285,user,0.03893971660539849,309.8551972641422,Benign
P000657,ICMP,IoT,Off,APAC,2,0,7727.2031084166665,7571.013044526574,143.08568578179103,6,ACK,80,2,-61.01240510129811,guest,0.6002230495477925,305.4653064590623,Benign
P000658,tcp,Mobile,Off,EU,0,2,1781.6897303875808,6892.271657388757,109.39717871701754,1,SYN-ACK,143,2,-62.14436406632649,user,0.3353771452326652,268.724516135143,Benign
P000659,,Server,Off,US,3,2,5673.85611223883,,111.32011670557173,2,SYN-ACK,443,1,,user,0.26118692933562654,272.3401860886519,Benign
P000660,TCP,Mobile,On,APAC,1,0,7426.906381413039,5945.894755167879,81.4914279733278,2,SYN,25,1,-79.42157945846374,user,0.24423718058559601,285.9517668943615,Benign
P000661,ICMP,Workstation,On,US,1,4,3982.246854494472,8795.88954636149,106.14134578744202,8,SYN-ACK,53,0,,admin,0.44447948056894454,262.96498970414024,Benign
P000662,UDP,Workstation,Off,US,2,2,3793.3827424750334,4792.007148546392,87.44100488847528,7,ACK,21,2,-62.88220095103986,user,0.23498778770222778,262.196617143954,BruteForce
P000663,TCP,Server,On,ME,2,0,469.9210053161778,,128.8081183368866,6,SYN,143,1,-53.28428080748693,guest,0.23435973377047495,324.04893313455824,Benign
P000664,TCP,IoT,Off,US,2,0,4855.332897012947,3303.194629113028,145.16381400720263,6,FIN,443,1,-56.022763869677185,user,0.17012213166977627,307.8756312184589,BruteForce
P000665,UDP,Workstation,Off,APAC,3,0,7385.467052503705,7491.345102487643,77.2680727825574,5,FIN,143,1,,user,0.5337743901429857,275.74725074505454,Benign
P000666,,IoT,On,APAC,2,1,8457.999180932766,9187.224899217046,150.63583012686667,1,SYN,25,2,-48.95974047258058,user,0.331449837477742,301.76893561583887,Benign
P000667,UDP,Mobile,Off,US,2,2,6215.8376992603735,6961.587727909657,126.62566901465081,2,SYN-ACK,143,2,-78.56406117997842,user,0.3138162635225121,276.49795245376663,BruteForce
P000668,tcp,Mobile,Off,US,1,2,4346.609085876322,3364.103673276346,114.86073903032928,6,SYN,21,1,-68.90176116876879,user,0.2887022014521111,291.6520413290326,Benign
P000669,udp,Server,Off,EU,1,0,4085.984862282443,4842.3251704932345,203.97916094034642,5,SYN,3389,1,-67.27938642942773,user,0.17714421033638336,358.79111006453303,BruteForce
P000670,TCP,Server,On,APAC,4,2,5373.059550964223,7977.878999561182,125.34734867952295,6,FIN,3389,0,-87.79422680701927,user,0.31055572871963766,300.33342433896956,BruteForce
P000671,ICMP,Workstation,Off,EU,1,3,6503.459428003083,3674.6141120517677,106.68267740436441,5,SYN-ACK,110,0,-59.17763419123969,guest,0.027701755773255243,285.77685951750703,Benign
P000672,UDP,Workstation,Off,EU,5,1,4830.757448670608,2972.3596097077148,116.69568289216443,7,SYN-ACK,3389,0,-82.62687723520179,user,0.7235496986391363,289.93916042713664,Benign
P000673,TCP,IoT,On,EU,2,0,28902.317454121363,8127.294822113166,112.51161124419616,3,SYN,80,1,-50.09859221737789,user,0.2657197941621794,278.2426288108123,Benign
P000674,TCP,Mobile,Off,EU,4,1,5745.70181489233,5765.607477045292,156.2444264004439,4,FIN,22,2,-56.253267392740334,guest,0.1415369139909359,322.04350539378333,Benign
P000675,UDP,Mobile,Off,ME,3,2,1033.7124430648596,5405.567759574547,147.78347940451042,2,SYN-ACK,143,0,-55.294248146291025,user,0.2885407213595064,306.55249702137274,BruteForce
P000676,TCP,IoT,Off,APAC,3,2,6646.527350761152,2837.452714534932,145.02364228229172,2,FIN,110,1,-54.8357813166705,admin,0.17450710884807627,296.21029177569125,BruteForce
P000677,TCP,Workstation,Off,APAC,1,1,4504.588000136793,6280.596008730153,135.9186798635241,4,FIN,110,1,-60.490163083678034,user,0.2456965879369376,273.32117468538826,Benign
P000678,udp,Mobile,On,EU,1,0,3982.237643679092,5344.837627573137,93.29614494144727,3,FIN,443,1,-58.6165056325926,user,0.15679009876485303,254.29904471530506,Benign
P000679,udp,IoT,Off,ME,3,0,5719.270490076502,5083.1388686422915,164.17828669855214,8,ACK,110,0,-64.90339354705533,user,0.06650236973882881,321.9162890292401,Benign
P000680,UDP,Server,Off,US,4,1,4335.569947947222,8751.503386371707,97.90076747177464,5,SYN,443,4,-62.6874298906112,user,0.48288161052285133,292.1811960382225,Benign
P000681,TCP,Server,On,US,3,1,6728.988341887354,2640.041819068681,92.97292675945262,4,SYN,21,0,-66.33610808735675,admin,0.5930893558212923,291.4034013435282,Benign
P000682,TCP,Mobile,Off,US,1,1,7393.4593403761355,5685.062782086597,149.76804631795883,4,FIN,22,3,-70.71941036375753,guest,0.3261325779694405,316.2478300694343,Benign
P000683,UDP,IoT,Off,APAC,3,0,5037.859588923599,8656.795112967,125.44028773961884,4,SYN,80,1,-62.76292101556469,user,0.21675833281965,302.09062013543223,Benign
P000684,TCP,Server,On,ME,1,0,3774.7863707161814,4250.6217918063585,99.7062262869205,5,ACK,21,3,-70.06144269549426,user,0.07121587835628881,294.67339494437186,Benign
P000685,ICMP,Workstation,Off,APAC,1,0,5544.287052792956,7666.325075079556,115.82604505615451,1,ACK,53,2,-68.45018057793797,user,0.21909157586604106,285.9989597016144,BruteForce
P000686,ICMP,Workstation,Off,US,2,1,8617.119954668053,4980.233001787872,82.5192915848409,4,ACK,110,1,-71.63156182613676,user,0.46632404007958794,287.38119892834163,BruteForce
P000687,TCP,IoT,Off,ME,3,3,4945.966665974818,10543.699723456519,102.6680589836442,2,SYN-ACK,80,0,-54.81299737491164,user,0.31022295848415155,258.53465002273026,Benign
P000688,UDP,Server,Off,ME,2,0,2347.217435851254,6391.500886756889,132.06397093376,8,ACK,22,1,-94.68147236369103,user,0.33827092898781536,317.1184616410093,Benign
P000689,UDP,Workstation,On,APAC,5,3,5867.148515533252,5538.359530235806,87.48221393637994,3,FIN,443,2,-61.64644174766268,user,0.3509243481211252,270.9260609896025,Benign
P000690,TCP,Server,On,EU,3,1,4539.697568927835,8202.303127005865,163.112150052039,3,ACK,110,0,-75.31996233353345,admin,0.29569519515586506,297.9394621405556,Benign
P000691,TCP,IoT,Off,ME,2,1,2881.5193002600713,5519.024959577842,118.99844421449794,3,ACK,110,0,-54.659502798746104,user,0.30906096616977485,289.53180507683606,Benign
P000692,TCP,IoT,Off,EU,2,1,7475.526775749566,6203.978048142269,94.89814710352626,10,ACK,143,1,-64.9426493928853,user,0.12486908948717822,304.5645978750231,Benign
P000693,UDP,Mobile,Off,US,2,0,6315.530846630598,5269.153142127338,124.65157778027532,6,FIN,143,0,-56.566727694831336,admin,0.15943205558811593,304.7592364065902,BruteForce
P000694,TCP,IoT,Off,APAC,2,0,4114.338406764338,7918.681069481253,137.04157356046088,2,ACK,443,0,-61.81528494031175,user,0.09318894492114327,291.9105967838004,Benign
P000695,tcp,Mobile,Off,EU,1,1,7035.432189963924,10045.457087860637,168.7222729259983,5,SYN-ACK,80,0,-53.3785812374626,user,0.10712736789111194,358.4905827340174,Benign
P000696,TCP,Mobile,On,APAC,1,0,4726.999506939367,,132.43326637891528,6,SYN-ACK,53,2,-39.80999110435554,admin,0.17912975810794998,322.40245531036817,BruteForce
P000697,udp,Server,On,US,0,1,5128.508109836571,5200.344528838678,123.56759316814036,3,ACK,3389,1,-55.1869711924869,user,0.03203221037450976,325.15274665856134,BruteForce
P000698,TCP,Mobile,Off,ME,3,2,5158.888031534389,4369.807788719769,119.76927551709854,4,SYN-ACK,110,1,-63.61537083728799,user,0.4112421586711338,301.4209316567407,Benign
P000699,TCP,Workstation,Off,US,3,0,6914.450561658165,6045.375010578304,85.37461032629986,2,SYN,80,0,-62.886920922478915,user,0.41501203835499895,291.24830888423924,Benign
P000700,TCP,Workstation,Off,APAC,0,1,5086.252250974372,6520.660762022358,141.1418695228711,6,SYN-ACK,443,0,-60.44982734253496,user,0.17073812109892228,298.35613831684947,Benign
P000701,TCP,Workstation,Off,US,2,1,6143.599510152585,9320.977236674757,146.8355876683707,7,SYN,3389,1,-54.5692827682613,user,0.23748200444140669,312.276753477314,Benign
P000702,UDP,IoT,On,EU,1,0,4860.381713853109,2259.438100244141,60.62982494094866,0,SYN-ACK,25,0,-56.70438690246395,user,0.4626836226430631,279.2651478983689,Benign
P000703,UDP,Mobile,Off,APAC,1,2,4873.376028905867,,101.60394333830003,2,SYN-ACK,53,0,-58.10140783834069,user,0.5676146557334052,263.97577395940294,Benign
P000704,UDP,Server,Off,APAC,1,2,5228.822247916232,6087.0838209728645,91.13834752294437,3,SYN,80,2,-57.69393154772496,guest,0.39390365278651845,273.5190332083442,BruteForce
P000705,TCP,IoT,On,US,0,2,4493.466404840299,7258.628853052612,109.46940949465488,5,SYN-ACK,53,1,-51.82206027775717,user,0.024749053310651248,292.7951787157009,Benign
P000706,ICMP,Server,On,US,2,2,6958.719818238685,4471.679528733808,122.01964799519155,5,FIN,143,4,-55.72814492992651,user,0.4451499409947088,295.9565382181924,Benign
P000707,TCP,Server,On,EU,0,0,6716.608993627074,3326.1596498980143,146.68371086522558,5,FIN,21,1,-58.4327860576574,user,0.5435152694325933,339.5787307225961,Benign
P000708,TCP,IoT,Off,APAC,4,1,2496.6141913092056,,126.97459810680891,3,FIN,3389,3,-68.68226306015893,user,0.23372229613350262,285.941021011831,Benign
P000709,UDP,IoT,Off,ME,1,1,5026.519161534698,5148.751964732619,94.19523736373594,4,ACK,22,1,-74.6013644169133,user,0.2221031940819694,284.0435749592157,Benign
P000710,ICMP,Workstation,Off,APAC,2,1,5230.822382327113,8321.379197872848,82.86406966031561,6,FIN,443,1,-52.06215304744495,user,0.2893176452002136,278.41274081417816,Benign
P000711,,Workstation,Off,US,2,0,4103.13257497699,4962.470404513157,128.44690639903766,4,FIN,21,1,-59.76940722590923,admin,0.6351828126211562,269.78489185801163,Benign
P000712,UDP,Server,Off,US,2,0,3687.4528942534653,,182.98608442125266,10,SYN,53,2,,user,0.32470022398674236,337.5931026859425,Benign
P000713,udp,IoT,Off,US,3,1,4212.227005208157,4945.331488995686,84.3129330446624,8,ACK,80,3,-59.69730489352774,user,0.7081788743584305,262.04676265563376,Benign
P000714,,Server,Off,EU,3,2,8418.060502743343,5325.321938191731,116.68221904421186,7,ACK,53,0,-46.559458218702616,user,0.1045057728208585,301.82064932783965,BruteForce
P000715,TCP,Server,On,APAC,3,2,6583.9294810163865,6725.471328004895,127.5359076268366,9,FIN,80,1,-62.6963985469027,admin,0.3120336354964986,312.8019555486202,Benign
P000716,tcp,Server,On,ME,1,1,6284.454146587882,3401.510582935006,143.0546174627548,8,FIN,22,0,-75.49236404766552,user,0.198425854913055,300.1949922125945,BruteForce
P000717,udp,Workstation,On,US,0,0,984.4403971928195,6054.11694986641,142.0783141722776,2,FIN,25,1,-53.863954478428646,user,0.5838364396034471,270.8929495806487,BruteForce
P000718,ICMP,Server,On,US,0,0,7761.625193964482,6269.91272168885,86.88965133257935,5,SYN-ACK,110,0,-61.844502769826505,user,0.09198757535126989,307.1463535427973,Benign
P000719,UDP,Workstation,Off,ME,3,2,2107.2548898149453,9366.644729412175,111.59409236877323,2,ACK,143,1,-53.47572267091839,guest,0.4610017126285167,249.69289865725946,BruteForce
P000720,UDP,IoT,Off,US,2,0,5382.758345422872,6732.880958563853,78.63328398092759,7,SYN,53,1,-67.32559584140714,user,0.4970570600873565,278.99037632064113,Benign
P000721,,Mobile,Off,APAC,0,0,5177.5929716721475,3762.1070430999903,160.671726579373,5,SYN,80,0,-51.68677205761319,user,0.37959078067818774,313.8042487952065,Benign
P000722,UDP,Mobile,Off,APAC,3,0,4129.282102285251,3449.4697684612784,136.95259987421653,5,SYN,3389,1,-49.74542613234352,user,0.662832627905772,302.8453588736221,BruteForce
P000723,TCP,Workstation,Off,APAC,4,2,2953.0332833888765,4130.437385408424,72.34686229772352,4,ACK,443,1,-67.51306553669488,user,0.3127401864637054,246.71703543087455,BruteForce
P000724,tcp,IoT,On,APAC,1,1,24616.23393970476,7312.459227248353,113.31093241409077,3,SYN-ACK,143,1,-64.56395755471674,admin,0.059975869997453184,255.96931985485966,Benign
P000725,TCP,Mobile,Off,US,2,0,5033.236727283061,6025.712463430306,134.9797974521441,4,SYN-ACK,80,1,-62.99521102714301,user,0.10881071152580735,322.47313631879047,Benign
P000726,TCP,Workstation,On,EU,2,2,6788.1750099275705,9431.374324638418,191.88674472441184,5,FIN,110,1,-61.82730161491631,user,0.2666154310434735,332.9131309704271,Benign
P000727,UDP,Workstation,On,APAC,3,2,5236.412620200431,,82.28152413050384,9,SYN-ACK,143,2,-34.96130662588955,admin,0.19904246913736925,284.1328684779184,Benign
P000728,TCP,Mobile,Off,US,1,0,5686.7915003372955,4242.863648482905,147.0524747947467,4,SYN-ACK,443,0,-75.94065875404289,admin,0.21247806270857644,316.9961154793246,Benign
P000729,TCP,Server,On,EU,3,1,2758.49881387743,4171.906990103125,82.25293965828823,4,SYN-ACK,80,1,-50.93974684728499,user,0.38155238071347636,241.84560493609789,Benign
P000730,,IoT,On,US,0,1,5373.359827480942,5402.389142131869,101.56190993000666,6,SYN-ACK,53,1,-45.59006782825663,admin,0.4781234441246199,292.8380465089805,Benign
P000731,TCP,Server,Off,APAC,0,0,6259.731419329396,4068.1344346322385,102.65477410755204,2,FIN,21,2,-70.0333785385033,user,0.31321832500035635,291.3911633932919,Benign
P000732,TCP,Server,On,ME,3,0,5677.281750640125,6497.869875160432,67.43945231073295,7,FIN,22,2,-64.70780493350065,user,0.12030558513590843,292.52114516757297,BruteForce
P000733,UDP,Workstation,Off,ME,2,1,4117.108395605587,,84.61970262675183,3,FIN,443,0,-58.411878295521966,user,0.3156280580028564,273.65891316382954,Benign
P000734,udp,Mobile,On,ME,4,2,7334.1691587465475,5489.840532471594,120.84224182066323,7,SYN,143,1,-54.34504388264326,admin,0.4121003538338924,318.0906888005171,Benign
P000735,udp,Workstation,On,EU,3,1,4967.505087984644,6668.973446494337,148.39842246266758,7,SYN,21,1,-57.81238746072078,admin,0.32608407677598467,332.5484707532265,Benign
P000736,udp,IoT,On,ME,2,4,29313.72739826856,7912.314554219503,71.29029285923858,2,FIN,22,2,-52.51196162669732,user,0.5628779294017499,248.08185977032826,BruteForce
P000737,tcp,IoT,Off,ME,3,1,8915.866215004413,7506.311987652011,140.32467564703,5,ACK,443,3,-69.29916529154482,admin,0.21285516123458348,323.1750220903146,Benign
P000738,udp,IoT,Off,APAC,2,3,3586.724055523491,8907.819309594845,95.30494158880535,5,ACK,110,0,-59.90082716419753,user,0.06303971936550681,289.7241388466173,BruteForce
P000739,TCP,Workstation,On,US,3,0,3947.5723629613112,8715.634367416791,154.7585639650282,7,ACK,53,0,,user,0.35524328770678776,317.3581559572004,Benign
P000740,UDP,Mobile,Off,US,2,1,4641.859714575093,4428.084392839719,118.7524067240949,5,SYN,21,0,-59.18073940408926,guest,0.0892063331886173,318.15701550518696,Benign
P000741,TCP,Mobile,On,ME,3,1,4665.351406342245,6212.698769954664,109.35018197577381,7,SYN,143,1,-68.01614571076772,user,0.42736278714547743,288.85748862808987,BruteForce
P000742,,Server,Off,EU,0,4,8597.665414886145,9238.311660759298,131.9780713878741,3,FIN,25,0,-80.82367343907154,user,0.19840409764214745,263.75193086108266,Benign
P000743,TCP,Workstation,Off,EU,1,1,4240.339120555548,8234.528109854207,109.64695866568483,6,SYN,443,2,-57.4102127727418,user,0.06561532425843045,320.5947476850028,Benign
P000744,TCP,Server,Off,APAC,1,0,5949.206345378994,6480.208310489847,120.17602560059208,3,SYN-ACK,110,1,,user,0.34494644121714907,292.22331878852566,Benign
P000745,TCP,Workstation,Off,EU,2,1,7229.774191659148,8305.764089683726,53.52847641687862,4,SYN,25,2,-66.81294537658623,user,0.16713500405014617,261.54364904112776,BruteForce
P000746,TCP,Workstation,On,APAC,1,1,4382.816629572149,3591.4224804791506,149.34222770791956,4,SYN-ACK,110,1,-75.36911615775267,user,0.2502501024120334,316.4132872361771,Benign
P000747,,IoT,On,US,0,0,5227.473342772096,7685.977177468271,126.35216708877246,6,SYN,53,1,-55.62437465406687,user,0.3282927136208504,290.6883785625869,BruteForce
P000748,UDP,Server,On,US,1,0,5688.596307076896,6446.814383611031,137.76239188708718,7,SYN-ACK,110,1,-73.33217991223104,user,0.4232204297722696,304.6464450918328,Benign
P000749,TCP,Workstation,On,APAC,1,0,3070.8668548113196,8188.767130953709,98.74564766566067,2,ACK,110,2,-70.33736542346605,user,0.154150943846822,243.38921144255585,BruteForce
P000750,TCP,Mobile,Off,APAC,3,0,5604.180229005134,5255.264675670844,64.34073103982675,3,SYN,25,1,-67.64432297026707,user,0.35864800486150306,271.34931006294335,BruteForce
P000751,UDP,Mobile,Off,EU,1,0,5406.484658167764,6183.763172155814,169.54949887464676,5,SYN-ACK,3389,0,-72.02699314822026,user,0.42606262092014247,324.731199466533,Benign
P000752,TCP,IoT,On,EU,2,3,6236.518906544199,2056.115313562766,118.86456917756962,6,ACK,443,3,-45.225042226730295,guest,0.524802297817593,289.8092187824219,Benign
P000753,ICMP,Workstation,On,APAC,1,2,33631.60100109644,,156.29463001568973,6,FIN,22,1,-56.570817614764366,guest,0.47970338811234847,315.1012300912887,Benign
P000754,udp,Server,On,ME,2,3,1814.0874180611909,8308.346664491994,123.8086308103922,3,ACK,110,1,-56.688532453855586,user,0.12990124310642143,265.18916520253873,BruteForce
P000755,tcp,Server,Off,APAC,1,1,1729.0590576205032,8672.054208868069,95.80213626513942,4,SYN-ACK,25,0,-62.97587552846378,admin,0.3595365117348294,257.4020794397399,Benign
P000756,TCP,Server,Off,APAC,3,0,8090.5754176244845,4532.2289633884475,132.48544471614468,5,ACK,80,3,-59.69114635403246,user,0.5380766542556169,341.4843356798153,Benign
P000757,TCP,Mobile,Off,US,1,3,4627.742007544207,7213.714678972347,99.6759674151971,5,FIN,143,0,-64.47286404933027,user,0.17581561155088468,257.7221422004751,Benign
P000758,UDP,Mobile,Off,US,2,1,5615.04035514535,7360.609362229306,124.25350150761456,6,SYN-ACK,53,1,-47.05181771902314,user,0.5206063443136494,296.55655053700843,Benign
P000759,udp,IoT,Off,ME,2,0,3997.0955506253686,7595.261645376219,130.58888965256764,9,FIN,25,0,-48.80086450644498,user,0.1105156614644544,276.35972087492144,Benign
P000760,TCP,Server,Off,APAC,3,3,3051.363193072019,7156.628829608548,75.24373028045775,5,FIN,143,1,-59.12869715145418,user,0.20983684410745307,251.37772330348372,Benign
P000761,tcp,Workstation,Off,ME,2,1,3360.308004285391,5625.113601739759,89.35899982990941,5,FIN,21,0,-61.7640568330885,admin,0.2514067032782693,276.44579223437665,Benign
P000762,UDP,Server,Off,ME,4,0,7361.202073365655,6498.0006882885145,143.5758403343513,5,SYN-ACK,443,0,-57.021176360267106,user,0.38960228059005214,307.0433606465805,BruteForce
P000763,TCP,Workstation,Off,EU,3,1,3549.3152541626214,6205.984737516961,72.48537258117422,5,SYN-ACK,25,2,-68.67982763430506,user,0.12221012173993387,238.78775479695443,BruteForce
P000764,tcp,Server,Off,ME,0,0,4366.702660341589,5034.784760656321,64.60880188520397,4,SYN,80,0,-65.91581034542436,user,0.3206283793788438,271.12244991821,Benign
P000765,udp,IoT,Off,EU,2,2,8074.979223005237,6558.035724494393,148.94086875530724,7,ACK,21,4,-46.08418022119513,guest,0.11492429170065202,307.4199309616562,BruteForce
P000766,udp,IoT,Off,ME,3,1,5675.163994750489,5073.097963042776,115.17888162082322,7,FIN,21,2,-68.50794778075968,user,0.046102582886922434,259.00221764493864,Benign
P000767,tcp,Workstation,Off,US,3,0,4276.450379772584,5346.824765807934,137.10705239442896,5,SYN-ACK,53,1,-50.92777274716872,user,0.3188500906873509,292.93912987606546,BruteForce
P000768,tcp,IoT,On,EU,1,1,5164.6667393620755,8517.666592722868,139.05381581643027,3,SYN-ACK,3389,4,-54.18951842470359,user,0.28148856787445303,301.46371521943115,Benign
P000769,UDP,IoT,On,EU,1,1,4610.707545754353,6972.451277127461,83.4343942131428,2,FIN,80,1,-35.40856646184051,user,0.47428746491833945,234.98419357795805,Benign
P000770,UDP,IoT,Off,ME,2,0,4235.895054126291,4095.2507093458116,82.42098913376427,6,FIN,22,1,-61.14902780031727,user,0.05580131840845263,289.55298218423604,Benign
P000771,TCP,IoT,Off,APAC,2,3,4450.8493476448875,5488.550803083805,101.96268761645325,5,SYN,25,1,-64.70355328914764,user,0.09496932640773342,264.9717260590619,BruteForce
P000772,UDP,Workstation,Off,ME,2,1,38531.91220178665,5026.915215158486,123.20505296852352,8,ACK,443,3,-51.44361521343385,user,0.1756439238775252,313.8623926823929,Benign
P000773,TCP,Mobile,Off,ME,2,0,4968.557828506704,4227.837682858048,186.06509562152362,1,FIN,25,2,-67.3384085206152,user,0.10534454938763319,296.01177656206494,Benign
P000774,UDP,Workstation,On,EU,1,0,6415.6904216461135,6593.305428651468,105.9810210936114,12,SYN,22,2,-42.6718650939505,user,0.39856679963200486,322.8123263584511,Benign
P000775,TCP,IoT,Off,APAC,1,2,5413.6028142773985,4046.3244847274896,114.55947747632018,6,SYN,21,2,-52.6773538866212,admin,0.19454528635195587,272.4032252606685,Benign
P000776,udp,IoT,Off,ME,5,2,7935.101010156624,3107.6312207672254,170.01736197031101,8,SYN-ACK,443,2,-74.89852017010467,admin,0.27800980492739524,360.3864057385497,BruteForce
P000777,ICMP,Mobile,On,APAC,2,1,2506.284602947773,,131.40476180579978,12,ACK,143,3,-62.884793794938474,user,0.0930586434132741,271.1616739137041,BruteForce
P000778,TCP,Workstation,On,US,2,0,6638.195667211776,,112.3416576585646,5,SYN,143,0,-59.32710430579882,guest,0.4661459110052855,293.09713672808334,Benign
P000779,,Server,Off,US,1,0,3227.448666353528,9668.200772613107,183.37919673255493,4,SYN-ACK,443,0,-60.2226274651301,user,0.27565184285531735,306.8778886276144,Benign
P000780,TCP,Mobile,Off,ME,1,0,5712.882502944113,8204.382348969073,104.23121448861554,1,SYN,25,1,-61.10178868134277,user,0.6339993125899095,289.24539863410587,BruteForce
P000781,tcp,Mobile,On,APAC,2,1,5901.9635260990835,4103.036859831318,87.80233145675064,8,ACK,143,1,-49.219138788115636,user,0.09632290103228701,307.0452861400639,Benign
P000782,UDP,Server,On,APAC,1,1,6075.475934354031,,102.8230293143298,6,SYN-ACK,21,2,-64.43300971261715,user,0.4088486396055231,256.0232204684979,Benign
P000783,UDP,Workstation,Off,ME,1,1,4888.823850312774,6637.837160383391,120.72514151326456,4,FIN,110,0,,admin,0.36258391131950735,301.2514138109316,Benign
P000784,ICMP,Server,Off,US,5,2,4052.0064720242417,,107.95973381758431,9,ACK,53,1,-64.86891066981678,user,0.33150413729297085,288.911178175204,Benign
P000785,UDP,Server,On,US,3,1,5103.617422517007,4410.664438127948,161.31934838304565,7,SYN-ACK,25,0,-70.95728145506904,guest,0.5798712798535156,332.44777358057445,Benign
P000786,TCP,Server,Off,APAC,2,0,3744.6630150675373,6016.759440384739,74.63682819138964,8,SYN-ACK,443,2,-57.22520775836533,user,0.20802071646219064,273.1931602540616,Benign
P000787,UDP,IoT,On,ME,1,1,3806.5010511029086,6256.6909399263095,116.46553113023252,6,SYN-ACK,25,1,-61.678800928488045,user,0.3166061717625456,305.0219631618965,Benign
P000788,ICMP,Workstation,Off,APAC,5,1,4163.390202933928,7072.90505038421,153.42780328150334,3,ACK,53,0,-39.38977090830723,user,0.5868969262067923,318.1739385116657,BruteForce
P000789,UDP,Server,On,US,2,1,5787.396057097067,4923.591879669856,104.39424814528635,8,ACK,3389,1,-35.21582223719144,user,0.2694366025127538,282.8814370770657,Benign
P000790,TCP,Server,On,US,1,1,35936.8484333739,6100.229956523697,157.36062332752678,11,FIN,25,0,-48.5864256338471,user,0.2775684332226744,301.9373484684855,Benign
P000791,tcp,Mobile,Off,EU,2,0,5788.124388249043,6654.440379202707,93.82976085712497,3,ACK,21,4,-53.55241765718004,user,0.5116804900648391,313.99122671768686,BruteForce
P000792,TCP,Server,On,US,1,0,4996.533649666545,6040.9979741309,156.49961892101453,5,SYN-ACK,3389,0,-57.09948294127127,user,0.45817909877656,348.9839351776343,BruteForce
P000793,UDP,Server,On,APAC,3,1,9406.085718435894,4418.71682728718,151.95258962203252,3,SYN-ACK,3389,0,-48.317570853932,user,0.3535776903188097,319.6526872632623,Benign
P000794,UDP,Server,On,US,1,2,100.0,7113.421375541533,93.96295935154842,3,SYN-ACK,80,0,-67.79314316539563,user,0.3162377183568925,258.8593144918772,Benign
P000795,UDP,IoT,Off,US,2,0,27340.597418349324,5447.274766635825,137.70186892837276,4,SYN-ACK,3389,1,-61.95680329258033,user,0.35025153591100566,293.0911773682555,BruteForce
P000796,UDP,Mobile,On,EU,3,4,4790.059668507144,,132.71403093628751,4,ACK,143,1,-67.49408810601363,user,0.25500160219242674,298.85199475745554,Benign
P000797,UDP,Workstation,Off,US,4,0,4938.3788217919055,6194.625630889351,126.74554575106659,9,ACK,53,0,-57.56665981760225,user,0.14430485913119467,299.79118706069175,Benign
P000798,TCP,Server,On,APAC,1,1,7395.599372492099,6514.2757713390265,141.80482090960479,5,SYN-ACK,80,1,-60.33933193643122,user,0.2491848772528352,302.03428730958814,Benign
P000799,TCP,Workstation,On,EU,2,2,2193.049156469901,5100.4938804269095,105.24017334991443,3,SYN-ACK,53,0,-72.94750836509333,user,0.22325933743804083,268.71959202588977,BruteForce
P000800,tcp,Server,Off,US,1,0,6268.287643077783,7489.726732932046,548.465767849275,5,SYN-ACK,3389,1,-74.71924434884627,admin,0.14974882895324967,270.161136125026,Benign
P000801,ICMP,IoT,Off,ME,2,1,3095.824681755592,6266.4678412026715,158.0046375611858,4,SYN,443,1,-57.7212962974043,user,0.38392051579380254,298.5227301531933,BruteForce
P000802,TCP,Server,On,APAC,3,0,3709.3540428670167,8531.848414055108,87.24672985944288,3,SYN-ACK,443,2,-62.81354062877641,user,0.09873614695274287,282.29690208294835,Benign
P000803,udp,IoT,Off,US,1,0,7596.256022918412,5999.192575157149,69.12537438176152,5,SYN-ACK,110,2,-56.084428289055936,guest,0.28766795567255626,263.0976118750031,Benign
P000804,UDP,IoT,Off,US,2,2,7046.648357970933,4641.5157871949195,114.6857563075471,0,ACK,53,5,-63.55644743707838,user,0.10399898092546364,281.7247542174885,Benign
P000805,ICMP,Workstation,On,ME,2,0,5001.222597387186,6877.008261034534,162.37409174520036,5,ACK,443,3,-58.706150322784964,user,0.07157115918980911,303.34108529183663,Benign
P000806,UDP,Workstation,On,US,0,4,3583.5484128913567,2611.625543803983,94.9692630011923,5,SYN-ACK,25,0,-50.44576023311825,user,0.29482604267815227,251.4720655791513,Benign
P000807,TCP,Workstation,On,ME,1,1,3384.7487924143497,3243.99639313983,119.29607448195306,11,FIN,25,1,-54.502315393605556,guest,0.2658662340198087,301.44167410425257,Benign
P000808,UDP,Workstation,Off,ME,1,1,8122.615350102464,6385.6411997868445,104.11119536141041,1,SYN,143,1,-50.12358422811811,user,0.2271468350153022,288.1880542457304,Benign
P000809,TCP,Workstation,On,ME,2,2,4254.7063442105455,8752.741155981363,133.67531713594175,4,FIN,80,2,-57.16502143583136,guest,0.0964182315383961,345.1983995850267,Benign
P000810,ICMP,IoT,Off,EU,1,0,5216.113105137935,5885.287163338308,144.47888719687924,10,SYN,443,2,-81.0244613484658,user,0.28815316734367497,348.6065832978728,Benign
P000811,,Mobile,Off,US,1,0,5862.186994426731,8311.060474723672,112.5861026585296,6,SYN-ACK,21,1,-67.87299365537436,admin,0.06395687283718621,271.86275690825363,Benign
P000812,udp,Workstation,Off,APAC,1,1,4612.811265523272,5599.003315891943,79.52273550144716,4,ACK,80,1,-61.877258725405134,user,0.30126507378007206,262.50270557839923,Benign
P000813,UDP,Server,On,APAC,2,1,4400.057843600902,4569.8539272161115,97.18669571722407,3,ACK,80,1,-66.25969007816195,user,0.5495488683966459,249.35742008858725,Benign
P000814,UDP,Workstation,On,EU,1,2,4704.35681882059,5270.397271600946,138.2965757700024,2,FIN,443,0,-62.903325164831074,admin,0.05807435702350114,300.08352050117253,Benign
P000815,UDP,Server,On,APAC,0,2,4164.2690210440105,7368.212193642832,151.59613100932194,11,SYN,443,1,-59.77197955668487,admin,0.37242513762009394,318.85261499133696,Benign
P000816,,IoT,On,ME,2,1,4662.5780506500105,5858.421915578498,162.62421260015978,6,SYN,22,2,-72.39467064301797,admin,0.26433965436871126,316.65555507018723,Benign
P000817,TCP,Mobile,Off,EU,1,1,4029.999096795451,7906.462223231363,107.91153104514133,3,SYN,53,1,-63.21763065053673,guest,0.3990715873291806,265.10924147711273,Benign
P000818,UDP,IoT,Off,EU,6,0,5956.910605004688,9034.24030973989,137.27570925943627,3,ACK,25,1,-64.6547318170901,admin,0.22961897785340155,313.33204355945367,Benign
P000819,TCP,Mobile,Off,US,1,0,2628.2653598130496,5119.772557638675,116.67587515375621,3,ACK,53,5,-67.41515461329325,user,0.12161586092954053,296.34859807628413,Benign
P000820,UDP,Server,On,ME,0,2,4823.074204974298,,92.771854879753,4,ACK,143,1,-48.677744708829714,user,0.25102305171319444,252.87229950918336,Benign
P000821,tcp,Mobile,Off,US,0,0,5281.978729987501,6064.322475737251,127.78131903055788,6,SYN,21,1,-70.83733175221859,guest,0.20744428750463373,293.2989297641668,Benign
P000822,UDP,Workstation,Off,US,2,1,2780.888879863363,7521.373817964615,92.67910719480038,4,FIN,22,2,,admin,0.12759931620571086,252.7407341644111,BruteForce
P000823,TCP,Workstation,Off,EU,2,1,4790.543410914976,6962.137567418935,169.42531081947675,10,FIN,110,0,-58.462488721326864,user,0.2581769614456939,324.58719618870407,BruteForce
P000824,tcp,Workstation,Off,EU,2,0,8237.194935330397,5575.691675725254,145.89515364993292,5,SYN,143,1,-45.726511439345366,admin,0.1591670498554508,330.06931415048336,Benign
P000825,UDP,Mobile,Off,APAC,1,1,6402.369220363204,4938.51170600375,133.91024773776283,5,SYN-ACK,110,0,-50.076907976424806,user,0.16020315810409097,288.8673099617044,BruteForce
P000826,TCP,Server,On,EU,4,0,5438.5840771267685,5048.657579067362,60.23297240043935,5,SYN-ACK,80,1,-76.57336769586624,guest,0.27245371143870917,268.340930447204,Benign
P000827,TCP,Mobile,Off,US,1,1,5972.087575153067,5971.032492153455,136.83314124607395,1,SYN,3389,0,,user,0.416538694065669,293.35477319038057,Benign
P000828,UDP,Server,Off,ME,2,3,6231.860332235066,4539.432675289986,109.21598221679062,7,ACK,80,1,-55.984357388195136,user,0.5245720131563062,278.90693612444045,Benign
P000829,udp,Server,Off,EU,3,3,3947.092054671915,7646.000543052506,102.03087659038695,7,FIN,143,0,-53.96688801503821,user,0.3893502813686659,265.2743657448777,BruteForce
P000830,UDP,Server,Off,APAC,0,2,4721.652676773732,4001.9290009298916,138.31202814171667,4,FIN,80,0,,user,0.25527120081417404,283.4843498846129,Benign
P000831,TCP,Mobile,Off,APAC,1,1,5592.281902851656,6619.469365755131,123.94467592077496,2,SYN,3389,0,-70.64245051935539,user,0.4579201477256701,289.5934226441277,Benign
P000832,UDP,Workstation,Off,US,1,1,4433.494051105508,5376.348456797647,149.41151121035765,5,FIN,80,0,-62.46100872057634,admin,0.6767492437068016,309.2429814138344,Benign
P000833,tcp,Mobile,Off,APAC,1,0,4024.1238820328645,3954.376892675621,147.77199854437868,9,FIN,110,1,-61.54621630991439,user,0.303309025411193,290.33867178982456,BruteForce
P000834,UDP,IoT,Off,APAC,1,0,5705.490318202854,7197.499973249397,106.13317452337216,6,SYN,22,3,-65.31183813221045,user,0.09022039147278418,299.4663651010198,Benign
P000835,TCP,Workstation,Off,US,0,0,2647.3807325836524,10145.014496240841,87.83471005883483,6,SYN-ACK,21,0,-41.40833562898627,admin,0.36142530092543546,271.4627800608272,Benign
P000836,TCP,Mobile,Off,US,1,1,4231.671652425935,6153.747873367987,100.26900504907111,8,FIN,22,1,-86.11037627643333,user,0.04986519843736861,255.24848702502516,Benign
P000837,TCP,Mobile,On,EU,4,0,5567.138904988842,6790.782735269231,94.38762782625437,3,SYN-ACK,22,1,,guest,0.6156771528296832,306.99777147461634,BruteForce
P000838,UDP,Server,On,EU,2,1,2453.6502059270315,6737.016600904377,154.45199326148432,1,SYN,110,1,-60.68443319845823,guest,0.5086327074314301,298.33868108868967,Benign
P000839,,Server,Off,US,2,1,5909.092272532573,,102.5430285772149,3,SYN,25,3,-68.08153602984825,user,0.145606019288718,278.97448412571123,Benign
P000840,TCP,Workstation,Off,APAC,3,1,4367.886637445228,9580.253900448428,143.46684120517588,5,SYN,443,0,-58.86073054924933,admin,0.23863837956384662,305.6975212337799,Benign
P000841,UDP,IoT,Off,APAC,3,2,5572.577840797067,8157.2499265066,132.32682949503172,5,SYN,110,0,-63.53277623268599,user,0.25015571195833897,310.5107824661356,Benign
P000842,TCP,Workstation,Off,APAC,1,0,4653.780020539905,8969.144131435123,154.57407012180414,3,ACK,25,1,-60.485229084347125,user,0.5544854163383754,318.4321081076662,BruteForce
P000843,TCP,Workstation,Off,ME,2,3,41531.106283778136,3441.7750955694955,143.09669464432835,4,ACK,53,1,-60.096470494113916,user,0.14626444383260498,289.0008481150233,BruteForce
P000844,TCP,Server,Off,US,3,0,2417.7069099671676,,122.92873122009345,3,ACK,443,2,-57.50124425641936,admin,0.49334695823534963,296.06969169099136,BruteForce
P000845,TCP,IoT,Off,APAC,2,1,5588.653193495216,8162.97784325055,158.32789096174662,8,SYN-ACK,143,1,-62.63934204707267,user,0.17396716111236282,299.95583669168616,Benign
P000846,TCP,IoT,Off,US,2,0,6998.184568165341,9853.632397674635,92.68903626478524,1,ACK,443,3,-68.38052170490361,admin,0.02911233977145183,283.46620403799517,BruteForce
P000847,TCP,Workstation,On,EU,3,4,3669.9208534837953,,162.17646214301868,5,SYN,110,0,-46.16545740635086,admin,0.0756739440769148,299.32733518941853,Benign
P000848,tcp,Server,Off,EU,3,1,4051.2777135276638,8456.153910908231,119.54516389548847,6,ACK,143,0,-62.14099657501718,admin,0.3829834146308356,305.0964854783491,Benign
P000849,TCP,Mobile,Off,ME,1,2,4403.46307887804,6149.913427047724,174.94836764124577,4,ACK,53,0,-64.73684172045895,user,0.7243077346874232,311.7721496729231,Benign
P000850,TCP,Server,Off,EU,4,2,8474.518702630583,,104.40624647134426,4,SYN-ACK,143,0,-43.47837828562436,user,0.3680969158372296,301.3068942851441,Benign
P000851,udp,Workstation,Off,EU,1,2,5450.051994693558,8428.417327603134,99.88974290749456,4,ACK,80,1,-64.46508946240715,user,0.2085597597689585,262.38970280948,Benign
P000852,UDP,Server,Off,US,1,0,5289.269164050573,10321.31549277102,133.4388178047407,7,ACK,443,1,-57.62565344305773,user,0.37286982831095256,285.4565091320088,Benign
P000853,,Mobile,Off,ME,2,3,2667.3199860138157,6484.642462198566,137.64390786410286,4,FIN,3389,1,-67.50616851613576,user,0.24780547803821742,286.9735903958107,BruteForce
P000854,TCP,Server,Off,US,3,1,4051.2900356675364,,124.66272469869392,2,FIN,80,0,-65.84127803621018,user,0.4642281258184191,295.79034235163493,Benign
P000855,ICMP,Server,Off,ME,0,1,4682.766421646104,,133.5554459445268,3,ACK,443,0,-51.56464174009687,user,0.15903968262455856,270.38763788996346,Benign
P000856,TCP,Server,Off,ME,0,1,5715.404596903756,9800.065422598958,106.15767557177712,5,ACK,143,1,-59.00085330189354,admin,0.2147347786448295,297.90060472110815,Benign
P000857,UDP,Server,On,EU,1,1,4377.651185019437,4966.531065487478,92.81533627117861,6,ACK,3389,0,-48.53425545909985,admin,0.474523126651371,227.349501390449,Benign
P000858,UDP,Mobile,Off,ME,1,2,6050.344709859706,3546.0950331121758,656.287064503907,5,SYN,3389,1,-70.53133930372829,user,0.11578227357766141,272.8233433530082,BruteForce
P000859,ICMP,Mobile,On,APAC,2,1,8281.414529814028,5100.323330929478,111.30806878916064,7,SYN-ACK,53,0,-65.29249911001097,admin,0.47786539697272923,292.8474768391039,BruteForce
P000860,TCP,IoT,Off,US,2,0,6287.4878204615625,2950.531914247865,108.07787317173972,4,SYN,80,0,-57.782949361327304,guest,0.0979751464802661,262.36802202399747,Benign
P000861,TCP,Server,Off,US,3,1,3094.080575729161,5784.95932406464,118.45095127200652,6,SYN,25,1,-36.185611171157205,user,0.21387254142507872,273.4034381963407,BruteForce
P000862,UDP,IoT,On,ME,5,0,5645.305479557011,,63.26690096931545,1,ACK,3389,2,,guest,0.21647245182574507,257.6310040555691,Benign
P000863,,IoT,Off,ME,1,1,3413.855349554647,4121.356820115695,123.82843689033011,5,FIN,53,1,-39.579051653034945,user,0.25807174985974124,284.54291210185033,Benign
P000864,TCP,Workstation,Off,APAC,4,4,2154.1778222525118,3340.3807546697212,141.3866356393899,3,ACK,443,0,-76.82156241896064,guest,0.17884385922055018,272.34278753250294,Benign
P000865,TCP,IoT,Off,US,4,1,5911.399608751889,6845.823232050703,142.93332200007177,5,SYN-ACK,80,2,-64.73106266750064,user,0.5942963850835892,286.9130363796143,Benign
P000866,udp,IoT,Off,US,2,3,5214.953770084018,5464.21857081644,143.17929628775983,3,ACK,21,1,-73.13724612964428,user,0.3953643724577999,319.7109769544383,Benign
P000867,UDP,Workstation,Off,EU,2,3,8305.960315850036,8495.511294770437,109.60540226264855,4,SYN,80,0,-35.670415205135704,user,0.6713335999044979,305.7806043914496,Benign
P000868,udp,Workstation,Off,APAC,0,1,6279.048465272418,10260.551719886309,85.21018809503713,1,SYN-ACK,21,0,-51.13212108676163,guest,0.08651385792812556,272.49893487958434,Benign
P000869,UDP,Mobile,Off,APAC,0,1,6182.9460745929955,6708.369649949888,115.48996885770552,3,SYN,53,1,-46.11579910090832,user,0.28802410370290193,268.98202158013993,Benign
P000870,TCP,IoT,On,US,1,1,5063.677214974023,7254.781900119361,130.56224439303432,5,FIN,22,1,-59.413838430208784,user,0.36572828033604504,294.89504400705204,Benign
P000871,TCP,IoT,On,ME,0,1,3431.348123159296,4563.441213437631,86.73718301114381,5,FIN,80,1,-64.99076843385077,user,0.16932811635408218,259.37258673659215,Benign
P000872,tcp,Workstation,On,APAC,1,0,4862.819780676302,5180.87087976251,85.11949913930803,5,SYN,22,3,-45.02093097889042,admin,0.43312658247370117,272.87995732284446,Benign
P000873,ICMP,Workstation,On,US,5,0,5563.05219948714,4939.834493332415,95.75527344529151,3,SYN-ACK,3389,0,,user,0.1560593174709474,279.38978481336943,Benign
P000874,tcp,IoT,Off,APAC,1,1,4898.579738046394,4768.453368299015,203.94842941783003,5,FIN,443,1,-54.94562387510912,user,0.2461141837601183,319.5388944121251,Benign
P000875,tcp,Workstation,Off,US,3,0,3790.501721464985,7852.165605042288,153.59242274691846,5,ACK,3389,2,-49.76653461400895,user,0.3310064358949522,304.0487769578541,Benign
P000876,udp,Mobile,Off,EU,2,0,6242.963013291759,4448.754004798552,141.90969771959044,7,FIN,80,1,,admin,0.16546901060093916,327.9713633080358,Benign
P000877,ICMP,IoT,On,US,1,3,4030.7904581600396,7794.143008003312,126.00868221864316,2,SYN,3389,2,-57.89042720875422,user,0.13900845302420153,254.10944641137354,BruteForce
P000878,TCP,Mobile,Off,EU,2,1,3266.345458413484,,106.68481405900239,5,SYN-ACK,22,0,-69.04762969049257,user,0.27222247151028395,272.01719250943546,Benign
P000879,TCP,IoT,On,APAC,2,1,3105.362332809603,7668.503740259308,78.52529400972162,12,FIN,22,0,-66.19387596642842,user,0.16190261314206597,263.51473745833033,Benign
P000880,,Mobile,Off,EU,1,1,4311.163408888075,6909.352156869482,201.4230812543596,3,ACK,53,3,-54.327622926410484,user,0.5332368828323182,315.1431134063894,Benign
P000881,,Mobile,On,ME,1,1,6293.7819641667065,5077.7975517807945,115.41099596013946,5,SYN-ACK,25,2,-62.562669617892695,user,0.13475492786429955,290.31361999077745,Benign
P000882,TCP,IoT,Off,ME,2,1,7632.457427354767,4778.756242014581,172.02954010324495,7,FIN,110,1,-60.34497085858483,user,0.40186507341407396,297.9476056047041,BruteForce
P000883,TCP,Mobile,Off,EU,1,1,4903.055834450963,,152.96339885273244,2,SYN,110,2,-75.30339550082532,user,0.2687496359615613,342.97045086075633,Benign
P000884,UDP,Server,On,APAC,4,1,4367.512377041369,8092.984337387194,81.02352970574526,4,SYN,22,1,-64.44288237875848,user,0.4591179808665227,272.9335688477114,BruteForce
P000885,udp,IoT,On,ME,3,1,4687.190462847036,5941.728815554232,156.63984151473863,8,SYN-ACK,143,6,-74.36274991368823,user,0.014945196955217172,325.4966137307718,Benign
P000886,TCP,Mobile,On,APAC,5,2,5552.530229294848,6036.152106560984,100.05998296546379,8,SYN,443,0,-67.39169864242375,user,0.4725296701978245,286.38726955980326,Benign
P000887,TCP,IoT,On,APAC,2,1,5532.356270867122,7710.752593106663,144.4885405641163,5,SYN,80,0,-60.23700734284225,guest,0.11472669828739933,328.4203304828999,BruteForce
P000888,TCP,IoT,On,ME,3,0,3292.3863810671787,6561.596097169453,169.28939924415798,4,ACK,143,2,-70.92768293958,user,0.3411568759922156,348.59059934877195,BruteForce
P000889,ICMP,IoT,Off,EU,0,2,5965.568951501309,5800.981247735423,114.94298592125442,3,SYN,80,1,-25.848111660376404,user,0.12930334918061828,280.8233677605356,Benign
P000890,TCP,Workstation,On,ME,3,0,4074.189553528669,8291.293755622992,144.92039481521957,6,SYN-ACK,80,0,-71.2662074330248,guest,0.5010083885685018,289.18070443576954,Benign
P000891,ICMP,Workstation,Off,APAC,1,1,4898.458224027389,8015.268424908223,100.68684200122638,2,SYN-ACK,80,2,-57.40599229730559,admin,0.14763408189834942,282.89876953085405,BruteForce
P000892,TCP,Mobile,Off,ME,2,1,6210.425377325941,6204.433752752889,102.98187472004876,5,SYN-ACK,80,0,-54.59899128874021,admin,0.6295876502810599,301.09863173360105,BruteForce
P000893,TCP,Workstation,On,EU,1,1,3995.931500922755,8633.310413821504,153.7064586657903,6,SYN,443,0,-72.52788251546615,user,0.45020494230331665,314.251702953903,BruteForce
P000894,ICMP,Server,Off,US,1,2,3343.9285002459155,5037.914307836197,112.09388105775983,6,SYN,143,0,,admin,0.3048828727929372,258.97001685129464,BruteForce
P000895,TCP,Mobile,On,EU,1,0,5545.899403079455,5029.350221498982,162.6036007017325,2,SYN,110,0,-67.5511188543188,user,0.25750144166818145,310.8044621614437,Benign
P000896,ICMP,Mobile,Off,APAC,0,2,5147.461834124527,5021.0500757577065,111.26129016747473,3,SYN,3389,0,-63.79658299261503,guest,0.5053054699652778,276.4223359478059,BruteForce
P000897,UDP,IoT,Off,APAC,2,1,2490.1634760844618,6650.069289952897,97.59284240834188,2,ACK,25,1,-63.391696882331324,user,0.2683013356344079,238.78411986473097,Benign
P000898,udp,Mobile,Off,US,3,3,7584.063092171633,5056.531690215438,135.67450091360732,13,SYN-ACK,80,1,-76.36969163682254,admin,0.3913630975541289,294.41982849865366,Benign
P000899,TCP,IoT,On,EU,1,1,2506.1704537117844,,80.57230763848122,8,SYN-ACK,25,0,-58.017807224709394,user,0.43371415732464513,290.73317386020517,BruteForce
P000900,udp,Workstation,Off,US,2,0,5940.848730365377,3026.721043447509,157.94032626899332,9,FIN,110,0,-65.37299893995748,admin,0.46249457624153695,345.57509266399285,Benign
P000901,TCP,Workstation,Off,EU,2,1,5991.088865721785,,80.57822143834807,6,ACK,22,1,-72.7876383909224,user,0.08222572490132958,259.864918769278,BruteForce
P000902,udp,Server,Off,APAC,2,0,4413.646527358281,6180.26182223983,78.75130275456534,6,ACK,443,2,-55.60654273008285,user,0.426661608879449,288.7012315430519,Benign
P000903,TCP,Server,Off,APAC,0,0,3133.913379698203,7496.690741659718,108.81204782072672,4,FIN,21,1,-46.3375697876696,user,0.6315646430610556,270.82452611981915,Benign
P000904,ICMP,Server,Off,EU,2,3,4415.2006597296995,3108.9732423171063,166.26400426087372,9,SYN,22,2,-60.58173081431948,user,0.1916837458414414,334.68746759034855,Benign
P000905,UDP,IoT,Off,EU,1,1,3155.1664600535596,6368.9328808305945,94.9143762008104,3,SYN-ACK,53,0,-58.46588717686521,user,0.18105249061903486,251.25360167782515,Benign
P000906,ICMP,Server,Off,US,3,1,8304.860765533442,9347.526465568077,118.84355270423258,3,ACK,143,0,-52.3872077617811,user,0.31451956364637074,319.8950586845301,Benign
P000907,,Mobile,Off,ME,2,0,8121.0147284794275,2931.820130130261,153.77128709986764,5,SYN-ACK,53,0,-55.9456240812982,user,0.186590752595442,313.8834508935611,BruteForce
P000908,udp,Mobile,On,EU,2,1,4519.365563960073,5599.367270610931,137.27231945037695,5,SYN,25,2,-73.39207065270556,user,0.06137817384890928,316.38594554010643,BruteForce
P000909,UDP,Mobile,On,EU,0,2,4287.777322672555,9118.359614924828,106.17350279890196,4,ACK,80,1,-52.427202108999715,admin,0.11481590339146942,249.55358939834144,BruteForce
P000910,TCP,Server,Off,US,4,3,6017.760728035716,9423.156506519752,155.3536281099294,4,SYN-ACK,21,1,-66.92453351309153,admin,0.23497810994318216,291.0094200897665,Benign
P000911,ICMP,Mobile,Off,APAC,5,2,3577.226747429634,6886.387841865546,92.96505265213275,0,SYN,21,2,-63.63100269889598,user,0.3312112346411005,240.30727775796052,BruteForce
P000912,ICMP,IoT,On,US,1,1,4776.291399258017,8843.595956199331,172.95119956215058,5,SYN,25,1,-54.824375858328864,user,0.2854720427139985,335.733631224271,Benign
P000913,TCP,Mobile,Off,ME,2,2,4125.691350843721,7119.730426682677,146.32111120094467,1,ACK,25,2,-54.29050106691763,user,0.42400489588706625,314.23069699594345,Benign
P000914,TCP,Mobile,On,US,3,1,3726.7816620078174,5827.557209701186,87.24299169578748,4,SYN,22,1,-69.0031729189197,admin,0.26776689898352946,277.63444877266215,BruteForce
P000915,TCP,Mobile,On,EU,2,0,6404.30719989233,6510.488550441663,97.9752736662987,5,ACK,25,0,,user,0.12360376594095387,279.13765603368324,Benign
P000916,tcp,Mobile,On,EU,4,1,3400.922783604152,5136.4426267131585,186.83647658718863,1,ACK,80,0,-70.42806693363042,user,0.20792660737898286,314.95294267792985,BruteForce
P000917,TCP,Workstation,On,US,2,0,5164.938065654907,644.8435425043926,91.39954878570789,7,ACK,443,1,-81.13449988630524,admin,0.024763078961345913,292.4212401587566,Benign
P000918,UDP,Mobile,Off,ME,2,0,6961.053767032108,,129.26176447491176,6,SYN-ACK,53,0,-83.85714731829158,user,0.5862156023502618,305.6818868530689,Benign
P000919,TCP,Workstation,Off,US,3,1,6916.6143897024685,9382.286343649565,128.24566951976422,4,ACK,143,0,-54.157049226804766,user,0.15718912892972178,319.29311098761195,BruteForce
P000920,UDP,Workstation,On,ME,4,0,5672.039112283315,4968.154792322562,93.18586428663716,8,SYN,110,0,-80.9912980393408,user,0.18712691053147593,278.56464453954356,Benign
P000921,ICMP,Workstation,Off,EU,1,3,5476.035977615066,6232.454186823096,154.45881563102688,4,FIN,3389,0,,user,0.28034720659978624,291.62262482575863,BruteForce
P000922,tcp,Server,Off,EU,1,3,5160.671233109368,5189.161381931569,131.00522424585628,6,FIN,443,2,,guest,0.4086196355650053,285.031445567559,BruteForce
P000923,,Workstation,Off,APAC,3,1,2719.5353706082024,7818.301836699923,114.75639720893867,3,SYN-ACK,21,3,,user,0.6312930033842313,293.9589851087376,Benign
P000924,tcp,Workstation,Off,APAC,1,0,6365.971342737756,6411.797242854746,96.09358527087407,7,FIN,22,0,-52.95171892307855,user,0.46472494804143283,306.1056329241364,Benign
P000925,ICMP,Workstation,Off,ME,4,1,7674.703238078175,8312.122192217725,93.57920722991776,4,SYN-ACK,110,2,-77.68113914685341,user,0.22105093784999555,317.24237727876266,Benign
P000926,TCP,Mobile,Off,APAC,3,2,5045.523881525201,7688.114943943361,160.43458953459,2,FIN,53,1,-56.07020909498115,user,0.3867890314148418,309.62143565240154,Benign
P000927,UDP,Mobile,Off,ME,1,0,5839.113402349311,6320.107661860653,61.25071932597125,4,FIN,443,0,-55.4365294302689,user,0.43386660320273085,286.0195409883598,BruteForce
P000928,udp,IoT,Off,US,5,2,2906.521668975693,4352.659309883541,125.60041160083104,4,ACK,25,1,-69.32019636202739,admin,0.19425987255177674,307.8369022441882,Benign
P000929,ICMP,Mobile,On,ME,1,3,4794.816126304389,7440.666189926749,147.68222100903643,5,FIN,53,0,-56.5735602793443,user,0.4164082262349046,301.6104888953656,Benign
P000930,,Server,Off,ME,4,0,5756.77487718538,6371.399127426987,132.38947072193034,8,ACK,143,2,-56.86908582462827,user,0.23862860120943935,318.6817933770499,Benign
P000931,TCP,Mobile,Off,EU,1,2,4767.71937309076,4005.6019245531015,121.89104457313498,5,FIN,443,2,-73.75533154623024,guest,0.5755731895727605,291.91365644038495,Benign
P000932,UDP,Server,Off,ME,1,1,5481.529664219275,7719.119265650401,168.94596808953295,3,SYN,143,0,-55.179802773643424,user,0.37765487193272684,323.17277352003435,BruteForce
P000933,TCP,Mobile,Off,EU,1,2,5450.523158780059,5515.30062617656,105.45183327338319,5,FIN,443,3,-49.064066571498834,user,0.2782238051604199,273.06143641183183,Benign
P000934,TCP,Server,On,ME,2,0,4035.7392533186357,5409.0803305299005,157.73922562352897,2,SYN,110,2,-48.99266429764724,user,0.1970486032121729,304.90732272328904,Benign
P000935,udp,IoT,On,ME,2,1,5354.9895828631015,7056.954665212934,119.13785117772757,4,ACK,53,0,-55.7569193616317,user,0.5589773047739474,295.0642617632116,Benign
P000936,UDP,Workstation,Off,ME,4,0,2524.7031319424527,4827.7906523403,108.47896818134932,5,ACK,25,0,-75.99873829469593,user,0.5448223368288405,275.5257182258611,Benign
P000937,ICMP,Server,Off,ME,1,2,6528.327878176954,5630.560495824945,54.56429910581393,7,SYN-ACK,143,0,-72.35737220355387,guest,0.7096408394153163,272.91760467064717,BruteForce
P000938,UDP,Server,Off,ME,0,1,4354.933985326922,2422.5179146559694,127.80557844247093,7,SYN-ACK,22,0,-70.06787655907348,user,0.33705554280023164,279.6867038658491,Benign
P000939,udp,IoT,Off,US,6,2,6592.00642637926,,85.64168921571482,7,ACK,143,0,-60.021364390442066,admin,0.17304506129943684,277.2870908483392,Benign
P000940,TCP,Server,Off,EU,3,1,5152.359654527696,7892.662594237826,117.45400767561704,4,SYN-ACK,21,0,-66.51793236377293,user,0.17375693309758086,287.2504352606523,Benign
P000941,TCP,Workstation,Off,EU,6,1,1963.3383073115297,2955.0257335967312,137.3910258131847,6,ACK,22,2,-66.21419222453108,admin,0.3526591722467055,280.464380728847,Benign
P000942,tcp,Server,On,EU,2,0,4207.0697222971285,9587.434320916827,139.236984848756,5,SYN,3389,0,-69.45113687492425,user,0.6256042471309046,288.82553605368764,Benign
P000943,,Server,On,APAC,3,0,1562.0659596733426,5193.45170279322,162.39680276798634,7,SYN,443,0,-62.255175470858674,user,0.09745562836407738,317.55332859031256,Benign
P000944,TCP,Workstation,Off,ME,3,1,4931.694820331133,7369.268036801061,133.8818282878366,5,ACK,110,0,-44.33627307083974,user,0.2967690402944935,264.30039507650656,Benign
P000945,TCP,IoT,On,EU,1,1,6094.563341958018,4870.051354937143,131.54829083046428,8,ACK,110,1,-65.25544307273158,user,0.25935667489237957,297.35595032832714,Benign
P000946,,Server,On,ME,2,2,5175.874741124512,4533.620699271692,81.02313655606329,4,ACK,53,1,-72.56028337170432,admin,0.2134171368638036,259.38162601191647,BruteForce
P000947,TCP,IoT,Off,EU,1,0,4426.569451710887,3546.519040725722,122.83801674594326,4,ACK,3389,0,-54.31165475046626,user,0.5604272742300163,326.4888552935738,BruteForce
P000948,TCP,Server,Off,US,0,3,3104.6267992003222,,116.06219853120176,6,SYN-ACK,22,0,-55.63024258911008,user,0.594089671259986,273.19686265274555,BruteForce
P000949,,Server,Off,ME,1,0,5337.450262635698,6661.113079238361,148.7704220708918,3,ACK,25,1,-80.92687362184614,user,0.3044424501045896,292.93769601675706,Benign
P000950,TCP,Mobile,Off,ME,0,2,4923.91120696968,4393.098655025186,95.07842683837245,6,SYN,21,3,-44.57773165190754,user,0.29913493291711984,290.22041442522305,Benign
P000951,UDP,IoT,On,US,3,0,4074.8908180551616,7123.516434446143,116.67186649022548,6,FIN,143,2,-49.52291101006723,user,0.26733192921663257,274.6727589312326,Benign
P000952,,Workstation,On,ME,2,0,6207.445272609182,7226.344728378046,124.75298222907631,6,ACK,3389,1,-53.31505799451046,user,0.19686320099804194,290.1314450557037,BruteForce
P000953,TCP,IoT,Off,APAC,1,1,3397.567788771854,5694.315188613728,132.9495347527321,4,ACK,3389,0,-64.42214924933998,user,0.0351311822897868,318.681510550142,BruteForce
P000954,TCP,Mobile,On,EU,1,0,3078.264613927513,2797.4397026542442,138.0131318830156,4,ACK,25,0,-64.49793707110109,guest,0.5629054075411404,304.78805280686043,BruteForce
P000955,TCP,Mobile,Off,EU,4,1,4868.660296837941,7144.071724095746,137.25307834101915,2,ACK,443,1,-75.75755264586032,user,0.567580789127319,304.5938557195191,Benign
P000956,UDP,Mobile,Off,EU,3,3,2767.6100799398623,6872.797289610908,141.54525616938363,4,FIN,443,1,-58.03255183638575,user,0.2984921994429183,291.87097157211474,Benign
P000957,TCP,Server,Off,ME,5,0,4888.918631780993,,92.6943166355754,3,FIN,443,3,-53.210660177537704,user,0.7484663164791282,277.7269177903293,Benign
P000958,UDP,Mobile,Off,EU,2,0,3053.3690978282675,4821.618056695273,101.43981966242194,7,ACK,80,1,-61.306248901853145,user,0.18127160284314733,275.5572056802184,Benign
P000959,tcp,Workstation,Off,APAC,2,1,3008.1381742155136,7932.444956217213,117.48725746370849,2,SYN,22,0,-58.586659206514966,user,0.5074047052758569,275.53774602039357,Benign
P000960,UDP,IoT,Off,US,1,1,5811.448766216116,4558.125528192046,122.28424923176748,6,SYN-ACK,22,1,-42.660920632641485,admin,0.33182107545776945,312.41472737761933,Benign
P000961,tcp,IoT,Off,ME,0,2,6104.368241737141,5907.326052131066,132.80755551512743,6,SYN-ACK,53,1,-69.35337563937348,admin,0.43367034851784053,307.5887692078136,Benign
P000962,TCP,IoT,Off,ME,2,1,3885.33208436777,3584.822259138563,147.78437829101804,2,SYN,80,3,-71.37775218369114,user,0.08121318816115206,296.40081796688236,Benign
P000963,UDP,Workstation,On,EU,5,1,4852.840854792506,2165.926314509802,87.28843641688943,1,SYN-ACK,3389,1,-56.465185421104856,admin,0.3590566370191744,281.7581094651773,BruteForce
P000964,TCP,IoT,Off,APAC,3,1,3924.643109015192,4843.533497021654,153.48861756865801,5,ACK,143,1,-41.16773217999106,user,0.13060114386032953,303.85583058126304,Benign
P000965,,Mobile,Off,US,0,1,5319.4265551237195,7087.421278683214,134.89369279931762,3,FIN,21,0,-62.400809095325016,user,0.4401085334474679,296.4913938725792,Benign
P000966,TCP,IoT,On,EU,1,0,1425.7157551851278,4669.371339837665,163.48060701229036,7,ACK,80,1,-61.132738282165704,user,0.38626394342852777,295.839969892558,Benign
P000967,TCP,Mobile,On,ME,3,3,4705.562099355693,5321.02814742976,128.65538845427477,6,ACK,22,2,-50.4510086462489,user,0.2193693892175981,271.8793381395969,Benign
P000968,UDP,Workstation,Off,US,1,1,3722.8534067314586,4598.813327348564,106.71627465632142,6,FIN,22,1,-69.75283720526707,admin,0.3406723777211186,278.9098634095938,Benign
P000969,udp,Workstation,Off,US,2,0,4663.372764881003,3215.7954635290225,94.03634980704135,3,SYN,143,1,-45.893116231867694,user,0.1414322641444251,272.3001358854823,Benign
P000970,TCP,Mobile,Off,APAC,2,0,7439.288320470872,6366.777838458542,102.77120379193269,5,SYN,143,0,-54.714129907544134,admin,0.10903233100590269,310.6025956259445,Benign
P000971,TCP,Workstation,Off,EU,3,0,4521.1740506800625,,145.08738426076965,3,SYN,80,2,-77.39368640982829,guest,0.4079701213848614,284.2634526561153,Benign
P000972,,IoT,Off,ME,0,1,5052.520609373031,5524.767788825874,127.03530895292167,7,SYN,3389,1,-64.3432890339379,user,0.12228982425395228,281.22538475693653,Benign
P000973,UDP,IoT,Off,ME,1,2,3463.2733473053904,4591.511169358797,107.39434892611243,7,SYN,53,0,-66.16569400293852,admin,0.29922031029758417,257.57542880372034,BruteForce
P000974,TCP,Mobile,On,ME,2,1,4784.473465610216,6008.94091848665,62.84839173737811,6,SYN,53,4,-67.67595917357319,user,0.3767348364165594,256.5068213385919,Benign
P000975,udp,Workstation,Off,ME,0,3,5186.646901458609,5489.992076467692,140.37415472268773,6,SYN-ACK,110,3,-71.62524171524225,user,0.12370826430317933,300.3524483641358,Benign
P000976,udp,IoT,Off,US,3,1,9527.302113132559,3820.1888567096375,90.2514628838695,10,ACK,143,0,-63.47751092836939,user,0.18437586012676485,344.82727410575774,BruteForce
P000977,TCP,Server,On,ME,1,1,7469.474322786128,9514.998882193016,74.35167121583524,2,FIN,80,2,-60.037069717695324,user,0.29683617264150086,282.07940281049343,Benign
P000978,TCP,Mobile,Off,APAC,1,1,7115.993991516639,4290.635396412059,10.0,3,FIN,3389,0,-49.08341774001681,user,0.27340128824002186,259.35919080238983,Benign
P000979,TCP,Workstation,Off,EU,5,0,4293.924871425832,7622.3471747208905,137.02919584156828,11,FIN,21,0,-76.90678434342914,user,0.189628878046218,331.41085099231327,BruteForce
P000980,TCP,Mobile,Off,EU,3,0,3068.5115349542466,6921.255766988583,155.59491778260642,9,ACK,80,0,,admin,0.3410684142871842,321.18595912189375,Benign
P000981,tcp,Server,On,EU,3,0,2880.4049913897256,7847.459860632342,148.50565118939917,4,SYN-ACK,22,0,-40.77952589037433,user,0.08054782416996771,285.84366794178317,Benign
P000982,udp,IoT,On,EU,3,3,6461.297573483096,6819.645335301257,142.55136120509962,7,FIN,53,0,-65.53533179022705,user,0.22527664612530826,298.9738926639947,Benign
P000983,UDP,IoT,On,EU,4,1,3430.7469566963027,7839.331561727375,83.20219453608973,6,ACK,110,1,-64.74484391438602,user,0.6374783838724467,242.1556288883475,Benign
P000984,UDP,Workstation,Off,US,2,3,3552.0776283165533,8705.284744065308,112.46551116374378,5,ACK,143,0,-42.00204989096582,user,0.6712763107132274,288.82956985864064,BruteForce
P000985,ICMP,Mobile,Off,APAC,3,2,2933.2792112096213,,743.5881272412896,2,SYN,3389,0,-56.134872306601444,user,0.5149851985576553,239.97384251930964,Benign
P000986,,Workstation,Off,US,4,3,5710.197990406727,8702.069313101456,142.9495285270892,9,ACK,80,0,-57.24794745731118,user,0.13787091193325937,280.15009742271366,Benign
P000987,ICMP,IoT,Off,APAC,2,2,5077.0544175344685,5653.6049158748765,66.55858521511843,3,SYN,53,0,-57.68378397415539,user,0.4145916982734549,256.0363582480019,Benign
P000988,TCP,Server,Off,ME,2,0,3513.762351987353,2580.332476921008,136.5115217851077,16,ACK,22,0,-55.32308601032173,user,0.3721792282302363,302.8063618509672,Benign
P000989,udp,Workstation,Off,ME,0,0,7602.74952213659,6086.046005584024,104.86829538235129,5,FIN,80,0,-53.94884075382744,user,0.2611803044266829,318.28753552061505,Benign
P000990,TCP,Mobile,On,EU,0,0,4427.61550881713,4860.228209955423,113.3890360653941,6,SYN-ACK,25,0,-63.22746273826603,user,0.28027683849534135,287.27910750718723,BruteForce
P000991,TCP,Workstation,Off,US,2,1,3936.4856690891393,8864.67315840628,138.41329101303634,3,SYN,3389,0,-61.641638386081446,user,0.0462153886234361,291.2163009208078,BruteForce
P000992,UDP,Mobile,On,US,2,0,4236.547547840062,5690.621881711908,89.71137377962165,8,ACK,443,1,,user,0.27621455360913527,289.8806115216564,Benign
P000993,,Mobile,Off,APAC,3,0,5204.243096018985,1483.0691400083824,112.15131200365715,4,SYN,25,1,-75.2829831151396,user,0.3865202973960025,276.2555111028053,Benign
P000994,,IoT,Off,ME,4,2,6649.560736614042,4728.943093676067,127.30971011118378,10,ACK,143,1,-61.14948564195212,user,0.2801849637758218,321.90987099318585,Benign
P000995,TCP,Server,On,APAC,2,1,3676.8174181705176,9539.680924817538,83.99732494534828,3,SYN-ACK,25,2,-62.472942796743325,guest,0.17845927434920425,289.4359751867246,Benign
P000996,udp,IoT,Off,APAC,1,1,5026.688154770233,,127.62368546353875,4,ACK,3389,1,-73.531114257965,user,0.11795977111769537,288.80550428904775,BruteForce
P000997,TCP,Server,On,APAC,1,0,5932.561578252532,6435.781727351438,96.90397882220509,3,FIN,22,1,-53.63459965139175,admin,0.02793655715243597,300.4072869978114,Benign
P000998,TCP,Workstation,Off,APAC,3,3,4525.63048568344,8218.191523542937,127.70585401339372,8,SYN-ACK,22,2,-78.99895702926446,guest,0.2062218414414884,291.8325164655625,Benign
P000999,UDP,Workstation,On,US,1,1,7744.053385774802,7483.226560488874,99.0991042272594,4,ACK,25,1,-62.46775495124938,user,0.4026908262831221,272.51869969383586,Benign
P001000,ICMP,Mobile,Off,APAC,2,1,7610.143641888508,7457.731496230986,87.495085824679,5,SYN,22,1,-59.26174789717253,user,0.059674760175450425,309.98206165085674,BruteForce
P001001,udp,Server,Off,US,0,0,6352.1749976045685,5544.977816964101,126.84457832040381,5,FIN,3389,1,-65.10658338974906,admin,0.07117824479890078,296.6908571223931,Benign
P001002,tcp,IoT,Off,US,5,0,6649.068444468085,7767.216550040682,97.35938548243317,6,ACK,25,0,-69.24909263897615,user,0.10092424249548619,284.95223780846857,BruteForce
P001003,TCP,Mobile,Off,EU,2,2,5136.653845058826,7675.297783340958,109.88256949100327,6,FIN,53,1,-53.15137459137626,user,0.38161344265752184,292.37429304860865,Benign
P001004,TCP,IoT,On,APAC,2,0,5410.2320278869975,7477.52409933839,91.33525972852547,2,SYN,110,1,-62.32712963831824,admin,0.19771630322214542,262.3612259920053,BruteForce
P001005,TCP,IoT,Off,EU,3,1,4947.454205537387,8194.591438474394,128.58425811934262,10,ACK,22,3,-51.57084487984356,admin,0.23540121495755656,278.6031614451169,Benign
P001006,udp,IoT,Off,APAC,2,5,6195.694927800323,6628.5631755350005,84.30079681540585,7,SYN,21,2,-41.010837976049515,user,0.2183881073564449,278.0056225091455,Benign
P001007,UDP,IoT,Off,APAC,0,1,5036.283608564602,4956.652264835988,91.26992771569017,3,ACK,443,3,-52.92035268321163,guest,0.26015811937480127,284.8101427445635,Benign
P001008,,IoT,Off,APAC,2,4,4080.4698924015374,7070.94281164868,107.4372551377859,4,SYN,22,1,-53.72651409407886,admin,0.24086163179140854,290.55684009931383,Benign
P001009,UDP,Server,Off,US,5,0,5771.074380807076,5259.658398143168,106.99940195910386,6,ACK,53,1,-40.6492296961104,user,0.2206748078563239,287.8050246907798,Benign
P001010,,Workstation,On,EU,5,2,3338.843770958936,6467.5723450549085,141.87621730217964,6,ACK,80,0,-58.95508387014978,user,0.5608811127444524,293.89653418036266,Benign
P001011,ICMP,IoT,Off,APAC,2,0,5057.200043104288,5066.237419549891,70.54979913650327,3,ACK,25,3,-62.06506126111189,user,0.13359274472970473,265.779719519094,Benign
P001012,UDP,IoT,On,APAC,3,1,5740.771466756437,6819.5556935321365,125.22984820812009,3,SYN-ACK,110,1,-63.81325295704112,user,0.4428826011288509,263.1092712670964,Benign
P001013,TCP,Workstation,Off,EU,2,0,2022.459505077397,4423.051861128837,75.25038725213795,3,ACK,80,1,-68.75419108452088,guest,0.24744057792551388,254.15347623829246,BruteForce
P001014,ICMP,Server,Off,APAC,1,1,3826.6474171359723,2615.0755422569755,157.52177069570553,5,FIN,25,0,-74.57002752976754,guest,0.29457938412724355,342.09312550443275,BruteForce
P001015,udp,Mobile,Off,EU,3,1,2140.579320552639,4950.010759267063,128.8758306740801,4,FIN,110,0,-55.18235907053577,user,0.09901753557613364,286.85664820795427,Benign
P001016,tcp,Workstation,On,EU,1,1,5856.542256186874,8119.002846607431,70.48715067422114,6,ACK,443,1,-47.63541996932102,user,0.21037295230137798,255.46384914456115,BruteForce
P001017,,Mobile,Off,APAC,1,0,7822.475035407328,5752.582317326263,86.18031720767326,6,FIN,443,1,-49.67068768020948,user,0.35947155298451827,280.6804261523719,Benign
P001018,UDP,Mobile,Off,ME,2,2,3683.9161527918623,6845.152578622679,152.0227316240278,4,SYN,21,1,-52.63893602275863,user,0.04013898866780465,324.80716020431186,Benign
P001019,TCP,Workstation,Off,ME,4,0,5540.050028932973,7628.164375160941,119.8761655917503,3,SYN,22,1,-64.71811040257771,user,0.22340149397132578,308.19751974823885,Benign
P001020,,IoT,On,US,2,1,3771.19412053424,489.07025104387776,163.2166715749578,3,SYN,110,0,-60.788957834133456,user,0.20021996144550103,272.42219722898074,Benign
P001021,TCP,Mobile,Off,APAC,5,3,4471.31073199945,9542.902438508085,136.82538269638346,5,ACK,22,3,-57.314106956927716,user,0.1507548974045372,285.51691818778323,Benign
P001022,ICMP,IoT,Off,US,3,0,3715.543026775088,3461.14321638115,96.06776866284821,3,SYN,143,2,-73.85356129744203,user,0.21104847527944265,273.4103818714126,Benign
P001023,TCP,Server,Off,EU,1,2,4773.297640602127,6558.581125635926,143.3165489800571,7,SYN-ACK,53,1,-59.01216066668722,user,0.3183418974046326,326.2028305687831,Benign
P001024,UDP,IoT,On,APAC,4,0,5184.302825969137,3849.798011795848,185.08947220906418,4,SYN,53,2,-48.36562407923293,user,0.6251386797901826,284.7888216498853,BruteForce
P001025,UDP,Server,On,APAC,4,4,6465.257190064747,,118.79415515119643,6,ACK,110,2,-77.38970974595213,admin,0.23694576926373762,288.3244188009169,Benign
P001026,TCP,Mobile,On,APAC,0,1,6621.911242445103,4765.9103939792885,135.36176532905344,8,SYN-ACK,110,1,-51.54800224981408,user,0.21624423068814178,321.51188071434893,Benign
P001027,TCP,IoT,Off,EU,2,2,4653.695287441951,5811.653601383417,127.1182911027895,5,ACK,443,3,-78.67294021539016,user,0.4433772061771247,306.49127012338016,Benign
P001028,UDP,IoT,Off,APAC,4,3,3161.554027148368,4369.203091450656,119.83707486998901,11,SYN,25,0,-36.82814360820927,user,0.13833144144903728,300.40179250743216,BruteForce
P001029,UDP,Server,Off,EU,1,0,6135.431069844214,9178.937665019173,168.2631284654931,8,SYN,53,2,-59.923701961735844,user,0.5548060572533013,342.06985652483286,Benign
P001030,UDP,Workstation,On,US,4,0,7264.392520130952,8568.287521535494,112.2960611802997,1,SYN,3389,0,-66.74199044590189,admin,0.2881880324058415,303.3193738949557,Benign
P001031,ICMP,Server,Off,APAC,4,0,4520.362980675471,7856.319480841257,110.07720763857114,5,SYN,25,1,-66.87640663826221,admin,0.4294089683891289,305.78933077986477,Benign
P001032,TCP,Workstation,Off,APAC,1,2,6658.149602301301,5721.496327574203,56.333142507667034,7,SYN-ACK,443,3,-58.74150154887328,user,0.3620682928162402,294.6177922615478,Benign
P001033,UDP,Server,Off,ME,5,0,3553.1184404915366,5864.4941121718475,65.90944792679436,4,SYN-ACK,22,2,-70.59182544674194,user,0.21139247487209598,274.44600627519145,Benign
P001034,TCP,IoT,On,APAC,2,0,3189.8023018697063,6661.628972373394,109.17364477186183,8,SYN-ACK,143,1,-55.37035036776626,user,0.179354765310902,290.88996855348347,BruteForce
P001035,udp,Mobile,Off,EU,1,1,2389.2504136231037,6817.241102512428,128.3239747701061,5,SYN-ACK,443,1,-51.328693099998844,user,0.21699137186540848,281.8513336034426,Benign
P001036,TCP,Workstation,Off,EU,0,1,5642.162249617129,4260.163949409169,144.8827726865897,8,ACK,25,2,-65.57527042066708,guest,0.17839540320985972,337.4653799534861,Benign
P001037,UDP,Mobile,On,US,0,1,5372.417339612858,,160.4765312659841,8,SYN-ACK,21,1,-86.77735825697906,user,0.44659840962673575,338.92286618286545,Benign
P001038,TCP,IoT,Off,APAC,1,0,5659.19019809055,3974.9186384531354,116.28192149195723,6,FIN,22,0,-70.44213655501267,user,0.16278116062327122,293.8124419069552,BruteForce
P001039,TCP,IoT,Off,US,2,1,4673.215231887338,6831.958409319448,85.78262043174813,3,SYN,3389,0,,user,0.18558512422219048,267.10826797839263,Benign
P001040,tcp,IoT,Off,EU,1,1,7035.005066157073,2989.3537785409612,118.57667011111792,3,ACK,80,1,-54.90284117035066,guest,0.193555104056987,300.0907393457906,Benign
P001041,UDP,IoT,On,US,1,0,8669.778612371216,9158.753617255119,74.07141423430772,4,SYN,53,2,-58.78154708057932,user,0.5327198349608032,320.46796334282175,Benign
P001042,UDP,Workstation,Off,ME,3,1,6236.858661071799,,116.60036172715226,8,FIN,22,0,,user,0.18495332402667206,315.3629652600311,Benign
P001043,udp,Server,Off,US,1,3,6220.482984360871,9711.891687550307,112.69686398623105,2,SYN-ACK,22,0,-62.049583075401905,user,0.12486209347864687,296.3809175153643,Benign
P001044,TCP,Mobile,On,US,1,1,4800.870994131315,5871.155029880048,130.47491124207832,8,FIN,443,1,-45.83098762566311,user,0.4073428816432943,295.10824243794457,Benign
P001045,ICMP,Mobile,Off,EU,4,1,5168.877337404604,4815.429483360099,128.97937532638215,9,ACK,21,1,-60.58835092240055,user,0.11384248563001678,265.1933487062846,Benign
P001046,udp,IoT,Off,EU,1,0,5380.626094004965,4968.871502223952,123.88633285521223,4,SYN-ACK,443,2,-57.41977132514957,user,0.2552207321710812,304.46333102717676,Benign
P001047,tcp,Workstation,Off,US,1,3,3988.653755071182,7253.865152779167,128.6583715393927,2,ACK,21,0,-45.44782995076487,user,0.1784026924752465,272.3309341698207,Benign
P001048,TCP,Server,On,US,5,2,5131.688240302494,,156.58563919465945,4,ACK,80,2,-60.87380085462948,user,0.36373984276059357,311.5708524451297,Benign
P001049,UDP,IoT,Off,EU,1,0,5067.715327864079,4870.102513487508,72.56656414321665,5,SYN-ACK,21,1,-78.93997352418998,user,0.595099291099791,265.805777272771,BruteForce
P001050,TCP,Workstation,Off,ME,0,0,5072.548192601115,6605.109396786218,123.32005998442479,5,FIN,22,0,,user,0.2436243699000625,297.1279660712453,Benign
P001051,UDP,IoT,Off,ME,2,1,5170.6105284453015,4353.505724677356,133.5456689105202,1,ACK,80,1,-66.53208550402678,user,0.0408785630084067,299.7833690600858,Benign
P001052,UDP,Workstation,Off,APAC,1,2,2816.6357909889866,9236.127320207765,50.22668519966243,3,FIN,22,2,-63.57448961766162,user,0.2324026252567678,219.81623544719926,Benign
P001053,ICMP,Server,Off,ME,3,1,5443.026527444465,9261.893557753316,146.68835639604256,5,ACK,110,1,-53.333538263823314,user,0.16571782380270772,317.72265507658665,Benign
P001054,udp,Server,Off,EU,0,0,6749.612752139272,5541.127653827209,115.7022455944118,7,SYN,80,2,-71.6765648879608,user,0.42447406342223054,296.6445040105018,Benign
P001055,UDP,IoT,Off,ME,1,0,3800.8559176824892,5451.801110957056,117.85075638971523,5,SYN-ACK,25,1,-58.44626184479631,user,0.5399889895468002,271.60074167089624,Benign
P001056,,Server,On,EU,2,2,6786.994928787421,8630.134294964073,143.2278770893833,5,FIN,80,0,-68.42380644436668,guest,0.5154417041805464,314.1144274571862,Benign
P001057,TCP,IoT,Off,US,1,0,5116.383338044798,5497.848511367007,102.40333491331288,1,FIN,25,2,-63.29837001778849,guest,0.186942102162586,263.7002604076283,Benign
P001058,TCP,IoT,Off,US,5,1,4614.362538151977,3507.5897332966833,57.84702425689866,9,SYN-ACK,21,1,,user,0.3615909374801182,235.4653583522421,Benign
P001059,TCP,Workstation,Off,ME,1,0,1507.5728493526226,4467.129712766505,117.88864850501936,2,SYN,53,1,-82.50290705488206,user,0.25355530390897457,258.5818055090516,Benign
P001060,TCP,Workstation,On,APAC,1,2,4346.146804910543,6813.594816519415,629.3460167801479,5,SYN-ACK,110,1,,user,0.3293550248680729,269.9165670488237,Benign
P001061,TCP,Server,On,US,5,1,4479.677506709443,5291.171312479398,105.46696919532324,3,SYN-ACK,3389,0,-67.2651687442505,user,0.24123358867018677,276.62533609240575,BruteForce
P001062,TCP,Workstation,Off,US,2,1,6195.146831189333,6609.855923994883,115.8795655216056,7,ACK,110,1,-44.74188583957495,user,0.42989764010435055,300.8782304038947,Benign
P001063,TCP,Mobile,Off,APAC,4,1,3424.983214010935,2984.7954878225282,102.47958623040326,6,SYN-ACK,143,0,-64.99060122059478,user,0.38115633837383933,307.9483643623303,Benign
P001064,ICMP,Server,Off,EU,3,0,4107.480478987558,5535.747835299049,118.38530280137105,3,SYN-ACK,25,0,-54.77538105013618,user,0.14007328362313912,286.02838051248347,BruteForce
P001065,ICMP,Workstation,Off,EU,2,2,6546.980361629738,8033.28000289483,128.17700124924707,5,ACK,143,1,-62.313174219960324,user,0.2756458412897467,300.2405372009688,BruteForce
P001066,TCP,Workstation,Off,EU,2,2,4972.560508752436,7036.398528320127,147.5028884299113,8,ACK,22,0,-59.43520701506263,admin,0.4190835833430094,308.099913347217,BruteForce
P001067,udp,IoT,Off,ME,1,2,4894.128530422688,4027.5610872037378,137.3027092345867,6,ACK,143,2,-75.56712157813548,admin,0.06937040791206407,295.1834909918106,Benign
P001068,TCP,IoT,On,US,3,2,4831.5906286239915,5657.796564051915,121.76724587491243,4,SYN,53,0,,admin,0.23787176170648833,290.92732551181007,Benign
P001069,udp,Server,Off,APAC,1,0,4904.220994795151,7355.686947947537,74.9744260029983,3,FIN,3389,0,-53.09460461444712,user,0.14637009396219702,277.2965283169106,Benign
P001070,udp,Mobile,Off,EU,1,1,5773.504397803046,,155.09072263604145,2,SYN,22,0,-77.30598041875481,user,0.28123269762174596,317.8813903561085,Benign
P001071,TCP,Server,Off,US,1,0,7572.406011321262,8300.259062205372,84.30084015688392,2,ACK,80,1,-66.43087858227835,user,0.18338015626385645,258.05093404503145,BruteForce
P001072,TCP,IoT,On,APAC,2,1,4427.014493243109,7163.139861504563,98.02905319276232,4,SYN-ACK,143,0,-69.98536528956731,user,0.3908868558347413,295.9689433748379,BruteForce
P001073,ICMP,Workstation,On,EU,1,1,3742.9635394459206,6784.667827255444,153.17642471436295,3,ACK,143,0,-37.275440901418,user,0.20773573772660334,299.70961549710216,Benign
P001074,UDP,Mobile,Off,EU,1,1,7813.12527135559,884.997541971401,137.34755958411034,5,ACK,143,1,-64.87269212370697,user,0.06919380953139453,327.65019918391863,Benign
P001075,udp,IoT,On,ME,2,3,4157.303711025833,4992.683723784125,130.93005608900282,4,ACK,143,0,-64.51040316161023,guest,0.2533023188057976,312.2995937458839,BruteForce
P001076,udp,Workstation,Off,US,1,2,4948.033724803346,4559.789520206102,138.98853013446694,4,SYN-ACK,110,0,-77.41206480436591,user,0.03421285060718902,282.70931351954624,Benign
P001077,TCP,IoT,Off,ME,0,0,8430.685914052927,4894.1480404582035,90.63811807541038,3,SYN-ACK,143,0,-63.936655202933885,user,0.41762070043102667,299.71193661823344,Benign
P001078,TCP,Server,On,US,0,0,5090.8210235560255,6887.805358630558,153.9033602107237,4,ACK,22,2,-68.39452562914454,user,0.26834273906475903,317.4734391531066,BruteForce
P001079,TCP,Workstation,On,ME,1,1,5261.628953320652,3459.581579663036,150.68997854873732,5,FIN,143,2,-59.161575832546085,user,0.23147085582493956,312.73945108572855,Benign
P001080,tcp,Server,On,US,2,0,4420.773854995107,4870.570500584639,98.20113936868258,4,FIN,143,2,-62.09674816465412,admin,0.6406827027321751,289.68145421152394,Benign
P001081,,IoT,Off,ME,1,2,4052.3540576870064,8702.752424372033,116.68824897989973,2,ACK,21,1,-88.57667250035047,user,0.213203806871385,280.93818825657263,BruteForce
P001082,TCP,IoT,On,ME,6,2,5229.47236044477,9082.244240785429,151.37419603914827,4,SYN,143,0,-53.829996365475054,user,0.2005618775836754,305.8942078049196,BruteForce
P001083,UDP,Server,On,ME,3,4,4363.245296631687,6726.026066583361,128.07548611164515,3,ACK,3389,3,-69.83470469333648,user,0.48758628668019965,284.9669180726523,Benign
P001084,udp,Server,Off,US,2,2,4376.435697176056,,132.76681938490793,9,ACK,143,1,-52.17809450177133,user,0.4985501115183142,295.6046766755729,BruteForce
P001085,UDP,Workstation,Off,ME,1,0,5767.988481902527,8105.515699135182,57.46705598955352,6,SYN-ACK,3389,0,-61.05943386497282,user,0.08714613190359842,269.81693484489074,Benign
P001086,TCP,Workstation,Off,ME,2,1,5585.317873553531,1711.3872441372332,129.3725759236552,2,SYN,25,1,,guest,0.5406013947944324,286.078121832212,Benign
P001087,UDP,Mobile,Off,ME,5,2,5719.559256990279,3542.8777099426698,181.77297167273764,7,SYN-ACK,110,1,-69.84686772631404,user,0.5704451128726838,333.1712397700715,BruteForce
P001088,UDP,Mobile,Off,EU,1,2,3621.5104748600047,7399.413592032904,127.63939755836196,3,ACK,110,0,-74.64925683530842,user,0.35005042465820096,287.87551716371854,Benign
P001089,ICMP,IoT,On,US,2,2,4782.567299330173,5432.822749658459,135.4081757112201,3,FIN,143,1,-66.01950437479763,user,0.6561329003685616,291.0735112510769,Benign
P001090,TCP,Server,Off,US,1,0,5740.379791913949,2299.53963986535,66.89657678170019,3,SYN,110,0,-70.37523703280948,user,0.22809582920274862,247.4630635465925,Benign
P001091,TCP,Server,Off,EU,3,2,3831.39523501199,3599.535997864967,70.96473611603302,6,SYN-ACK,3389,1,-73.59684376748726,guest,0.11071226435123971,256.59450737352273,Benign
P001092,TCP,Server,Off,ME,4,0,4448.290911824649,5567.680672704746,156.8712415889272,2,SYN,22,2,-66.05516319103414,user,0.17738294226710474,349.33460896246953,Benign
P001093,UDP,Workstation,Off,ME,4,0,5515.9794805331985,6713.434363369663,120.03653497017106,4,ACK,80,2,-52.01506747989932,user,0.4776497579244903,291.23638060965885,Benign
P001094,UDP,Server,On,EU,4,0,5224.127071768121,,128.48865518300164,5,SYN,443,2,-53.91763895090276,user,0.1980805255029735,288.36279455929673,Benign
P001095,ICMP,Mobile,Off,EU,2,2,4747.85907673794,8009.824413334232,110.92885761580361,6,FIN,3389,2,-66.32183588323218,user,0.19677323389429557,273.66030300612084,BruteForce
P001096,UDP,Workstation,On,ME,0,0,5729.698610385216,7049.703978080515,112.29916698304879,8,ACK,110,0,,admin,0.2407518054467125,291.8625265139283,Benign
P001097,tcp,IoT,Off,ME,1,2,6382.363208495104,,88.72719895531273,5,FIN,25,1,-77.51136185581366,user,0.4280533825468971,269.1539389522546,Benign
P001098,UDP,Mobile,On,APAC,1,0,8322.22242146365,3388.7255373428834,105.48272579399352,4,ACK,143,0,-58.11793446400849,user,0.10777307019556004,279.71577100713733,BruteForce
P001099,UDP,Workstation,On,EU,4,0,4780.384744719582,7813.824202326538,142.723566035894,3,SYN-ACK,22,0,-58.07915264871644,admin,0.2433265437201554,300.59001517245684,BruteForce
P001100,,Workstation,On,US,5,2,3127.6066105943164,3785.6893516957102,82.57543913523793,7,SYN-ACK,53,0,-57.292268480205934,user,0.1089671267315889,255.02250776215067,BruteForce
P001101,TCP,Mobile,Off,EU,2,0,7520.548565341915,4708.877727180587,116.25666791809287,9,SYN-ACK,3389,0,-45.750932493653096,user,0.15171886789232228,299.80954782433173,Benign
P001102,UDP,Workstation,Off,APAC,4,1,3957.750951388507,5455.204683305425,122.65563466136051,6,ACK,80,0,-49.14114890892,user,0.35841805889881245,294.1103225254301,Benign
P001103,UDP,Mobile,On,ME,2,0,3995.623161492608,5577.935107938059,144.9816527618989,5,SYN,110,4,-62.77814948360729,user,0.20700515651061477,283.9114438800814,Benign
P001104,TCP,IoT,On,ME,2,1,6898.8762999468545,6107.580998296187,137.50807362800194,6,ACK,25,0,-71.91969812950458,user,0.24536129777758642,317.40552846008086,Benign
P001105,UDP,Server,On,EU,4,1,6882.2994097982355,5347.9977691338245,149.46101715549048,4,SYN,21,0,-56.63786155983465,user,0.04654351063143148,314.49426973029415,Benign
P001106,tcp,Workstation,On,APAC,0,0,4468.9362186574035,1857.8817088949645,106.3901073093553,3,FIN,443,3,,admin,0.42442102394214914,282.118286456412,BruteForce
P001107,TCP,IoT,Off,APAC,1,3,3178.290948846231,4841.031466162798,117.52380245633974,9,SYN,143,0,-55.0472683963141,user,0.3584752536949164,262.6387390619665,Benign
P001108,,Workstation,On,APAC,1,2,8419.713960476545,6714.001165853629,84.1090169401687,3,FIN,110,1,-60.463357043982036,admin,0.23267192075426735,298.65202305164064,Benign
P001109,,Workstation,Off,EU,2,0,6775.708265539048,8004.9377260254805,140.37348838641006,2,ACK,21,0,-55.81536875714944,user,0.36522620474462514,313.73951718134987,BruteForce
P001110,,Mobile,On,ME,0,0,6417.524120049799,,86.56549654670269,5,SYN-ACK,3389,3,-58.009385885664265,user,0.1767203438021267,296.7768308727491,BruteForce
P001111,udp,Workstation,Off,EU,4,0,3979.8728638660646,5070.3152207910525,94.28728098126872,8,FIN,110,2,-55.48403849807131,user,0.2264058726372783,292.19912302118985,Benign
P001112,TCP,Mobile,Off,EU,2,1,5937.40613999223,7601.161171201335,118.0260291050981,7,FIN,80,1,-58.93485499674816,guest,0.26538768653050276,321.37482954537893,Benign
P001113,TCP,Mobile,Off,US,1,1,2345.5891085650605,6751.35821368137,116.02905024713714,2,SYN,3389,0,-62.283799729024246,user,0.4761318879535813,251.95182499595495,Benign
P001114,TCP,Mobile,On,ME,2,0,5392.954590126262,3674.0808543617345,152.3621592620583,6,SYN,80,6,-46.353342883745334,user,0.19154421484673048,352.84915171377145,Benign
P001115,UDP,Workstation,On,EU,5,1,3269.0812498043433,4816.068861202349,120.3306880332258,3,SYN,53,1,,user,0.17887819216620574,308.1047827415855,Benign
P001116,udp,Server,Off,EU,2,1,3104.104224685525,3528.8002232600816,76.50385856888744,3,ACK,80,1,-56.35929621082078,user,0.13585517175758688,245.35908772229692,Benign
P001117,UDP,Mobile,Off,EU,1,0,3690.153692275519,5882.934529269711,116.97127982029289,4,FIN,53,1,,user,0.4524031153723938,256.7874934282333,Benign
P001118,UDP,Workstation,On,US,1,1,53602.25023882209,7257.212613182003,147.7843673189457,2,SYN,25,0,-72.00158350668579,user,0.4810127697505788,334.4840982193824,Benign
P001119,UDP,Server,On,US,2,1,5137.485153979623,2423.8077230057957,146.74863810035603,6,SYN-ACK,3389,0,-73.12592807678772,user,0.3391003768675678,319.1685168831317,Benign
P001120,TCP,IoT,Off,APAC,1,0,6734.830845349322,6629.159019127167,189.64808882458806,4,SYN,25,3,-45.96267627309324,user,0.4383432675307745,334.66502728647555,Benign
P001121,TCP,Mobile,On,EU,2,0,3841.7923003036203,7217.78710989327,132.52582568280212,4,ACK,22,0,-66.38292276642875,admin,0.3986213325361657,285.5972272732565,Benign
P001122,UDP,Mobile,Off,ME,2,0,5873.120640757105,10065.610627139662,121.83479816997529,6,SYN,22,1,-51.00519990176211,user,0.3611871663412223,282.8925963134281,Benign
P001123,,Workstation,Off,US,2,0,5063.130721522466,,81.12606558363274,5,SYN-ACK,3389,0,-54.334847932490085,user,0.13068774429610025,280.3540324736311,Benign
P001124,TCP,Server,Off,EU,3,3,3139.7917395291624,2454.985129647429,96.94232806929878,2,SYN-ACK,21,4,-57.65517113298276,user,0.2810427112710094,255.59329796007387,BruteForce
P001125,udp,Mobile,Off,EU,3,0,4038.585305708631,7964.638299856853,115.3313569242321,4,FIN,110,1,-68.68256142031291,user,0.3025590093441421,260.49896815096463,BruteForce
P001126,TCP,Server,Off,ME,1,2,6303.772711953955,5521.393902035594,141.05465184832514,4,SYN-ACK,80,1,-74.99305452413225,user,0.4287240352872598,296.77128457599434,Benign
P001127,TCP,Workstation,Off,APAC,4,1,7366.854617526802,4301.326254176315,126.72021738081477,4,ACK,3389,2,-76.69540788906032,user,0.20859365051818285,321.7583335521481,BruteForce
P001128,TCP,IoT,Off,ME,3,2,5629.335688734565,7362.711192342336,149.95389570694738,6,SYN,3389,0,,user,0.2828934248370365,304.0919467859614,BruteForce
P001129,UDP,Workstation,Off,ME,4,3,7465.555203036569,7575.13888240167,118.08124724381727,3,ACK,143,0,-51.69835545362526,user,0.41167718096964495,290.61711591651607,Benign
P001130,UDP,Server,Off,US,4,0,7307.585863916736,9911.060221053132,113.89038720525515,2,SYN,25,0,-47.48765967671544,guest,0.4023478505591667,284.64982794143964,Benign
P001131,UDP,Server,On,ME,0,1,7494.745801329047,8146.15154149579,122.43617380153258,2,FIN,143,1,-64.05543119298325,user,0.16192625429194415,315.85496540374527,Benign
P001132,tcp,Mobile,Off,APAC,2,1,6954.048669416864,6479.6607483942325,134.65008355989323,6,SYN-ACK,22,1,-57.61319446015599,admin,0.2132749341112825,333.3070905389046,BruteForce
P001133,UDP,Mobile,Off,ME,3,2,2531.732961818904,7663.3972874146075,101.99820404289747,7,SYN,25,0,-52.285162945574676,user,0.7417042619504858,283.2521635630321,Benign
P001134,TCP,Server,Off,US,5,1,4456.487856781872,6756.73754190255,128.80808556394382,2,SYN,443,1,-49.46328477338506,admin,0.22326489595696788,283.48481446293147,BruteForce
P001135,TCP,Workstation,Off,ME,2,3,6017.77813276579,4422.618772720692,113.27300743886639,7,SYN-ACK,3389,0,-60.95498284959538,user,0.18084875723148205,286.82061551038475,BruteForce
P001136,udp,IoT,Off,US,1,0,5402.835831144255,7667.987848816387,83.47009878266188,4,SYN,3389,0,-40.82358752492031,user,0.16636287740768463,291.70521119751925,Benign
P001137,UDP,Workstation,Off,EU,1,0,9571.76501021811,,88.0483924564174,7,SYN-ACK,3389,2,-62.10283057809793,user,0.10505154030363656,315.2880500632156,Benign
P001138,TCP,Server,Off,ME,0,1,4698.391527373129,8100.112075212381,131.93933758816328,9,SYN,22,1,-56.246648966072634,user,0.5790387487742099,285.4989216072254,BruteForce
P001139,,Mobile,Off,ME,2,0,3731.4360252895694,5907.144162379991,111.61721428706792,3,SYN-ACK,25,1,-60.810869201288554,user,0.19048689374807812,277.8616633001563,Benign
P001140,ICMP,IoT,On,EU,1,2,5417.368613978405,8098.5046981832475,129.39628097317924,5,SYN,22,1,-42.034097507554264,user,0.15815396913555674,284.9318625603937,Benign
P001141,udp,Mobile,Off,US,4,2,2810.092371136211,3201.4419074083435,92.11330345065329,4,ACK,25,0,-61.070388607768926,user,0.41832631780609086,271.60724223661816,Benign
P001142,TCP,Workstation,On,US,1,0,3300.6329091197513,5163.213183436872,100.09872797060615,10,ACK,110,0,-65.7358761748804,admin,0.15906872852032405,247.48644586171196,Benign
P001143,TCP,Mobile,On,ME,2,1,4111.044936089705,6397.505651330356,96.95157503712369,4,ACK,25,1,-67.47627242612236,guest,0.6127235377630043,271.482540827792,Benign
P001144,UDP,IoT,Off,ME,1,0,5843.084162902616,100.0,139.02364427593173,2,FIN,143,0,-43.29935064897766,user,0.41731531396256444,284.0790609813097,BruteForce
P001145,TCP,Server,On,ME,0,3,5884.809104116282,3174.415757855037,115.57251963879449,6,ACK,110,2,-56.15682386891032,admin,0.45168745425748086,296.2927037145837,BruteForce
P001146,TCP,Mobile,On,US,1,2,4998.7322511577695,5342.245870356683,90.9803717874692,8,SYN-ACK,3389,2,-54.57649365047159,user,0.12965657004484513,285.4476678304438,Benign
P001147,udp,Workstation,Off,ME,1,3,4594.042920955247,3870.977750794261,108.57040658064545,9,ACK,21,3,-44.32699590282205,user,0.019941098212628457,256.25036187021004,Benign
P001148,UDP,Server,On,ME,0,1,3337.1210504990513,7261.156772834422,118.22727205228725,4,ACK,143,1,-51.05940509121707,user,0.5582523746165595,288.3154953621413,Benign
P001149,udp,Mobile,Off,EU,3,2,4577.896383515006,8522.918863339728,117.7339941583119,5,ACK,110,1,-53.47294427128956,admin,0.18899764129983299,300.5797628254135,Benign
P001150,TCP,IoT,Off,ME,4,0,3980.138138439176,5147.246602571386,123.19417213416943,3,SYN-ACK,53,0,-35.66280458325134,guest,0.34086417474673264,292.4880938537213,BruteForce
P001151,,Workstation,Off,APAC,0,1,5957.083256993562,7281.284735129882,139.86660992674453,7,SYN,53,0,-67.81433175938616,user,0.18282766103254447,310.62199011567503,Benign
P001152,UDP,Mobile,On,EU,2,0,7097.247755216384,6030.4800504084205,117.24380003712373,3,SYN-ACK,25,1,-48.17035701526696,user,0.1889690894477017,285.692494709234,BruteForce
P001153,ICMP,Mobile,Off,EU,5,1,5393.4262496028805,8137.102851663387,107.08876663315695,6,FIN,80,2,-59.84002498969318,guest,0.30795832944203955,299.04378997098735,Benign
P001154,udp,Server,Off,APAC,3,1,4790.495870703431,7457.900075463259,103.9699402503991,7,FIN,80,1,-58.80509843938502,user,0.23462405187700552,309.6057753060088,Benign
P001155,TCP,Workstation,On,APAC,4,1,4056.420190865701,7636.512695197236,95.56012468839904,4,SYN-ACK,53,0,,admin,0.3391872536697357,273.57330303065254,Benign
P001156,ICMP,IoT,Off,ME,4,2,8297.606518539853,4179.284060397649,103.02330353315617,6,FIN,80,3,-72.51130073818975,user,0.20880548081998096,321.0420262878441,Benign
P001157,ICMP,Server,On,US,2,0,5531.850326439603,11042.296457760964,818.8802500626953,4,SYN,110,0,-72.87932324912192,user,0.03151893569696621,301.02483695384007,Benign
P001158,udp,Workstation,Off,EU,3,1,5700.319035935379,4517.00385195596,149.26385921279407,8,FIN,21,1,-66.80959488291569,admin,0.36547351084014096,334.6095270213821,BruteForce
P001159,ICMP,Server,Off,ME,1,1,5657.543959996538,2575.4277914658733,139.33091480938026,3,ACK,25,2,-65.50312663967449,user,0.17876618553192614,307.5842567452994,Benign
P001160,TCP,Server,Off,US,2,0,7591.80940966749,5227.501346599244,132.19123459125842,3,SYN-ACK,53,0,-72.25485387189212,user,0.38819309125916795,289.5186346519054,Benign
P001161,TCP,Mobile,Off,EU,2,0,4731.4862060807245,7152.547256192671,88.78606309932536,4,SYN,53,0,-69.229931990539,admin,0.19973031251364012,284.61726328795993,Benign
P001162,TCP,Workstation,Off,US,4,0,4549.3047965007145,,145.59887953209613,6,FIN,21,2,-47.11579542281378,user,0.6471488584495217,308.139296250299,Benign
P001163,UDP,Server,On,US,0,2,5007.81244907464,4305.827292778287,168.6184433609983,8,SYN-ACK,25,1,-31.786986264788236,guest,0.6683657471745217,309.7443954330127,Benign
P001164,udp,Mobile,On,ME,1,0,8344.588589332412,6799.124039923732,128.5154680284756,4,SYN-ACK,53,1,-62.44533138222256,user,0.08378762631928377,327.4398029788036,Benign
P001165,TCP,Mobile,Off,ME,3,1,2520.3929886420506,9089.28509209936,125.35899135315492,7,SYN-ACK,22,1,-74.07298768944608,user,0.3196271360344521,283.726019127338,BruteForce
P001166,TCP,Server,Off,APAC,1,0,3624.994230532972,5073.357383413739,176.7178150156168,6,SYN-ACK,25,0,,user,0.5051050833945431,308.9700141115786,Benign
P001167,TCP,Workstation,Off,ME,1,0,4589.088357208474,6266.618232143687,151.05505996074993,6,SYN-ACK,22,1,-68.9209293126131,user,0.1488151726102429,328.1738484273932,Benign
P001168,TCP,Workstation,Off,EU,2,1,4290.521170353212,8110.619943058254,105.19642972913715,5,FIN,25,1,-71.22031701685117,admin,0.46637557001023455,285.42959918085484,Benign
P001169,TCP,Server,Off,EU,2,2,4655.591587825833,6673.160305679837,107.13756284937327,5,ACK,21,0,-72.28979213420808,user,0.33946507008900956,278.6497597722408,BruteForce
P001170,TCP,IoT,Off,ME,2,2,8637.121712071214,6442.860780311931,130.16689579857643,4,ACK,3389,1,-58.59732479395559,user,0.12762776473555174,312.8297451405521,BruteForce
P001171,udp,Server,Off,EU,0,2,6285.20168332769,5685.904134430115,125.70551282081027,5,FIN,3389,0,-64.73007801459701,guest,0.22792834153573144,304.9221107322833,BruteForce
P001172,tcp,Mobile,Off,EU,3,1,4959.484120935855,11925.852997587635,105.80200244229044,8,SYN-ACK,25,2,-58.68200206288585,admin,0.19865340532840692,266.9160282336635,Benign
P001173,UDP,Mobile,Off,APAC,1,1,7414.677700891059,7876.476408309696,91.00500557496643,5,ACK,53,0,-54.67580133825323,admin,0.20972527362668011,329.4198859096272,Benign
P001174,UDP,Workstation,On,APAC,2,1,7977.155777555003,7031.186061717898,179.31748367224935,4,FIN,143,0,,user,0.29447144474400344,347.4582509285133,Benign
P001175,UDP,Mobile,Off,APAC,0,0,4337.19480329294,5267.718264094675,106.39581829758453,3,FIN,143,1,-49.02486015078285,user,0.2557993906592254,274.5217845989671,Benign
P001176,ICMP,Server,Off,APAC,3,1,5055.909084141892,4582.769354546948,106.87739398021657,2,FIN,21,3,-60.78441923195498,admin,0.13852765779021914,292.89865912843084,Benign
P001177,UDP,Server,Off,APAC,2,2,4798.760216403414,2271.050599221355,133.21737212494506,10,FIN,80,1,-69.06300622007957,user,0.43434904773930194,310.69079741820553,Benign
P001178,TCP,Workstation,On,US,2,0,8155.655942210131,9521.254973411451,87.44635154992176,0,SYN,443,2,-76.97738247887563,guest,0.07708122471777436,304.8263539799338,Benign
P001179,udp,Workstation,Off,APAC,2,0,5987.210052005974,4362.15578188531,118.40414809757333,8,SYN,80,0,-54.388287432952836,user,0.614880945018739,319.6779032935415,Benign
P001180,tcp,Server,Off,APAC,2,1,3386.884413514115,8779.85765270947,67.02494077935073,1,ACK,80,0,-53.60493523008166,user,0.050179865322705804,239.26156965237888,Benign
P001181,TCP,Workstation,Off,US,2,1,5004.2030232220795,4703.660342757536,156.5608820101807,4,FIN,110,1,-57.618656926426404,user,0.2692131585781464,310.040068702542,Benign
P001182,udp,Mobile,Off,APAC,1,1,7814.519106676336,7135.511192331813,121.89436970724769,8,SYN-ACK,25,0,-72.84636794426406,user,0.11261668606692664,295.64600839795344,Benign
P001183,udp,Mobile,Off,US,3,1,5144.843407122487,6207.464106023442,110.4403957677061,7,SYN,443,0,-66.34560434940077,admin,0.43840820615876447,273.1204128162593,Benign
P001184,UDP,Workstation,On,APAC,2,2,4307.105580740068,7041.669606316644,125.151105870075,7,FIN,143,3,-69.92111742372046,admin,0.479325853335083,295.3746752713329,Benign
P001185,TCP,Workstation,Off,EU,5,1,4289.821824454935,6568.991209002933,104.15557843886799,6,ACK,443,1,-39.908232622590205,user,0.4703299330508677,282.29810807647925,Benign
P001186,udp,Workstation,On,US,1,2,5081.821059535044,6428.881505225546,124.52677377410365,3,FIN,143,0,-72.04750518502779,guest,0.2782102799380459,272.9022610904078,Benign
P001187,UDP,IoT,On,EU,2,0,6253.558620011308,6899.21897048753,68.14581241215545,8,FIN,110,1,-56.13238446263966,guest,0.05176829920201812,291.40605179122525,Benign
P001188,UDP,IoT,Off,EU,0,3,4401.335317041741,7442.803401292686,108.15306731851356,2,FIN,53,0,,user,0.5610663097391381,275.98280175546336,BruteForce
P001189,UDP,Mobile,On,ME,4,1,2922.8957339416493,3889.7338235066636,113.3130677801527,3,FIN,110,0,-65.82702412620348,admin,0.1054752526578004,290.51143281019483,Benign
P001190,TCP,Workstation,Off,US,1,0,4906.21409602205,5636.943765496744,107.498013688285,8,ACK,443,1,-54.84478294035027,admin,0.4119924108995916,289.9252326668401,Benign
P001191,UDP,IoT,Off,ME,4,1,5813.007776470051,7119.873717028001,127.93065520604635,4,SYN-ACK,143,0,-52.96165184799616,user,0.21955314074585847,284.5972923747115,Benign
P001192,ICMP,Server,Off,EU,2,1,6653.2479363649645,2004.2982399197185,64.85104247683037,4,ACK,25,1,-68.98928828761166,admin,0.257629241764172,275.22594522592686,BruteForce
P001193,tcp,Server,On,EU,1,0,3545.5043644866464,7427.002495929937,130.7089351485799,6,SYN-ACK,3389,2,-70.69162346889195,guest,0.28792306277280905,293.21220417033135,Benign
P001194,UDP,IoT,Off,EU,0,2,7495.19372769061,,168.27094746472102,9,SYN,22,0,-60.01894830166691,user,0.2949703129165268,336.41363291945936,Benign
P001195,TCP,Mobile,Off,US,1,0,6490.160373714929,5016.651908283624,140.63108908272574,4,ACK,53,1,-75.12709570865997,user,0.16745297856777933,324.28657148777415,Benign
P001196,udp,Server,Off,ME,2,3,5501.329165109531,3826.931973010642,149.1407509709841,1,SYN,21,0,-71.26029646734509,user,0.379857888703051,311.4330633776272,Benign
P001197,,Workstation,Off,US,0,1,4738.270585883435,6009.300480122377,142.11839639875973,6,ACK,22,1,-40.452829863588995,guest,0.3675894535832106,266.87357913730335,Benign
P001198,UDP,Workstation,Off,US,0,0,4403.761341574577,4422.839664912262,61.210182832477436,5,FIN,3389,1,-38.34395573773205,admin,0.1055634317271081,255.0446433012113,Benign
P001199,TCP,Mobile,On,US,2,1,5808.412058951642,3522.3574725093604,174.7892478801086,5,ACK,22,1,-66.78395458715401,admin,0.15726388203911987,320.8599560986428,BruteForce
P001200,UDP,Workstation,Off,EU,1,1,5123.626693727668,9056.984251571535,130.15586686350116,5,SYN-ACK,443,1,-42.122090261414236,user,0.233446896342971,290.4035923685044,BruteForce
P001201,tcp,Mobile,Off,ME,2,2,5495.45035475821,7576.385642300614,76.59768830783085,4,ACK,22,2,-44.99789858965269,admin,0.1031802887957835,278.3543428511693,Benign
P001202,UDP,Mobile,Off,EU,1,0,3439.0971882873546,5564.497948271547,191.95246971064623,5,SYN-ACK,110,1,-77.83311175786591,guest,0.05139303353754845,318.0639958709223,Benign
P001203,UDP,Mobile,On,EU,1,2,3882.3891098217755,,75.4343623106711,3,SYN,21,1,-59.73348419771711,user,0.3968104883205272,265.02712263999206,Benign
P001204,UDP,IoT,Off,APAC,1,0,6342.697581281133,3098.3896170343633,118.90124290418358,3,SYN-ACK,143,0,-63.3191784123151,user,0.18215738876035284,292.5422857387538,BruteForce
P001205,TCP,Server,Off,APAC,4,2,5980.7182919542865,4824.65160728642,129.50035557816645,8,SYN-ACK,110,0,-58.363503120931995,guest,0.3091899761677572,308.7523616499575,Benign
P001206,udp,Mobile,Off,APAC,1,1,4821.303998654769,3877.9353443001737,120.31199146280528,5,ACK,53,1,-42.061577292926984,user,0.38403471287826674,283.65821924842624,Benign
P001207,tcp,Server,Off,APAC,2,1,3306.1673113078123,,64.19859605842299,6,ACK,3389,0,-78.79698615026976,user,0.3244132442127744,281.92106786800053,Benign
P001208,udp,Workstation,On,US,2,0,5660.573163093947,7892.914803171968,128.69162883800388,4,SYN-ACK,25,0,-70.5946031103572,admin,0.37198933273801565,278.6585996293888,BruteForce
P001209,tcp,IoT,On,EU,2,0,4154.799399762604,5468.713123677373,45.948411802221614,3,SYN-ACK,143,0,-59.759105667027825,user,0.36566819065510114,250.41249838793107,BruteForce
P001210,TCP,Server,On,ME,1,0,5441.935443523688,5253.705120442073,110.1914464252121,9,SYN-ACK,3389,2,-67.57016657507647,admin,0.09390583585684872,285.04254819726583,BruteForce
P001211,UDP,IoT,Off,ME,1,1,2614.8965310128697,7883.554716215016,164.41058382094508,6,ACK,143,0,-50.270081249875226,user,0.34219715876904216,280.32172614828806,Benign
P001212,TCP,Workstation,Off,US,2,2,5668.343750574875,3707.920677301007,145.74822224528248,4,SYN,80,1,-45.962169955405635,user,0.3401206069619668,301.80839435924366,Benign
P001213,tcp,IoT,Off,US,0,0,5054.20750165298,6696.176090938,147.76701877570812,7,SYN,443,0,-48.926251788834854,user,0.4207825540457236,320.72084850790685,Benign
P001214,tcp,Workstation,Off,APAC,3,1,4188.496604356514,7785.489696640592,141.37480156126335,6,SYN,3389,1,-72.04927949210266,user,0.21498534485457793,317.54999352053716,Benign
P001215,TCP,Mobile,Off,APAC,3,0,9870.499892716087,,128.5541999071338,8,ACK,143,2,-59.85975560243404,user,0.23182421923279942,333.77997858705675,BruteForce
P001216,TCP,Mobile,Off,APAC,2,0,5930.642299464785,4939.032143096161,91.19008991802323,2,SYN-ACK,25,2,-57.7777305764846,user,0.7105507342813664,283.51037020394796,Benign
P001217,UDP,Server,Off,ME,1,1,1949.8396273232079,,94.14398657305345,4,SYN-ACK,22,1,-70.37946762546795,user,0.13846673543027288,259.0194986790881,BruteForce
P001218,udp,Workstation,Off,ME,2,2,4354.136643871173,6290.80612253565,95.88295870667143,2,SYN-ACK,443,0,-65.71606142598854,admin,0.3948345209041786,265.50340854532294,BruteForce
P001219,UDP,IoT,On,ME,0,1,6223.3880500911055,2791.7754623128935,89.65221772121032,8,ACK,21,3,-64.1198750088836,user,0.07670261637030874,289.51259015989194,BruteForce
P001220,TCP,IoT,On,ME,2,2,6934.161380996114,5133.32037563103,152.93498866811973,3,SYN,443,2,-64.18341680439629,user,0.20664368759112245,311.9138334686037,Benign
P001221,UDP,Workstation,Off,APAC,4,1,6574.240484933232,8319.563284651878,100.72799652288212,11,ACK,143,0,-55.10862826017785,guest,0.25834679083368434,286.7874059957964,Benign
P001222,tcp,Mobile,Off,EU,5,0,2653.3390090064554,4708.9156907724055,155.76527562544902,5,SYN,22,0,-62.87717986831572,user,0.4677230893177959,293.99335585815237,Benign
P001223,ICMP,Workstation,Off,US,4,1,3600.6732446604483,5373.554141718856,147.98115803924023,3,SYN-ACK,80,2,-60.663680537622646,user,0.25944858074307175,306.79530620603526,Benign
P001224,TCP,Server,Off,US,5,1,5485.04029815744,6574.331586473723,129.14832985783602,5,FIN,80,0,,user,0.6305487668438794,319.8807683387811,Benign
P001225,TCP,IoT,On,EU,3,2,6492.897603103063,4813.533304228835,134.33757485277278,5,SYN,25,0,-67.85259242230545,user,0.27875901376980167,309.59829257589,Benign
P001226,tcp,Server,On,EU,0,1,4923.79809506261,5199.30408659191,136.16010137191293,5,SYN,443,1,-67.53616861700108,user,0.32397812004683235,305.38162560683463,Benign
P001227,tcp,Server,On,EU,4,1,5121.875138760987,8453.516308776256,122.64179822346044,3,ACK,143,0,-64.08919008767091,admin,0.592129229552399,281.12268827976845,Benign
P001228,TCP,Workstation,Off,EU,1,1,5791.8267716012815,7794.154859300027,93.45380154304284,5,SYN-ACK,110,0,-51.21912060561072,user,0.04193365794621427,271.86951052154166,Benign
P001229,TCP,Server,Off,APAC,2,1,5107.572569717311,6165.401099080948,145.06055266908902,4,SYN,443,1,-68.41674673430666,guest,0.22183194660759514,322.6991377665487,Benign
P001230,tcp,Server,Off,EU,4,0,2930.628732661655,875.5954493869231,118.26648926293498,7,SYN-ACK,443,1,,user,0.14151495876843742,313.9960133198593,Benign
P001231,ICMP,Server,On,ME,2,1,5140.685478891398,2831.660383258537,116.26271827873141,6,FIN,443,1,-57.470382392951215,user,0.09890218233802041,276.5891384955445,Benign
P001232,TCP,IoT,Off,EU,2,1,7621.253698177348,5313.255682708096,87.07771300638706,3,SYN-ACK,443,0,-49.4159988232521,guest,0.13144299544233834,288.038431561708,Benign
P001233,UDP,Server,Off,APAC,3,1,6366.520540298733,3639.9467852264643,101.85248505813367,7,ACK,443,0,-76.27498840748211,user,0.384051825424122,309.0136761190026,Benign
P001234,TCP,Mobile,Off,US,4,1,4923.922024008525,7186.038352137227,114.11512422696369,4,SYN,143,1,-51.61858370283083,user,0.19620649048848834,294.9303959575036,Benign
P001235,TCP,Workstation,On,EU,3,0,5555.966362305033,3678.673702831306,103.66835221532176,5,ACK,143,2,-71.90674910069878,user,0.45146208263556564,286.84413739466885,Benign
P001236,tcp,Workstation,Off,APAC,3,1,5908.086310314454,,154.1775255369917,2,FIN,21,3,-50.2585420133782,admin,0.6847041434608682,302.2272459201607,Benign
P001237,UDP,Server,Off,ME,2,1,4144.9439217443505,12142.648500204501,125.76400655421455,4,FIN,25,1,-59.81144270669649,user,0.1445506016572587,270.34266394060853,Benign
P001238,udp,IoT,Off,EU,1,2,3424.355282781984,5021.594786975086,117.2530576996933,3,SYN-ACK,110,1,-37.78054814056972,guest,0.13007329516914976,273.7108926454676,Benign
P001239,UDP,Mobile,Off,US,5,1,18459.680026763504,4424.260435655262,166.01917625611958,9,ACK,21,0,-60.38967114355436,user,0.30380885467206153,324.45671583944517,BruteForce
P001240,UDP,Server,Off,US,1,0,4687.3517635264925,6395.36207679928,128.32812665046941,9,SYN,443,0,-66.76641716581362,user,0.21846000914657646,300.75412191167413,BruteForce
P001241,TCP,Server,Off,ME,0,2,6363.16545084684,7416.667059124123,113.11977019215364,8,FIN,80,0,-49.42279881126359,user,0.5475357991273606,284.33625673668183,Benign
P001242,TCP,Server,Off,ME,0,0,5082.925456335095,8673.51573124361,129.1977917470627,6,SYN-ACK,443,1,-71.80463179069709,admin,0.3164172456875672,304.82960945734175,BruteForce
P001243,ICMP,IoT,On,APAC,1,0,4583.035057306011,6120.0591434667585,30.989092832438445,6,ACK,21,1,-52.80323509220878,user,0.1451862925563967,235.9948862944455,Benign
P001244,ICMP,Mobile,Off,APAC,1,0,6510.125584383662,4781.042949141951,137.26474856504714,4,SYN-ACK,110,5,-46.33070575900459,admin,0.3666452514865768,302.80502210510275,BruteForce
P001245,TCP,IoT,On,EU,2,2,5313.747087800137,5160.750752706667,142.97552579701792,6,SYN-ACK,53,1,-55.405135226938285,user,0.17596191960960877,298.0475169654966,Benign
P001246,ICMP,Server,Off,EU,0,0,6307.790603265225,1709.8688004016194,130.63195505077277,4,SYN-ACK,21,2,-57.50521199223711,user,0.0835854243601229,321.0811006048353,Benign
P001247,TCP,Workstation,Off,APAC,2,1,5959.318892449856,6534.302506145083,161.4975584187918,3,ACK,53,1,-52.19811416013017,user,0.0536905840138341,326.61448848265434,Benign
P001248,tcp,Server,Off,APAC,4,1,4317.575814426659,4931.457712822524,135.6694843371738,6,ACK,110,0,-72.23691262795931,user,0.17574314630815432,301.5306394413804,Benign
P001249,UDP,Mobile,On,APAC,3,1,8452.508101734253,4940.639462984676,133.6639192428572,6,ACK,443,1,-64.7573576241532,user,0.17476325827302433,319.81685003912787,Benign
P001250,udp,Workstation,Off,EU,1,2,4016.1644149399117,6764.0553880337575,102.45377411887354,2,FIN,22,1,-65.22101824646504,guest,0.4137024325523066,256.29411405058784,BruteForce
P001251,udp,IoT,Off,US,1,1,27048.212477165696,3098.11794038402,115.22200555216762,5,SYN,443,2,-50.866447498444785,user,0.3976052102303376,263.99858015472023,Benign
P001252,TCP,Server,Off,EU,3,2,4729.8467399006,8473.272743028136,97.43047359504243,5,ACK,80,2,-41.45784393614947,admin,0.11745961316205071,312.3330118384681,Benign
P001253,UDP,Workstation,Off,APAC,2,2,5658.272497743271,5811.980570700649,89.83342384414442,3,SYN-ACK,110,1,-78.83897960062507,user,0.40934935532358235,274.64835345269137,BruteForce
P001254,UDP,Server,Off,ME,0,0,4877.402883679915,7102.158696022051,92.10045590864527,4,SYN-ACK,21,0,-57.11999628467664,guest,0.389998327404862,257.66032060650724,Benign
P001255,TCP,Mobile,Off,EU,1,4,4778.503733747429,3058.6553900990593,174.40672172723993,3,ACK,143,0,-55.65058741528416,user,0.314970356619734,309.8857755365527,Benign
P001256,tcp,Mobile,Off,APAC,2,1,8360.680947419416,2968.3609206890887,86.74593411354715,3,FIN,53,1,-56.8319370123456,user,0.15196558815517133,279.84293878255033,Benign
P001257,TCP,Workstation,Off,EU,2,1,4171.940528878112,,162.79295982264375,10,ACK,22,0,-62.28509357368171,guest,0.3164703449539161,310.2061653783579,Benign
P001258,UDP,Mobile,On,APAC,1,0,4899.400263720327,8863.642848000542,87.86830469844094,8,FIN,22,3,-71.27005201373706,user,0.10470578571989683,280.923177118119,Benign
P001259,ICMP,Workstation,Off,ME,3,0,4183.210159120215,8514.103521566496,110.84080626747317,8,SYN-ACK,21,0,-61.83596854010008,admin,0.19587466680740823,271.09987522986995,Benign
P001260,TCP,Mobile,On,APAC,4,4,5390.172353755708,5444.5689831031805,139.23569814398368,2,ACK,110,1,,user,0.21165062608721225,276.28092309312984,Benign
P001261,udp,Workstation,Off,US,1,0,758.2234239558229,4551.64558512148,105.85610200567169,5,FIN,143,1,-73.23109834495133,user,0.3561692540001163,257.5965426110995,Benign
P001262,TCP,Mobile,Off,US,3,1,6209.957486702064,,78.05027581797427,2,SYN,143,0,-63.30947070278414,user,0.6549994104703362,254.57376337253652,Benign
P001263,UDP,IoT,Off,EU,2,1,5466.916521036294,3313.500243519492,76.0320027657798,7,SYN,3389,1,-67.60872425102009,user,0.3472841828730828,242.9190723810519,Benign
P001264,UDP,Mobile,Off,US,1,0,6845.1340957699485,7283.581272739026,114.59784896192197,9,ACK,110,1,-59.691347793070825,user,0.3156232416217923,285.59339831328896,Benign
P001265,ICMP,Mobile,Off,APAC,1,1,4544.796502100609,4868.544634877632,72.46751530476827,8,ACK,143,0,-40.234923157672306,user,0.026051061055550436,252.65387680847786,Benign
P001266,UDP,Server,Off,ME,2,1,3813.6499177558862,1890.091131214872,173.74853150582368,6,SYN-ACK,443,0,-56.96121301056888,guest,0.14192516049580095,322.4573457134417,Benign
P001267,UDP,IoT,On,APAC,3,3,3310.1757782286777,3865.390563796256,131.70441592682462,4,ACK,25,0,-57.17251313845113,admin,0.333742046169854,272.4615036777,Benign
P001268,UDP,Server,On,ME,0,1,3872.086207076501,3788.349356855068,95.8117982305359,5,FIN,143,0,-60.68050941948913,user,0.3887482361594086,260.32614816838804,BruteForce
P001269,TCP,IoT,Off,US,4,1,4279.3747664532,4489.4335086668325,121.24301493777448,6,FIN,25,2,-35.64103898668631,user,0.33587324530257834,274.3737714217157,BruteForce
P001270,UDP,Mobile,Off,APAC,3,0,4542.9687965981,7296.589163466606,146.7185312982535,5,FIN,80,1,-71.18159742247624,user,0.4425428971994516,294.15387411572607,Benign
P001271,ICMP,Mobile,On,APAC,2,0,6179.338616737516,7379.410598871113,113.7526646008126,3,SYN,22,1,-83.10892542373611,admin,0.16313391154397228,281.711011876113,Benign
P001272,,Server,Off,APAC,2,0,1909.4776741170917,6087.368987931073,126.85356835522232,4,SYN,53,0,-49.93099829901719,user,0.1623342824364511,270.7319293083524,BruteForce
P001273,TCP,Workstation,Off,ME,1,1,4164.958495168214,6397.277052930325,127.48404862637061,4,SYN-ACK,110,0,-48.30165386341737,user,0.3337591878034889,312.5613085233203,Benign
P001274,ICMP,Workstation,Off,US,2,1,3992.069366031281,,109.96580518203477,4,FIN,110,1,,admin,0.2734121258291355,280.38234523127176,Benign
P001275,tcp,IoT,Off,EU,3,2,1577.6475313457413,4480.1971729193665,136.38500737500902,5,SYN,110,2,-67.1971469979274,user,0.052753892304791265,274.1007021183373,Benign
P001276,UDP,Mobile,Off,ME,1,2,4288.102088237411,7696.462053595937,112.53125171864693,2,ACK,21,0,-56.73244483253596,user,0.6413988486994835,250.53915962525883,Benign
P001277,UDP,Mobile,Off,APAC,1,0,5152.501497987009,2204.537494351066,138.58590055936793,9,FIN,143,1,-64.28320191728956,guest,0.12947973528775455,292.1515471379872,Benign
P001278,udp,IoT,Off,US,2,0,5527.4122192327395,5783.959056851791,100.60478821001331,8,FIN,22,1,-48.12836623456193,user,0.5127670593695706,300.56678502880294,Benign
P001279,TCP,IoT,Off,US,2,0,2456.1912074261877,6489.422349786157,108.59480342845117,7,SYN-ACK,25,1,-74.62469299481609,user,0.280548549773809,294.660314791902,Benign
P001280,,IoT,On,ME,3,0,3130.530173761269,7119.773698281504,119.68217757402114,8,ACK,3389,1,-48.01946658281381,user,0.1730981496514629,296.44314208341615,Benign
P001281,TCP,Workstation,Off,US,1,0,7484.173333980358,2311.0089785335763,131.1735754788252,3,SYN-ACK,53,0,-80.48368590456455,user,0.5416730544705274,298.9536543346161,BruteForce
P001282,,Workstation,Off,US,1,0,7276.366152437372,4183.715635867197,145.93544929311642,6,SYN,443,1,-62.10652385512919,user,0.2614095241911521,336.5078923851389,Benign
P001283,UDP,IoT,Off,APAC,1,3,5446.685426643867,6945.90334931332,137.77663702875688,6,ACK,22,1,-33.147791338003046,user,0.47100155017991524,280.1542242931184,Benign
P001284,,IoT,Off,ME,1,4,2476.699527607021,3322.1212885374143,109.86314612584708,9,ACK,143,0,,user,0.06702430735828575,269.24920258529613,BruteForce
P001285,UDP,Mobile,Off,EU,1,0,5354.6658268620595,9011.49095435887,194.10299764488195,8,SYN-ACK,3389,0,-46.59403946421361,user,0.3508838778496098,346.7327073233043,Benign
P001286,UDP,Server,On,US,5,1,3992.292986425479,9255.931526187996,134.18281784849108,8,SYN-ACK,80,0,-57.051521163802576,guest,0.10923539723631782,311.01744341848826,BruteForce
P001287,TCP,IoT,Off,APAC,5,0,5209.2345381252635,5919.798360359517,86.43832527469863,4,ACK,53,1,-61.446803997519396,admin,0.6323490888927829,298.1929671312567,Benign
P001288,,Mobile,On,EU,2,1,4132.410291673512,4133.7968186003545,126.12794331978671,5,SYN-ACK,25,2,-57.6818360689384,user,0.39549264389936445,281.6722264024434,BruteForce
P001289,TCP,Workstation,Off,EU,1,1,7440.893825861904,4821.891394802364,115.76037487583471,6,SYN,110,0,-71.82462261177857,user,0.37656017479798704,286.3054927125906,Benign
P001290,udp,Workstation,On,EU,1,1,4839.96553814354,,146.7456526912632,8,ACK,3389,0,-75.6239796985918,user,0.5528038076838584,325.58375135677943,Benign
P001291,TCP,Server,On,US,0,1,5726.4709736737195,9192.361648252761,83.45270948599094,5,SYN,110,0,-52.50424158440126,user,0.09670660246332641,282.413536782648,BruteForce
P001292,UDP,IoT,Off,EU,1,0,6090.559636548136,8177.222867869081,96.86681806604076,4,SYN-ACK,53,2,-53.819047543224976,user,0.13758035026336873,303.0879066196885,BruteForce
P001293,TCP,Workstation,Off,ME,2,2,3860.8772265076495,,130.5808696115916,7,SYN-ACK,25,1,-67.89811235060077,user,0.3196585049251972,295.7344905279602,Benign
P001294,TCP,Server,On,ME,3,1,4062.9515434756518,7375.072897951428,114.60217303143311,2,SYN-ACK,110,0,-74.81516678104157,user,0.6132752159841065,284.49537270937265,BruteForce
P001295,TCP,Mobile,Off,APAC,2,0,6100.099716877866,1620.797682965217,141.01046143306377,3,ACK,21,0,-41.24223973081875,admin,0.5287517616847301,314.1299965675695,Benign
P001296,TCP,Mobile,On,APAC,2,0,5502.2627128960075,5707.063791245853,84.27650868984983,7,SYN-ACK,3389,1,-58.07493336247684,user,0.4193501702514858,294.83247081274624,BruteForce
P001297,TCP,Workstation,Off,EU,3,1,5198.147072236641,6338.385836895332,125.85093064299635,5,ACK,22,1,-52.86883464782863,admin,0.08161636205010395,289.87191707034157,Benign
P001298,TCP,IoT,On,US,4,0,5376.917191364086,3099.6207996873127,149.71435512743946,6,SYN,443,4,-58.24850990000772,user,0.2806372099987644,351.32430138967925,BruteForce
P001299,TCP,Mobile,On,ME,2,2,3074.0284484009608,5258.760009494465,63.31409276416904,2,SYN,25,1,-54.7874376619704,user,0.6399692998820395,252.05118853135903,Benign
P001300,TCP,Server,Off,APAC,1,1,4460.7054943594485,9869.224103862387,97.56890299305047,3,ACK,21,1,,user,0.1639665771048808,269.8263112407028,Benign
P001301,ICMP,IoT,Off,US,1,1,3727.454636160913,5028.627168559684,150.79729324772902,3,ACK,22,0,-41.44950439625788,user,0.36339189027450525,313.81533222623614,Benign
P001302,udp,Workstation,On,ME,3,1,3368.018522934366,9505.248279672485,100.88002264011295,8,ACK,443,2,-55.61942162824563,guest,0.09769111466332524,307.814436396572,Benign
P001303,TCP,IoT,Off,APAC,3,3,5562.7637718293945,3758.1653712435036,117.05386425081778,7,ACK,22,0,-52.34141995669595,user,0.3346403245032224,308.86565260316326,Benign
P001304,TCP,Mobile,On,APAC,2,3,5686.701245266608,4025.7913799598655,127.86322559986192,6,FIN,80,1,-48.99991796323127,user,0.05138634972294857,283.62756690797414,Benign
P001305,tcp,Mobile,Off,US,4,0,5551.071336932854,7226.26930790034,52.73802348516702,2,FIN,21,0,-69.26076201739855,user,0.3387902207724346,249.3990422680459,Benign
P001306,tcp,Server,Off,APAC,2,1,7238.137849204764,6895.556277520521,79.8709351563254,2,ACK,21,1,-62.938054899385605,user,0.09858572022038066,278.8454748792443,BruteForce
P001307,TCP,IoT,On,APAC,0,0,3932.7088793508187,,215.69051429217353,1,FIN,25,1,-62.345010532076195,user,0.09259123037177791,308.9859327614808,BruteForce
P001308,udp,IoT,Off,EU,2,0,2858.1047019467505,7892.5588325739545,128.48463655486876,4,FIN,25,0,-55.4306226815815,user,0.5595209495628832,296.4889695228806,BruteForce
P001309,TCP,Workstation,Off,US,3,0,3737.5136496439395,3833.839765410507,159.68992956334375,8,FIN,25,3,-75.69502698547052,user,0.19694667000746788,307.0915559899905,Benign
P001310,TCP,IoT,Off,EU,1,0,5576.21881313524,9728.31996951451,92.99658228652187,5,FIN,110,1,-59.31503810799135,user,0.34470108650371556,292.8029413663078,Benign
P001311,TCP,Workstation,On,US,1,1,5352.443213605401,5792.497565142806,158.52386859127296,8,SYN-ACK,21,1,-41.67797445699217,user,0.2706270111545015,324.79647203252154,BruteForce
P001312,TCP,Server,Off,ME,2,0,4193.019750227606,7488.633076010832,144.48960980058433,5,ACK,80,0,-63.89126468639063,user,0.7217283668707551,302.94768349158005,Benign
P001313,tcp,Server,On,US,3,3,7440.26470000721,6943.741522965633,155.66111444621762,4,FIN,3389,1,,user,0.1583248228565791,288.75511537151067,BruteForce
P001314,TCP,Workstation,Off,EU,1,0,6297.716168831301,5338.4291360076695,110.7157795303661,6,SYN,21,0,-65.27322012569216,user,0.22718281072287808,310.42504019519123,Benign
P001315,TCP,Mobile,Off,US,1,0,7102.392786730736,8097.9007156606185,73.61462524788757,7,FIN,110,0,-61.123883647083254,user,0.07192522488275979,277.0156751888286,Benign
P001316,ICMP,IoT,On,US,1,2,2925.310604549298,5024.652873280847,127.60273242727582,3,FIN,143,0,-61.274515284451596,user,0.46943780934156454,272.66346247820786,Benign
P001317,TCP,Mobile,Off,US,2,2,3496.336827803052,100.0,105.61120100343477,9,SYN-ACK,3389,1,-63.35235637784222,user,0.35087252461625595,263.1405509496362,BruteForce
P001318,UDP,Server,Off,ME,5,0,5024.90917688522,,114.59137826313884,4,SYN-ACK,25,2,-54.56081866826409,user,0.44941188775536717,322.963984023855,Benign
P001319,UDP,IoT,On,ME,5,1,4052.2967634673896,3746.9803551165146,65.64058299131365,2,SYN,443,0,-55.74061822057086,user,0.2865072933135608,269.226677009416,BruteForce
P001320,UDP,IoT,Off,APAC,4,2,5126.170569994987,4231.675140546655,139.6170839935844,2,SYN-ACK,22,1,-67.52520328656946,user,0.5118870260760683,287.25184608077336,BruteForce
P001321,TCP,Mobile,On,APAC,0,1,4255.945576019459,6145.002560411525,135.21233609744723,4,FIN,21,0,-69.38457010857205,guest,0.08559018119387313,292.28338947943246,BruteForce
P001322,TCP,IoT,Off,EU,1,0,5186.171426573384,6173.841760255162,85.99556011946133,5,SYN-ACK,21,0,-76.34643780775119,user,0.412204971439738,286.4514685139538,Benign
P001323,TCP,IoT,Off,APAC,0,2,3661.635976093744,11152.456549335217,92.3397388402481,6,SYN-ACK,53,0,-66.54001609669123,admin,0.2783370649653555,289.1813401563893,Benign
P001324,ICMP,Mobile,Off,EU,1,4,5919.519144881329,,114.99977290327139,4,ACK,53,0,-74.85480343855363,admin,0.1120426798993248,273.24555281742704,Benign
P001325,TCP,Mobile,Off,US,1,0,3620.183121066908,3727.714274289249,106.79343713163061,6,SYN,21,0,-66.36884053720729,admin,0.11047134424387917,287.1128858949891,Benign
P001326,UDP,IoT,Off,US,2,0,2722.992672891106,6260.962991308083,149.11453573749083,5,SYN,443,1,-70.3436815524301,user,0.29786520120574467,310.27854719585633,BruteForce
P001327,udp,Mobile,Off,EU,3,1,4466.493726246836,9073.261042177362,106.76323263504479,5,ACK,80,1,-64.26104316002666,guest,0.18902421442346307,275.271737336968,Benign
P001328,UDP,IoT,Off,US,0,1,6929.519371527442,2073.8696636827967,150.62900913387531,3,ACK,21,0,-74.24631172636259,user,0.3052043565186541,317.48470119956,Benign
P001329,ICMP,IoT,On,APAC,3,1,6940.205039994458,2867.954404915572,136.72235236807185,7,ACK,143,2,-69.80590364369688,user,0.2852835323379806,318.9331179790917,Benign
P001330,TCP,IoT,On,APAC,2,1,3926.7063412134917,7566.231238376567,63.62419904654486,2,ACK,21,1,-26.053326059392504,user,0.5292441098291272,260.3512359830003,Benign
P001331,TCP,Server,Off,ME,1,1,2572.9758028302854,4343.129720494898,106.29405001790678,4,ACK,21,1,-57.213978807274366,guest,0.15766326892708848,279.98905765811935,Benign
P001332,TCP,IoT,Off,APAC,3,0,5357.911671169546,7947.735168165034,132.81731215137648,5,SYN,443,1,-48.89176396828931,user,0.08979516744273812,300.28213712678735,BruteForce
P001333,udp,Workstation,On,EU,5,2,6326.9378912932,4028.3428481185583,98.8108184401766,3,FIN,25,2,-70.49258149261865,user,0.12442359691241882,278.37180858023993,Benign
P001334,ICMP,Workstation,Off,APAC,2,3,5204.7555501608995,4832.447520682507,97.09937869045541,3,SYN-ACK,80,1,-53.20260655074621,admin,0.05005739167604314,281.0774205993345,BruteForce
P001335,TCP,IoT,Off,EU,2,3,3909.837999491634,5796.44475865453,48.436900701025294,3,FIN,25,0,,user,0.18771988424373673,215.1474858392715,Benign
P001336,UDP,Mobile,Off,APAC,1,2,5845.280963658407,7681.166365361869,143.4773995273105,4,FIN,110,1,-80.34889596300499,user,0.349680237649749,303.4839124765276,BruteForce
P001337,UDP,IoT,Off,US,1,0,3517.0893900757906,3947.004697316984,60.18246498045454,3,ACK,21,4,-61.36855059015415,user,0.40372278436726516,260.78698025603984,Benign
P001338,ICMP,IoT,Off,US,2,1,5829.926794510353,4418.900759460117,61.365467913964366,4,ACK,443,3,-46.142479474006315,user,0.14546740142241324,240.44302450165839,Benign
P001339,UDP,Server,On,EU,5,0,39118.79485845457,7162.634335446174,149.13794012443955,3,ACK,80,1,-44.4671878381282,user,0.23034865530720486,308.68003640621464,BruteForce
P001340,TCP,Workstation,Off,US,1,0,3382.6179220420613,9674.371648625167,141.14685541515854,4,FIN,25,0,-58.10754060911269,user,0.2822262068440747,305.7256371331639,Benign
P001341,TCP,Workstation,Off,US,4,0,5727.182610280644,5721.700283385274,158.2306741534993,5,ACK,143,1,-57.96333138675581,user,0.41212455139195125,323.49122681374257,Benign
P001342,TCP,Server,Off,EU,4,0,4430.435060245181,4839.447186337977,151.77482014801683,4,SYN,53,0,-61.25861757860842,user,0.13243949832079205,309.97266090832346,Benign
P001343,TCP,Mobile,On,US,2,0,7571.224129527742,3812.5522732384425,169.50175350668005,5,FIN,443,2,-72.08737807811652,user,0.32853881829374093,325.46474503944063,BruteForce
P001344,TCP,Server,Off,EU,4,0,4719.400159616041,7114.944565127228,51.840098459027104,5,SYN,25,3,-66.15770793592723,user,0.37792848357682884,245.21724960074968,Benign
P001345,TCP,Workstation,On,APAC,2,0,7390.815186540378,5454.6133173256785,102.05095665423599,5,SYN-ACK,22,0,,user,0.323926302035619,305.2736650478481,BruteForce
P001346,UDP,Workstation,Off,EU,2,2,7191.6522815100925,4286.693978599337,80.58324358062742,8,SYN,22,0,-57.594388419145076,user,0.24542395262472602,311.6527326341877,Benign
P001347,UDP,IoT,On,EU,1,0,1679.7411304316524,4498.687876774966,102.60200439068284,4,FIN,110,1,-54.72384247043841,user,0.4198822115332998,264.93391659061626,Benign
P001348,UDP,Mobile,Off,APAC,3,0,6509.278306759645,5992.34090496924,102.17717561031927,6,ACK,443,2,-80.84993046397344,admin,0.21425449814550737,292.6381879975178,Benign
P001349,UDP,Mobile,Off,ME,2,1,5493.262262816385,7293.052719208459,52.36115090153595,10,SYN,143,1,-62.417948777810516,user,0.4741827911799781,267.10863785641794,Benign
P001350,TCP,Server,Off,EU,2,2,4909.148334947896,5012.8487483979825,119.70903092539253,5,SYN-ACK,80,1,-62.69267655282111,admin,0.039779160150826984,286.5321567623327,BruteForce
P001351,TCP,Workstation,On,US,0,0,4418.3599861903385,4609.7002839376455,151.0174574564128,5,SYN,25,1,-63.145306468104685,user,0.23152780510800028,276.31117079853266,BruteForce
P001352,TCP,Mobile,Off,APAC,0,0,4345.664824786657,651.6943631429249,60.28625890003027,3,ACK,143,2,-62.85794052450405,admin,0.11081369498544481,201.46881099576495,BruteForce
P001353,ICMP,Mobile,Off,APAC,0,0,3367.7496069335593,5534.136079886279,77.58759187252639,7,ACK,143,1,-57.68158874207025,user,0.2035543504077128,257.95121705119055,Benign
P001354,TCP,Workstation,Off,APAC,1,1,4444.217216417175,,123.50662773725463,6,SYN,80,0,-70.75636600979044,user,0.18552290017734055,320.9335013321832,Benign
P001355,TCP,Mobile,Off,EU,2,0,6252.127230009351,5286.772822529228,128.5682751309185,4,SYN,80,1,-56.91114234352414,user,0.36072585736490964,283.84290271410026,Benign
P001356,UDP,Workstation,On,ME,1,1,5391.445211676175,4610.490068576468,122.89200113303816,5,ACK,143,1,-75.08155724075905,admin,0.056999645773278665,280.0018501957353,Benign
P001357,UDP,Server,Off,ME,1,1,5752.616631104307,3556.6981609290033,140.4023699138486,6,FIN,80,1,-54.33195074435961,user,0.14539810455132743,303.0077636447062,Benign
P001358,udp,Workstation,Off,APAC,2,1,4562.582417131129,3746.3355919340274,119.98064366798837,5,ACK,53,1,,admin,0.4978565231577385,272.02722137429197,BruteForce
P001359,TCP,Workstation,On,APAC,2,2,2828.953304415242,4508.361583372083,173.09184117181024,5,ACK,3389,2,-62.201624622159095,user,0.2674585910837293,293.9952508708155,Benign
P001360,UDP,IoT,Off,APAC,3,3,4993.47654356678,,137.7117067754235,8,FIN,143,0,-58.93342781793267,admin,0.6499453142671425,312.6221935133294,BruteForce
P001361,TCP,Server,On,EU,3,2,4368.296014506304,6925.572362764511,117.39361466321976,3,SYN,443,1,-67.89094353812263,admin,0.2521954609725832,282.915096749122,Benign
P001362,TCP,IoT,On,US,2,1,3152.9348567287493,4110.620621482261,158.41122017541787,3,SYN-ACK,110,2,-71.48076940559328,guest,0.07091873406207351,275.9826905138071,BruteForce
P001363,TCP,Workstation,On,EU,4,1,3340.372236886758,9540.370231710585,119.60881051456786,10,FIN,3389,1,-48.05227469730872,user,0.23409164650360414,284.1777475448703,Benign
P001364,TCP,Workstation,On,US,2,1,7465.920677486101,4030.964392134434,77.10644075084316,9,SYN-ACK,3389,1,-65.30591035935947,admin,0.06957745164478947,287.6263725251252,Benign
P001365,TCP,Mobile,Off,US,5,0,5226.824770561572,,96.98342667048124,2,SYN-ACK,53,2,-69.17835793239709,user,0.021652249282315274,282.3919369454265,Benign
P001366,,IoT,Off,APAC,2,1,9231.8479771143,5907.329373767213,128.88482897701854,6,SYN-ACK,443,0,-63.13641673887812,admin,0.23593847552530034,354.951646936527,Benign
P001367,TCP,Workstation,Off,US,1,2,2788.745257144709,4810.836061548741,141.90994112862376,3,ACK,25,1,,user,0.4401975574333068,272.1600098702728,Benign
P001368,UDP,IoT,Off,EU,3,2,3417.5291986484726,7351.940998486843,52.96081465087437,4,ACK,80,1,-62.991319560170716,user,0.3970926384867103,245.94270965707705,BruteForce
P001369,TCP,IoT,Off,US,1,3,3208.247250165176,3508.2522814006734,126.72758472864984,6,SYN-ACK,21,1,-52.42217976485403,user,0.3160814869420865,250.22501829191606,BruteForce
P001370,udp,Workstation,Off,APAC,1,0,6682.222076473035,5715.01809193596,125.89549716210051,3,FIN,21,1,-57.11071194311267,admin,0.7440759770389068,309.2533984520467,Benign
P001371,UDP,Server,Off,APAC,2,1,4929.9572848394455,8036.85500676648,135.78709982320638,4,SYN,80,2,-65.00469837916296,user,0.6284169749022762,313.3909146077447,Benign
P001372,udp,Server,Off,US,1,2,6279.375468476242,3365.84281388634,98.1155826656276,7,SYN,22,1,-64.54385338669556,admin,0.6240843888901757,299.0202760143146,Benign
P001373,tcp,Workstation,Off,US,4,1,6580.184073513803,4752.273608884318,144.04551005605057,4,SYN,143,1,-61.4452084940972,guest,0.23949309129167565,304.1784181403469,Benign
P001374,tcp,IoT,Off,EU,3,1,3779.072540527598,6218.387170080152,148.71757957793187,3,ACK,110,1,-46.165891762548334,user,0.310168901254393,295.18108766236134,Benign
P001375,TCP,IoT,On,US,3,0,2797.5942593876907,4850.717518328525,874.3522363878175,9,ACK,21,1,-55.078572921623824,guest,0.014961970703266417,328.0836328208087,Benign
P001376,TCP,Workstation,On,ME,3,0,2020.3438917487838,6937.225944026901,158.3131135980853,6,ACK,110,2,-64.52946058304417,user,0.3435030201759974,309.5631256737876,Benign
P001377,TCP,Server,On,ME,1,1,3309.6436515048654,6985.352599124033,111.75199449958247,4,SYN,22,2,-55.95162414756736,user,0.17089658926322643,281.976880727972,Benign
P001378,UDP,Server,Off,US,1,1,6236.09955387421,5822.942351939457,117.3266177857497,1,SYN,3389,0,-58.13927143945464,user,0.29906951695343625,322.17375821374907,Benign
P001379,UDP,IoT,Off,US,1,0,4072.944802364952,5024.574474169915,108.23120227127245,8,FIN,3389,1,-49.99250816810859,admin,0.1397088555365276,290.4193482304442,BruteForce
P001380,UDP,Mobile,Off,US,2,1,4753.621793411294,8731.756256222201,99.60438977001996,7,SYN,443,0,-71.48694642727813,user,0.23385861784331988,278.07072613836493,Benign
P001381,TCP,Mobile,Off,EU,0,1,8270.164795051911,5776.545287130183,87.2622282512699,4,ACK,22,1,-43.451084748039484,user,0.11152584811093644,306.0591380764423,Benign
P001382,TCP,Server,Off,APAC,3,0,8943.040370604467,6490.208262285917,129.50315604881064,4,SYN,143,2,-55.544387279335,admin,0.14820372917429958,320.2718080902234,BruteForce
P001383,TCP,Mobile,Off,APAC,3,0,1872.2245392136756,5909.768658922083,85.69144187587847,5,SYN,3389,1,-61.05887466622687,guest,0.2689562248002989,271.5629091381409,Benign
P001384,tcp,Server,Off,US,1,1,3786.7330976777857,5709.914979050653,136.4554046566958,3,SYN-ACK,143,2,-56.92422707209463,guest,0.6236412832748462,301.1088440737018,Benign
P001385,tcp,Workstation,Off,EU,2,2,32296.276476265077,5281.87881873599,85.63533413451205,4,ACK,443,1,-60.76134952551971,guest,0.10173076233438602,284.8355780466093,Benign
P001386,TCP,Server,Off,ME,0,1,100.0,3260.1224633357083,182.9268665066822,5,FIN,443,0,-61.78071392323515,admin,0.25632221235155156,290.45613577623203,Benign
P001387,UDP,Workstation,Off,US,1,0,6286.324195907509,8036.661366551769,69.28034279665633,5,ACK,80,2,-56.979525398869264,user,0.5231599516558599,273.7535159221429,Benign
P001388,tcp,Mobile,On,US,4,0,4621.885670474492,10116.500263508347,99.56613601113503,4,SYN,143,0,-60.47155136926386,user,0.5036673836181301,274.69655059848856,BruteForce
P001389,TCP,Server,Off,ME,1,1,7268.138876420349,,100.09569053149984,5,SYN,3389,1,-42.540777904630126,admin,0.5422715439739483,292.2640692844299,Benign
P001390,TCP,Server,On,US,3,0,4242.967866793895,8020.622870218032,141.81557024216775,4,FIN,21,2,,admin,0.40340100447033966,289.7907139089741,Benign
P001391,udp,IoT,Off,EU,1,3,3839.402674956219,5849.4441153493435,149.41527609394453,3,SYN,80,0,-68.59666345185667,admin,0.4758091517014183,292.3647807552813,BruteForce
P001392,,Mobile,Off,US,1,1,4102.52082543181,,115.04505127923356,1,SYN-ACK,80,0,-55.46645328093507,user,0.21329986626361327,260.6309416222238,Benign
P001393,TCP,Mobile,Off,ME,2,1,6622.215161417644,6776.901424765616,176.98681305598961,4,SYN-ACK,143,0,-50.6613181686325,admin,0.47220366538137687,332.4141614582399,BruteForce
P001394,TCP,Mobile,On,US,1,3,5587.439196665999,4329.765384928798,114.25440129463917,8,SYN,25,0,-60.39877537673834,admin,0.6852811814984847,303.58874865455977,Benign
P001395,TCP,IoT,Off,US,3,1,3321.3064841949617,5986.271000767185,125.19630024585861,8,SYN,22,2,-68.06163991605993,user,0.3024998976724911,284.1859177934291,Benign
P001396,TCP,IoT,Off,US,3,2,5780.618627884212,5980.720488550369,102.88199266659049,6,FIN,22,0,-52.90264450181342,user,0.1299963047492313,272.57672449344153,BruteForce
P001397,TCP,Workstation,Off,APAC,2,0,5515.650190002112,8361.49309199818,92.77171691898931,6,ACK,143,1,-64.74756053052525,user,0.4220441339488982,336.6249604581989,BruteForce
P001398,,Workstation,Off,APAC,3,2,6869.332820559925,6702.383135258373,60.29638997516866,6,SYN,3389,2,-64.30897775130485,user,0.21402620666097041,262.5712291457568,BruteForce
P001399,UDP,IoT,Off,ME,2,1,7142.076033482472,8593.37130146117,125.06364364005802,0,ACK,22,0,-53.971741470585044,user,0.3262026574400535,305.1291601170989,Benign
P001400,TCP,Mobile,Off,APAC,0,1,5022.426421225353,7610.454417686607,130.84582365801612,6,FIN,25,1,-52.90163378761576,user,0.24474860679574723,325.31961677317105,Benign
P001401,UDP,Mobile,Off,EU,1,3,7113.688769894059,2074.128330039178,105.4191675727173,7,ACK,3389,0,-50.49356889963195,user,0.09081698375893865,298.3340848121651,Benign
P001402,tcp,IoT,Off,US,1,1,5553.936089448444,7742.994196322606,170.45366308722726,3,ACK,21,0,-68.60223655779163,user,0.1212351701029157,298.63271717560957,Benign
P001403,udp,IoT,Off,EU,1,1,5882.780977572495,4612.829762959925,103.78283715921935,2,FIN,22,1,-52.70393175000133,user,0.08771037183445222,276.33729686430826,Benign
P001404,UDP,Server,Off,APAC,3,0,4480.791260576204,3578.0865412813737,152.27998624138985,4,SYN-ACK,21,3,-52.29484241018095,admin,0.22070742425699502,298.8980606542675,BruteForce
P001405,TCP,Mobile,On,ME,5,0,4596.804473077737,7380.592802723159,126.95798938125282,7,ACK,21,2,-55.69834195903665,user,0.1832566086708409,280.82165362141376,Benign
P001406,UDP,Server,Off,ME,4,1,5190.65586115618,8115.915640115409,130.12979451280435,6,SYN-ACK,21,0,-61.91214841454279,user,0.11445116906719442,285.62709135039466,BruteForce
P001407,TCP,Mobile,On,EU,0,2,5035.401423092692,3398.8318391595767,129.5903375236282,12,SYN,3389,1,-78.1967853555938,user,0.1399205889414786,294.4740027995282,BruteForce
P001408,TCP,IoT,Off,ME,3,1,3415.350551006393,6146.731135637902,93.38978022725625,4,SYN,443,1,-63.48186781623276,user,0.1173582896812473,283.2041553047655,Benign
P001409,TCP,IoT,Off,APAC,3,0,6034.35597349914,3727.685245994099,82.25072834271896,9,SYN-ACK,110,2,-74.20058194664364,guest,0.3937887084355224,250.3627532166957,Benign
P001410,UDP,Mobile,Off,ME,2,2,3161.4166564845887,6299.667683829672,58.00165666538953,1,FIN,25,1,-64.93523202560803,user,0.4889250272964583,245.32612706436194,BruteForce
P001411,TCP,Workstation,On,EU,3,2,4831.146584241931,7152.3598059778415,845.3579804490016,6,SYN-ACK,25,3,-63.17923655325019,guest,0.20536785052076872,311.3320550228668,BruteForce
P001412,TCP,Server,Off,ME,2,1,5245.905877994096,9448.88815356918,144.0105388527782,3,SYN-ACK,3389,1,-61.83353348454258,guest,0.20315845574164376,292.3167548917,Benign
P001413,,Server,Off,EU,4,0,5478.098175766239,8942.063205358541,151.3537924507352,2,ACK,25,2,-57.10659207049786,user,0.34124478092606697,311.6682940452409,Benign
P001414,tcp,Server,On,APAC,6,0,5163.32031594029,4348.004473531776,167.3787870786666,7,ACK,110,3,-69.38436117350818,guest,0.25836484327465314,313.8707780454745,Benign
P001415,tcp,IoT,On,EU,2,0,3619.6188663179382,5911.447559697882,70.03480555997528,4,SYN,3389,1,-70.58867297264442,user,0.053541833227501716,268.98766648385424,BruteForce
P001416,tcp,Workstation,Off,ME,1,1,4663.628272327186,7156.039179176028,138.71006747580418,4,ACK,53,0,-76.59124670209057,guest,0.20124048656858462,307.43387134186474,BruteForce
P001417,UDP,Server,Off,ME,5,1,7163.933361130484,9499.17908468586,101.85136687002668,3,SYN-ACK,53,2,-57.47565999812945,admin,0.41657026656155716,279.64845128206133,BruteForce
P001418,UDP,Workstation,On,US,4,1,4237.050151651097,3295.033833711838,134.37366373942933,8,SYN-ACK,80,2,-58.31243662163426,user,0.1756487223221705,290.9910203801104,BruteForce
P001419,UDP,Workstation,Off,US,2,0,5530.323383803685,7299.075419540072,132.8872486616603,8,FIN,443,1,-55.896109523746944,user,0.6364785962005772,320.183960023836,Benign
P001420,UDP,IoT,Off,EU,1,0,2641.7117175412855,7197.3601941906745,146.18737280632024,6,SYN,443,2,-57.52756223937603,user,0.42172236051853434,297.03292198915375,Benign
P001421,tcp,IoT,Off,APAC,2,0,5302.858032969888,6690.959278484009,154.7336499168373,7,SYN,3389,0,-85.8932980685649,user,0.3514091657524327,329.30213635794854,Benign
P001422,TCP,Server,Off,EU,5,1,3911.6154060656563,5803.718123913401,83.14391273853852,3,SYN,443,0,-38.553764397679444,guest,0.26933832029154814,268.34252581614305,BruteForce
P001423,TCP,Workstation,Off,EU,1,1,4836.318069308708,4192.943793136792,120.10377854396496,3,SYN-ACK,3389,1,,user,0.30903264628499305,273.42225686376145,Benign
P001424,,Workstation,On,EU,3,3,4405.683431520785,,108.33697097470707,8,FIN,22,3,-53.79631178898143,admin,0.053900439513259346,292.21021626507496,BruteForce
P001425,UDP,Workstation,Off,US,2,0,3427.627948554719,8269.687944592051,74.97859265190942,3,FIN,21,2,-46.08880319904148,admin,0.3561581941448526,255.12074903560574,Benign
P001426,tcp,IoT,Off,ME,1,1,8005.090057051786,9523.209320075977,196.21872695480562,2,SYN-ACK,25,2,-63.17875534722068,user,0.3804746588058102,346.0886372678369,Benign
P001427,UDP,Workstation,Off,ME,1,1,6767.889173191322,4825.836605391723,169.34683038683204,6,SYN-ACK,443,1,-40.45026139465615,user,0.5301074934139317,299.0120829239487,Benign
P001428,udp,Workstation,Off,US,5,1,5269.611451938923,6776.035021021966,144.96493636905367,4,ACK,53,0,-45.92028150936757,user,0.10744011195813902,295.1173095887809,BruteForce
P001429,TCP,Workstation,On,ME,2,0,5717.5351863814685,4219.421911219493,153.8673874184894,7,SYN-ACK,143,0,-49.829653186955255,user,0.39597486542909105,309.9774692791884,BruteForce
P001430,UDP,Server,Off,APAC,0,1,6187.0912510657845,5804.247397266582,140.01037452206228,6,ACK,110,3,-60.48244550721923,user,0.3703163004248725,285.16084858842225,Benign
P001431,TCP,Server,Off,ME,1,1,6097.480248357474,5612.149836361193,133.69417414231125,9,SYN-ACK,3389,1,-41.45476151943875,user,0.33761010913175027,314.4897375822377,Benign
P001432,TCP,Workstation,Off,US,1,0,4593.898883981075,10518.640492633906,125.12707913975065,7,FIN,25,1,-81.79545043715932,user,0.19832708227972892,301.642516391559,Benign
P001433,TCP,IoT,Off,APAC,2,2,5494.0328132343,9694.07047253917,115.78738339136824,3,ACK,143,1,-52.7925191470303,guest,0.41277744976392994,284.7000942331628,BruteForce
P001434,tcp,Workstation,Off,EU,0,1,1935.9628105010706,5296.713026725127,132.62378863167424,4,ACK,25,1,-57.567124045387736,admin,0.3354508795605372,264.1576591200647,Benign
P001435,UDP,Mobile,Off,ME,0,0,7027.685889383994,3344.833286281363,126.20428895591913,7,SYN-ACK,110,2,-53.882261114377144,guest,0.29245934068151064,307.2247729807,BruteForce
P001436,TCP,Server,On,APAC,4,1,5174.944451474285,8160.7433318496605,66.64869138785284,7,FIN,3389,1,-58.080320425232905,user,0.16054567788526491,300.4249110913755,Benign
P001437,udp,IoT,Off,APAC,1,0,5805.270167033244,5351.918714807196,127.59320877124175,0,FIN,443,2,-58.07784320904885,user,0.31918173781595877,277.38433864653615,Benign
P001438,TCP,Server,On,ME,2,0,4820.136189808143,4805.289962802409,122.62695594198368,6,ACK,110,2,-63.548783238868744,user,0.6444046021797504,322.15793679140256,Benign
P001439,UDP,Server,On,APAC,0,1,3779.286406087206,1891.4648395236345,158.7459029065676,6,FIN,443,1,-64.99851935705958,user,0.5357860190893814,316.2059285762683,Benign
P001440,UDP,Server,Off,APAC,3,0,5171.865284056747,3134.5898582685286,139.15360990855322,3,SYN,110,0,-70.80468205735446,user,0.15277419487807423,294.24021896821876,BruteForce
P001441,TCP,Workstation,On,ME,5,2,7580.981349509753,8490.934028587591,148.0234733639885,7,SYN-ACK,53,1,-52.374456845086954,guest,0.4258861003652079,327.1294183344145,BruteForce
P001442,TCP,Workstation,Off,ME,3,1,4541.066489640413,3728.425629526383,105.53258158668388,5,ACK,110,0,-50.26491095713733,guest,0.47954402308260197,279.8215836346676,Benign
P001443,ICMP,IoT,Off,US,1,0,4075.802549632304,6832.275822009599,137.34581510951406,8,SYN-ACK,22,2,-61.59494665148255,user,0.2902499857810975,330.88281611780565,BruteForce
P001444,udp,IoT,Off,APAC,0,2,6464.351775712919,,82.5958276793823,1,SYN,3389,2,-63.15627767393881,guest,0.15580949165234692,281.0847296145864,Benign
P001445,TCP,Mobile,Off,APAC,6,1,5067.512703332614,,64.54265396140995,3,SYN-ACK,143,0,-55.11811893264874,user,0.5119842772198092,258.6454279026636,Benign
P001446,UDP,Workstation,Off,US,2,4,4521.4374220769405,9499.72758664762,132.83225720976571,1,FIN,143,0,-51.28837020900657,user,0.16744140297550814,281.57288756694606,Benign
P001447,UDP,Workstation,Off,ME,2,0,3751.6955247069136,10010.53905021595,125.5195059296316,4,SYN-ACK,143,0,-60.197720077792134,user,0.04349804466778637,303.72946660521706,BruteForce
P001448,TCP,Mobile,Off,ME,4,1,2544.0072548223397,6500.139723783971,125.16627690739303,4,FIN,53,1,-68.49862156211913,user,0.4020282599556891,281.1932720466194,Benign
P001449,tcp,Mobile,Off,APAC,2,1,4003.424464218791,6362.845265028156,113.42946575273054,5,ACK,443,3,-78.78607586680808,admin,0.3402220677946229,276.72577390940876,Benign
P001450,UDP,Workstation,Off,US,5,2,6073.943722437674,7831.8644405868645,111.2329342955232,7,FIN,143,1,-53.83537887186963,user,0.3320271968213582,281.6340888816942,Benign
P001451,tcp,Server,On,EU,1,1,3182.622521147582,,131.96210213835624,2,ACK,22,1,-77.90299875639174,user,0.4829808590399961,276.21941930522024,Benign
P001452,ICMP,Server,On,APAC,3,2,4612.411610834621,7320.6142003213845,154.30642171466292,5,SYN-ACK,25,1,-59.951353651533836,user,0.3235658303545251,310.58239370557635,BruteForce
P001453,UDP,Workstation,Off,EU,2,1,5297.405408277113,9560.966962667597,123.09086112653398,6,ACK,22,0,-46.37666317322457,user,0.23175426477026714,289.90052116910283,Benign
P001454,UDP,Workstation,Off,EU,1,0,3103.7925348851404,9720.59053137493,133.5595501573905,7,ACK,443,0,-54.20289041257522,guest,0.17087158458420562,318.27954303024217,Benign
P001455,UDP,Mobile,Off,US,3,0,3326.1087586976773,6213.284971668121,171.5541249876474,8,SYN,25,2,,user,0.38494515272273716,316.31889338824186,Benign
P001456,tcp,IoT,Off,ME,4,0,7191.446736176305,4443.04382129596,78.63296358617964,5,FIN,143,0,-44.21010174102366,user,0.3351437001750132,278.3541034494428,Benign
P001457,TCP,Workstation,Off,US,2,1,4707.828691215962,10385.740325347362,119.05262476254282,1,SYN,80,1,-60.519923302605314,user,0.10451432597312668,284.01989450697675,Benign
P001458,tcp,Workstation,Off,EU,2,1,5077.466356881734,5744.008942380078,119.46241846762473,5,FIN,53,2,-69.05716764872707,user,0.10191856880053685,281.248970621613,Benign
P001459,TCP,IoT,On,EU,4,2,4066.1528912054705,6137.6228276532265,109.71280177579014,5,ACK,3389,1,-80.34386142273311,user,0.42524560370963355,291.99789425489286,Benign
P001460,TCP,Mobile,Off,US,2,1,4329.470198482505,6915.094327267992,117.81643449033955,6,ACK,3389,0,-67.8982813134083,admin,0.43487052367040147,313.2302862516166,Benign
P001461,udp,Workstation,Off,US,1,4,3125.8749537131,7777.233482406329,131.22822241720277,5,FIN,3389,3,-54.10793018730178,user,0.1332468485709367,285.27775800751846,BruteForce
P001462,TCP,Server,Off,APAC,2,2,3240.0136410717696,8072.1018702728525,78.70583924838257,3,SYN,21,1,-54.25319902239894,guest,0.1972973147234686,234.75703519564306,BruteForce
P001463,tcp,IoT,Off,APAC,1,0,4511.08296693472,4643.257582603962,178.346301704758,6,ACK,22,1,-66.24536155158339,guest,0.5874391200217391,316.8676828133239,BruteForce
P001464,UDP,IoT,Off,EU,1,0,5040.354747909787,6670.564477360893,88.99276339243298,4,SYN-ACK,25,0,-61.50412955571867,user,0.5756939621503173,297.163437778607,Benign
P001465,UDP,Workstation,Off,APAC,1,2,51722.04710842089,3558.2794088016344,78.04481794295216,7,SYN-ACK,443,0,-66.32699735242882,guest,0.07516037111718908,279.2798332674889,Benign
P001466,UDP,Workstation,Off,APAC,1,1,9249.157210451598,5459.585092054494,127.57641777640436,2,SYN,25,1,-53.453190370214344,user,0.20586337335137392,291.9771729730845,BruteForce
P001467,UDP,Mobile,On,EU,2,1,4216.918558899918,5882.497768628751,129.22442340532947,6,ACK,22,2,-55.4933964001665,guest,0.1629513180499786,294.54985747788635,Benign
P001468,TCP,Server,Off,US,1,2,4995.422146656465,7186.084175596089,113.40973717564933,10,FIN,80,1,-55.31771892880301,user,0.25701132850864217,275.09459272494064,Benign
P001469,ICMP,Workstation,Off,US,2,1,5833.421032646334,7843.527000585309,160.80046588412424,5,SYN,3389,0,-60.27940225452329,admin,0.1852456896898094,319.6286190420371,Benign
P001470,,IoT,Off,ME,3,2,3128.6389285718888,2996.8145729723124,105.34177574192655,2,FIN,80,0,-44.867345378705934,user,0.11056426575130555,301.72259924655526,BruteForce
P001471,TCP,IoT,On,EU,3,4,4394.636107153118,4047.905444123842,82.30286103313037,6,ACK,110,0,-52.50964736314133,user,0.25582919095147444,263.1886942983377,BruteForce
P001472,UDP,IoT,Off,APAC,1,1,5374.759518262188,3398.9145254904356,117.17858951679071,7,SYN-ACK,110,1,-79.15011932497643,admin,0.22413619943882007,305.86650299301004,Benign
P001473,ICMP,Mobile,Off,ME,2,0,4723.593093863899,,140.98159349986432,4,SYN,22,2,,user,0.19978478436239766,287.24167954863555,BruteForce
P001474,TCP,IoT,Off,EU,3,1,7595.302676716892,9141.600732848896,134.68882061833307,3,SYN-ACK,21,2,-58.57582562846306,guest,0.457941364763646,295.8295360394788,BruteForce
P001475,TCP,IoT,Off,EU,2,0,4151.571702842421,,98.40661423706025,6,FIN,3389,2,-66.71131821956068,user,0.331176109947343,277.7621782920856,Benign
P001476,UDP,Workstation,Off,EU,2,2,6067.371418312588,6862.962232666936,136.30586299781243,5,ACK,22,0,-59.94539110717718,user,0.348884891957241,293.9431228811909,Benign
P001477,ICMP,Server,Off,US,2,2,7138.8287682060245,6947.2679482941085,128.72307719271572,4,SYN,80,2,-55.02194632297456,user,0.45695701679577916,303.3482585405599,BruteForce
P001478,udp,Mobile,On,US,2,2,6802.541215534354,1434.3288387808916,148.04037693412076,1,SYN-ACK,110,1,-71.821691559013,user,0.09390816527263397,303.054833234629,BruteForce
P001479,TCP,Mobile,Off,APAC,1,0,5642.501067000184,4754.2786636651,114.57380218661784,7,SYN-ACK,143,0,-45.8433095426665,admin,0.22690864690056306,280.13241392928956,Benign
P001480,TCP,IoT,Off,APAC,1,2,6136.241701618221,611.0218261920154,92.68776585196898,6,ACK,80,0,-62.985368143289904,user,0.08189388830483715,280.4933953567699,Benign
P001481,TCP,Mobile,Off,US,2,1,6142.2312357580595,4850.832993728692,140.88215126637758,6,SYN,80,0,-58.33897117721324,user,0.45934506128545827,292.2870150342318,BruteForce
P001482,TCP,IoT,Off,EU,3,1,3167.218777781607,7175.517479390557,94.69942543954396,1,ACK,80,0,-58.27507566403122,user,0.2824738233573571,292.6488864262352,Benign
P001483,TCP,Server,Off,US,3,1,4778.561311400132,3906.9334211690943,82.97693235920173,5,SYN-ACK,25,0,,user,0.6581912413334788,272.00255714038457,Benign
P001484,UDP,Mobile,Off,EU,1,0,4554.003697629722,3112.352309403623,127.43552393031237,1,SYN-ACK,22,2,-55.561967664563475,user,0.24309245363044546,295.5940769112353,Benign
P001485,TCP,Workstation,Off,APAC,3,3,5001.537078956832,5224.708253895862,124.30469410507911,6,SYN-ACK,25,1,-58.17806089729909,guest,0.19714304175381056,300.70207668485375,BruteForce
P001486,TCP,IoT,Off,APAC,1,3,2787.789894820244,6351.609538579978,125.71397153791571,7,SYN,80,0,-74.28426882310451,user,0.15115072863380713,265.83390680388186,Benign
P001487,TCP,Server,Off,EU,5,0,5087.343038539121,9559.794340675875,133.9546313366604,5,ACK,3389,1,-52.111989447675754,user,0.09148818201746535,300.98609091836556,Benign
P001488,TCP,IoT,Off,ME,1,1,4606.549636893011,6307.724487793913,156.05228069292392,6,SYN,80,1,-74.16125449181033,user,0.17734318517545156,305.1148009566802,Benign
P001489,ICMP,Server,Off,ME,2,2,5778.014174440012,,84.19898431163075,3,SYN,143,2,-61.024128894002665,admin,0.07706210486224865,274.14617290385814,Benign
P001490,UDP,IoT,Off,ME,2,2,8064.474626909448,3372.0626470168254,127.25876379310205,6,SYN,3389,0,-71.64905062458317,user,0.5611750475601099,300.9109869765137,Benign
P001491,tcp,Workstation,Off,ME,0,1,5728.3721618254185,5144.506106562879,73.94827233819156,5,SYN-ACK,443,0,-71.3488860532651,user,0.2086058701415898,297.53099564217644,BruteForce
P001492,tcp,Mobile,Off,APAC,2,0,6737.432439854306,5118.40660181231,110.62525879312454,2,SYN-ACK,110,1,,user,0.2725085097329278,303.14909263167505,Benign
P001493,tcp,IoT,Off,US,1,2,6672.152381833833,,107.9987877369154,3,SYN,21,1,-59.50763421826085,user,0.4597163231536768,289.7221480407384,Benign
P001494,tcp,Workstation,Off,EU,0,0,7934.400727591378,5976.137999064282,130.67862737176458,3,SYN,143,2,-51.25583458062053,user,0.268648067051432,307.78603391132,Benign
P001495,TCP,Server,Off,US,2,0,4064.0349673503792,2980.7097426204423,81.03561783077308,3,SYN-ACK,143,2,-45.871094421807086,user,0.11949147972234019,279.49878677184813,Benign
P001496,tcp,Server,Off,APAC,2,0,7875.126178829701,,89.11261983016004,9,SYN,443,2,-56.18899325476888,user,0.40028653568808015,320.8141210755081,Benign
P001497,TCP,Server,Off,EU,3,1,5521.065736259397,5893.007504921096,83.00255901805386,3,ACK,53,0,-46.01794330943566,user,0.14196271683477277,253.4821995123884,Benign
P001498,udp,IoT,On,US,1,1,4713.870309908483,6826.258689524176,70.30386986634973,7,SYN-ACK,80,0,-43.665500081930205,user,0.3480042957509013,279.42622958998226,BruteForce
P001499,udp,IoT,Off,EU,2,1,6140.636354323391,103.4535630210903,69.7910591683862,6,FIN,110,0,-69.13801988625559,user,0.09019094971981181,275.6820447102494,Benign
P001500,TCP,Mobile,Off,APAC,2,0,15295.707738529905,8016.895529037365,142.4316241596961,3,ACK,80,0,-63.66041530687041,user,0.31147906124534724,295.17663086448,Benign
P001501,TCP,Workstation,Off,APAC,2,3,2753.1999064604424,5215.933440538077,129.66180617012083,10,FIN,21,0,,user,0.3184148325328927,270.86910085251975,Benign
P001502,TCP,Mobile,On,APAC,4,0,6688.391207458488,5596.533570851694,138.02208479629323,9,ACK,22,1,-52.47108064241143,guest,0.3201500430786291,337.96039855666174,Benign
P001503,TCP,Workstation,Off,ME,2,1,4848.989835860918,6203.031474882513,87.6638233347835,4,ACK,21,1,-61.54671598734738,guest,0.48556675503074415,290.3729757822839,Benign
P001504,tcp,Mobile,Off,ME,4,1,3079.181218590763,3419.9754757004866,137.0737087666748,9,SYN,80,0,-43.04282295297752,admin,0.13517610034081765,300.2871110536308,BruteForce
P001505,tcp,Workstation,Off,ME,3,0,2341.36724444409,3071.8823212763104,118.58873027898174,10,FIN,80,1,-62.5264428913253,user,0.05304394561002714,273.56601028992367,Benign
P001506,TCP,Server,Off,APAC,4,0,4313.245702631637,1648.4443064715506,84.14770718569125,3,SYN,143,2,-46.555918597604304,user,0.06927075331096397,278.56916219280293,Benign
P001507,UDP,Workstation,On,ME,3,2,3717.9719073931674,2218.775091123938,96.64210715985485,5,ACK,21,1,-51.39526109078156,guest,0.16727751327516824,283.4578934795364,BruteForce
P001508,ICMP,Mobile,On,US,1,2,6532.555877109384,5852.198309003329,84.37305670073243,6,ACK,25,2,-56.337133312863784,guest,0.2805193998170947,312.62115693969093,Benign
P001509,UDP,Mobile,Off,EU,4,2,4926.081331060078,4825.241291452555,61.46663470700091,7,SYN,3389,0,-53.66152244939311,user,0.18561785647168783,264.96050069904595,Benign
P001510,TCP,Workstation,Off,ME,2,0,2662.5642409903207,,92.03159068387276,6,SYN-ACK,53,1,-53.91300268910156,user,0.2761893697852856,264.44783578984743,Benign
P001511,udp,Workstation,Off,APAC,1,2,3139.842684061414,5483.440572138456,143.69780157301454,4,SYN,143,0,-68.60965443750516,guest,0.08356663859989961,283.1280917595,Benign
P001512,,Workstation,On,APAC,3,2,3646.1867843247564,4278.123574720637,126.17080919804214,6,FIN,443,0,-68.6991671700669,user,0.07865461760343015,284.8665490573306,Benign
P001513,TCP,Mobile,On,EU,4,2,3893.916778028117,5612.07493669257,138.4655495596364,3,ACK,21,3,-45.89875429273213,user,0.17658608771911286,270.40621236918867,Benign
P001514,UDP,Mobile,Off,EU,1,1,5739.197508544168,100.0,140.70114805052629,4,FIN,443,1,-58.708974473613026,user,0.2021153020992879,318.5232562961371,Benign
P001515,TCP,Mobile,Off,US,1,0,4903.607547509837,8141.675815521977,144.14919323557356,4,FIN,443,1,-64.82736153664361,user,0.408149279772399,354.4400402505439,Benign
P001516,TCP,Workstation,Off,ME,3,3,2793.879771882301,6786.64142215278,110.72862525546492,5,SYN-ACK,53,0,-60.50995087341077,user,0.3941867221663764,250.08521090348458,Benign
P001517,ICMP,IoT,On,EU,2,0,7888.204841263991,8784.195904996468,95.69829624514,2,ACK,110,0,,user,0.6858107837451753,286.00526194451527,Benign
P001518,,Mobile,Off,US,0,1,5670.672426852101,7697.798409985148,76.01785204659701,4,FIN,143,1,-74.06336671912193,user,0.1748192059530424,287.55669823480525,Benign
P001519,tcp,Server,On,APAC,1,3,6679.725723232598,4472.37231270007,139.87782072306226,3,SYN-ACK,143,0,,user,0.1404201245331189,309.83502940596,Benign
P001520,udp,Server,On,US,4,4,3781.032803463542,5452.469993314673,116.42946275759665,2,ACK,22,0,,user,0.23888668748000338,289.6545830301523,Benign
P001521,TCP,Mobile,Off,EU,2,1,2630.336139081004,4406.295988758302,123.79740896855391,6,SYN-ACK,80,0,-47.705622833616786,user,0.387394442819413,280.3634091786582,Benign
P001522,TCP,Mobile,Off,US,2,1,6429.695622925752,5591.929628099199,141.9892676396892,4,ACK,22,2,-55.58710842160593,user,0.6145514352180619,312.9821583193885,Benign
P001523,ICMP,Server,On,ME,3,0,4345.888197226084,,84.68805240266539,5,FIN,21,3,-55.50223781688522,user,0.4435855147145112,282.76500289773577,Benign
P001524,UDP,Workstation,On,ME,5,0,6118.293617020374,1227.9350604680876,106.32442202514838,5,SYN,21,1,-66.16021710912541,user,0.5299883695096301,297.02859063885427,Benign
P001525,udp,Server,Off,ME,2,1,2871.0846947146133,7083.855463103552,84.63308485535265,3,SYN,21,0,-55.71672742119769,user,0.10885737313275465,272.97088019839106,Benign
P001526,ICMP,IoT,Off,EU,1,1,6993.685011451802,4509.270508508685,88.45124809466756,2,ACK,110,0,-50.990955635637,user,0.3359548148257792,263.54690451043115,Benign
P001527,TCP,Server,Off,ME,3,1,5110.913097465752,5056.047402395532,170.7845256603831,4,SYN-ACK,3389,1,-50.74441555249674,user,0.3161577582690478,306.9580820868468,Benign
P001528,TCP,Workstation,On,US,2,3,3311.1108834694023,3754.8507734361233,130.42378126963095,7,ACK,22,2,-55.94600699168302,guest,0.15430446951932902,275.6723806642604,Benign
P001529,TCP,Workstation,Off,APAC,1,0,2746.9315044112404,7362.403260661589,127.40864185251402,4,ACK,25,1,-45.08704946315404,user,0.45604323048548207,309.5077046206201,Benign
P001530,TCP,Workstation,On,US,2,1,3626.1189270654763,4498.265999552684,130.81197524443817,7,FIN,143,2,-40.61540944469881,user,0.03778962066116855,292.8107869399257,Benign
P001531,TCP,Server,On,APAC,0,0,6981.315377639746,,126.3854241384222,9,SYN-ACK,80,1,-46.78261122647962,user,0.1300520576014168,293.21205299264255,BruteForce
P001532,tcp,Workstation,On,EU,1,1,8418.216206361514,6852.409524790309,113.74689815260386,2,ACK,143,1,-61.17115647812061,user,0.5284203178556557,296.7652701458247,BruteForce
P001533,UDP,Mobile,Off,EU,0,1,3645.3314060251087,,96.02981713211041,3,FIN,443,1,-67.42897982131011,user,0.18140410132683746,285.1661562944662,Benign
P001534,TCP,Server,Off,EU,5,2,7344.1714321621885,8597.976194437677,61.248547154329465,11,SYN,3389,0,-45.56613017075091,user,0.38835930416823355,300.9027231954699,Benign
P001535,UDP,Workstation,Off,ME,5,3,3802.7710167295454,4831.433511279027,94.70970252845649,3,SYN,143,0,-68.60387044055555,user,0.21111041351176552,273.88668190982037,Benign
P001536,udp,Mobile,Off,APAC,2,0,5657.924838005627,3546.7623546643817,88.87232315299522,3,ACK,25,0,-54.19989980230548,user,0.24276049859824697,268.1121701610663,BruteForce
P001537,ICMP,IoT,On,US,1,1,5238.331103697244,4654.623360591128,76.82784479907161,5,FIN,80,1,-70.2313235940126,user,0.6437669944842183,274.108077872005,BruteForce
P001538,,Workstation,On,EU,1,0,2800.607986181791,5535.7890587074835,73.0981315527422,8,ACK,22,1,-59.55301924011318,user,0.22423830998120917,246.3608617745349,Benign
P001539,tcp,Mobile,On,EU,3,2,5343.250614512189,2966.3852080522406,149.9535203734687,2,SYN,443,0,-51.39667204616734,user,0.3085004255288168,332.9433801779664,Benign
P001540,UDP,Mobile,Off,APAC,2,0,6947.7779696143725,7924.540064463435,48.225774507745754,8,ACK,80,3,-54.048017718474284,user,0.3464464496809651,270.1269103104586,BruteForce
P001541,,Server,Off,EU,1,1,5247.223118151187,6250.758474392578,127.90448840114473,7,FIN,53,1,-61.16868469828801,user,0.14942129052047756,299.3085889352323,Benign
P001542,udp,IoT,Off,APAC,1,0,5971.0593032563565,4298.465492109044,139.42669025417646,3,SYN,25,0,-52.56641108541253,user,0.4297502322894331,316.6981917401846,Benign
P001543,TCP,Server,Off,APAC,1,0,2954.1011882044504,7349.789516714579,103.28234563909069,5,ACK,110,1,-54.58466950630059,user,0.0893238190274444,291.6754476365673,BruteForce
P001544,TCP,IoT,Off,ME,4,2,3332.1108249411955,6097.246458553978,105.12363233472593,3,FIN,21,1,,admin,0.48158834170271847,278.8920113773747,Benign
P001545,TCP,Mobile,On,EU,2,0,6042.918729449589,7878.431879682308,127.82013423089164,1,FIN,3389,2,-60.27271825059631,user,0.264211621254359,307.8125343528585,Benign
P001546,udp,Mobile,On,EU,1,0,5521.338130494857,,194.52070134689313,9,SYN,21,1,-65.79472678846793,user,0.24234196312930856,339.86958259396187,BruteForce
P001547,TCP,Workstation,Off,ME,2,1,3718.2740381312597,,133.38454070908264,7,FIN,3389,3,-64.6522992418995,admin,0.16468825835966566,296.3161370836071,Benign
P001548,UDP,IoT,Off,ME,1,1,6457.12617850148,8641.764052594905,84.459174233976,1,ACK,25,0,-61.754856333495354,admin,0.39205894134808245,267.2970432882132,BruteForce
P001549,UDP,Server,On,EU,0,0,6236.767920254122,7427.792623534817,111.57255508679052,6,SYN-ACK,110,2,-59.1831244358279,admin,0.08243724085182769,318.6626268416429,Benign
P001550,,Mobile,Off,ME,2,3,6858.549250504337,3192.480096562851,120.92569738657647,5,SYN-ACK,110,1,,user,0.43306854861484123,298.7077822903969,BruteForce
P001551,TCP,Server,Off,US,0,0,4341.11073773419,6924.466996030886,117.05528588267353,4,FIN,3389,1,-76.2237007520849,user,0.2956764086405451,268.8088646559886,Benign
P001552,TCP,Workstation,Off,US,0,1,6465.621419442574,10289.854585819172,144.00320899726373,8,SYN,443,2,-58.784539809042855,user,0.3027032244543196,326.5859207625314,Benign
P001553,UDP,Workstation,Off,US,2,0,4784.4371196233915,6057.699802900043,218.80472933085724,1,SYN-ACK,53,1,-60.085077515549784,user,0.287528816338757,338.0854656491078,BruteForce
P001554,TCP,IoT,Off,US,3,1,4275.834181800411,2765.4722782350404,142.83981976131906,5,SYN,21,0,-67.76421106797676,user,0.567858996459584,301.803628539234,BruteForce
P001555,TCP,Server,Off,EU,4,1,4960.612046081978,4373.367472087349,109.99850494967193,8,ACK,80,2,-52.27633448167267,user,0.1826131278218599,306.5546180895924,BruteForce
P001556,ICMP,IoT,On,US,1,2,5398.497611593956,4345.626839741826,87.10726905537973,4,ACK,25,1,-60.00198245616863,admin,0.10254356707296094,276.68390146844513,Benign
P001557,UDP,IoT,Off,APAC,0,1,4034.3849417891074,7846.876266827685,145.02058364845647,4,SYN-ACK,143,1,,user,0.2949073822658013,301.7246334132149,Benign
P001558,TCP,Server,On,EU,4,0,5993.473569366982,5597.693881054333,154.08909342928897,4,FIN,443,0,-43.08772191300856,admin,0.260120945695512,292.84471733342775,BruteForce
P001559,udp,Server,Off,US,2,0,5974.7377346899475,6980.233689935174,125.58771021227152,2,SYN-ACK,21,2,-56.32452413604912,admin,0.8329857170488262,324.93822807325216,Benign
P001560,TCP,Server,On,EU,1,2,5005.094196698251,,145.56136168257353,2,SYN-ACK,443,0,-68.3796614080706,admin,0.3104248000502689,281.02983360530067,BruteForce
P001561,,Workstation,Off,ME,3,0,4443.4705551523075,6691.991802026617,735.8404910465782,3,SYN,143,0,-31.74384157173948,user,0.41169491557629373,295.4054186627991,BruteForce
P001562,TCP,IoT,Off,EU,1,1,5317.788571149823,6888.819819098859,143.5816380479153,4,SYN-ACK,80,1,-51.803426747588134,user,0.067619850358205,308.7517559996282,Benign
P001563,tcp,Mobile,Off,APAC,3,2,4385.905868428654,5942.028945325574,123.89826782180481,3,ACK,25,0,-64.52489312145002,guest,0.5630940722868096,252.55032652857557,BruteForce
P001564,tcp,Server,Off,ME,0,0,5255.450438528604,,110.71482191282573,6,FIN,21,2,-68.04737273813616,user,0.3203329949866099,312.2264384893088,BruteForce
P001565,,Mobile,Off,APAC,4,2,5506.294952654542,3134.1680952882234,102.71923098175527,9,SYN-ACK,110,2,-75.2249521828315,guest,0.6174977857852303,270.58578096192616,Benign
P001566,,Workstation,Off,ME,3,1,6343.528349277682,7049.453055915715,114.31665813736569,3,ACK,3389,1,-47.60667231306346,user,0.48397492485172383,302.72761315937294,Benign
P001567,TCP,IoT,Off,APAC,2,0,4043.544468786028,6497.233970005134,95.66759236042037,4,ACK,25,1,-44.706898920770726,user,0.06515033975802591,255.72546705974713,Benign
P001568,UDP,Mobile,Off,EU,1,0,5863.017975659903,8916.501431658924,151.07317106385162,4,ACK,25,1,-55.28674274341945,admin,0.0931184558885438,306.130835079388,BruteForce
P001569,ICMP,Workstation,Off,US,2,3,4847.811905186487,6953.156322992126,122.55557112601925,8,FIN,3389,0,-65.42885418400454,user,0.1701210547458218,271.07448975704847,Benign
P001570,TCP,Workstation,On,APAC,2,0,4607.470470224942,7500.216401770478,87.38297724779633,4,SYN-ACK,53,1,-60.502066429000436,user,0.4411554691279372,286.5278815633395,Benign
P001571,TCP,Server,On,APAC,3,0,3979.0161808325665,4722.324156648392,81.26153478164771,7,FIN,80,2,-71.03458698052285,user,0.0969533526904448,275.36478557825507,Benign
P001572,TCP,Mobile,Off,APAC,2,0,5457.884915236853,9920.863239804628,141.29576606652907,7,FIN,443,0,-76.29446221627705,user,0.3809935970466493,294.9142344717602,Benign
P001573,TCP,Mobile,Off,ME,2,0,3810.224979136381,7630.175488665742,130.01120069434148,7,SYN-ACK,443,1,-59.48672759993904,user,0.35372722032931336,307.69640755904186,BruteForce
P001574,TCP,Mobile,Off,ME,3,1,4592.7645567076715,7102.497035871507,111.00011522837264,4,SYN,25,2,-65.41238978261008,admin,0.19780610215086475,285.581106226333,Benign
P001575,TCP,IoT,On,APAC,1,4,3942.6390937001834,4225.876967953101,156.79722316251082,7,SYN,80,1,-50.37721440688026,admin,0.35270094243457234,314.2315709180711,Benign
P001576,TCP,Workstation,Off,US,2,1,6142.156440810751,8669.686607065169,142.62307613215745,4,FIN,80,0,-56.977621737216175,user,0.5498850693199837,300.3496924032017,Benign
P001577,UDP,Server,On,APAC,2,0,6718.1920029808525,7869.1012856693405,114.85484891434943,6,SYN-ACK,25,3,-46.72893522229744,user,0.12479927044205394,286.06728321609876,BruteForce
P001578,UDP,Mobile,Off,APAC,0,1,5798.566316091617,6107.781953972055,105.68069967096788,7,ACK,25,0,-50.666990106058,user,0.22099669218394688,269.224054900802,Benign
P001579,UDP,Server,Off,EU,5,1,7553.009431525169,6764.74537964332,98.2637922474625,6,SYN,80,4,-60.72961100785844,user,0.22477017342099273,266.3844338292417,BruteForce
P001580,udp,Server,Off,ME,4,0,5779.897236155466,7093.380534084999,138.8240212008618,7,SYN-ACK,110,1,-44.01514859935176,admin,0.3213489769904364,316.57081635132937,BruteForce
P001581,UDP,Server,Off,APAC,0,0,4905.799649556734,4737.013960815534,95.09186453805545,6,SYN-ACK,443,0,-51.58745993566335,user,0.3648985268059675,277.9487823219575,Benign
P001582,udp,Workstation,On,US,3,0,5126.984077453232,8044.9045191529185,69.43268343359802,3,SYN-ACK,110,0,-75.51665017041962,user,0.45593859629487393,283.79757586662623,Benign
P001583,UDP,Workstation,Off,EU,2,0,3164.6487763017503,6085.146806397629,129.20325622738685,6,SYN-ACK,3389,0,,user,0.06653817927027778,297.21351264775046,Benign
P001584,TCP,IoT,Off,EU,3,1,6374.480960549612,9337.967848008888,121.83013682003937,7,FIN,25,0,,user,0.2902881314348774,341.71132847721947,Benign
P001585,udp,IoT,Off,ME,2,1,5574.787753377854,6074.596666866187,95.401566776761,4,SYN,80,1,-62.16155730482419,user,0.29268441686422014,281.82372933824536,Benign
P001586,UDP,Workstation,Off,APAC,0,2,6961.081770193825,10228.81741971504,122.01073037638334,1,SYN,3389,0,-60.18431884287184,user,0.33505922281916756,309.1177510002478,Benign
P001587,tcp,Server,Off,EU,1,2,3646.053559275021,5097.902682386732,151.3435123585213,6,ACK,3389,0,-56.28516813515434,admin,0.1913680261309979,295.79443701893365,BruteForce
P001588,UDP,Mobile,Off,APAC,2,2,3022.5133823411907,2757.6443367762968,120.82616999473011,4,ACK,110,1,-62.45803149653045,guest,0.22368518909212515,278.38324698753246,Benign
P001589,udp,Workstation,Off,US,2,0,6320.791676461558,6779.77333981049,129.55008668863582,3,ACK,443,1,-53.54710492637421,user,0.49772937120846894,275.51586364466465,BruteForce
P001590,TCP,Workstation,Off,ME,1,0,4667.099005705478,5506.09995908986,191.41151303831265,7,SYN-ACK,110,1,-57.52192551657871,user,0.22644035292149473,338.92989373559556,BruteForce
P001591,tcp,Workstation,Off,EU,2,1,2916.7668338008484,6391.063406442829,152.80139868776797,3,ACK,22,0,-66.67117192117263,user,0.09486193330357164,269.05398890521445,BruteForce
P001592,udp,IoT,Off,US,1,2,3318.495964722498,10141.130004294277,144.70138773478746,5,SYN,53,0,-68.08880471306017,admin,0.304387882444344,293.75732752272165,Benign
P001593,TCP,Mobile,On,US,1,0,6190.62658767949,3592.3055912360737,76.15909181510125,4,ACK,443,2,-69.24587935882951,user,0.20861230346484222,263.5561994624617,Benign
P001594,UDP,IoT,Off,US,3,2,3383.020307291658,5473.968430229915,72.54274646980068,7,FIN,53,0,-63.39767111948738,user,0.18390904855933415,257.61967365657176,BruteForce
P001595,UDP,IoT,On,US,1,0,5855.531408205914,9830.84608815608,123.36668536041796,1,ACK,143,2,-50.10461813692592,admin,0.45569725441767966,299.48277799204425,BruteForce
P001596,ICMP,Workstation,Off,US,2,2,5537.8906383831445,4922.224665490627,136.30133939000302,6,ACK,110,0,-73.15561160037839,user,0.1864977867454663,306.37742344937107,Benign
P001597,TCP,Mobile,Off,APAC,2,2,4058.162542073601,6367.311633002064,103.74873410606526,3,SYN,25,1,-39.78590569215755,user,0.24326283237887947,284.45091300961894,BruteForce
P001598,UDP,Mobile,Off,ME,2,1,7699.359827824705,9371.887482857339,78.38689400601264,4,SYN-ACK,143,1,-60.765674551413106,user,0.5455476013994314,267.5491797487234,Benign
P001599,UDP,IoT,Off,EU,5,1,6452.563919079469,,90.4326917013027,4,FIN,80,2,-57.64590506155577,user,0.27480246709773404,276.4662211914868,Benign
P001600,TCP,Server,Off,APAC,2,1,4751.05663751393,6449.486174782915,136.65608957428702,4,ACK,143,2,-50.166140436925545,guest,0.311515093633793,310.7155113215585,BruteForce
P001601,TCP,IoT,Off,ME,4,0,4921.593864351154,4753.211856682129,150.94241849499676,8,SYN-ACK,143,1,-47.197253497544224,user,0.5693813435373292,326.10268328440793,Benign
P001602,tcp,Mobile,Off,ME,2,1,6023.496957126987,,112.73150815518575,4,SYN,443,1,,user,0.02427427739956181,301.10057941036837,BruteForce
P001603,ICMP,Workstation,Off,ME,1,0,4186.528622211017,7894.203158999606,69.64661198491467,5,FIN,21,4,-53.57792081502331,user,0.3952662868157776,248.67753730914356,BruteForce
P001604,UDP,Workstation,On,US,5,2,3245.1526450292763,10544.057691893102,78.12922216452722,9,SYN-ACK,21,2,-61.69199763666475,user,0.20588563138564392,274.27748913722223,Benign
P001605,UDP,Workstation,Off,APAC,2,0,2447.911073866957,6267.78576840167,131.16079194466877,2,SYN-ACK,80,3,-53.41970839326183,admin,0.1850006522630093,267.96466034650234,BruteForce
P001606,ICMP,Workstation,Off,EU,0,1,4800.367735111835,7682.507080231171,99.16485045801838,4,SYN-ACK,80,2,-41.31511053431895,user,0.05822304134966967,282.7972216887792,BruteForce
P001607,TCP,IoT,On,ME,2,1,4213.446268893716,4786.046323880073,146.9411636465387,6,ACK,443,0,-45.139196737036656,guest,0.6804153835249991,290.5592626014808,Benign
P001608,TCP,IoT,Off,EU,3,0,2463.9026325224927,5036.65065083306,161.77257240593684,7,SYN,80,0,-72.58380522674514,user,0.08813937180669688,309.75025169462066,Benign
P001609,TCP,Mobile,Off,EU,1,0,5127.104486968112,4241.987723084567,99.06014570643812,3,FIN,143,0,-41.725128110267775,user,0.3410917477154253,291.04404508522134,Benign
P001610,UDP,Workstation,Off,EU,0,0,3779.18899017737,,123.13458556506548,7,ACK,25,1,-63.246854270167034,user,0.5443467307437343,281.7526379288965,Benign
P001611,TCP,Mobile,Off,APAC,0,0,4766.650415863519,7778.309637466972,104.25565562447296,1,SYN,80,0,,user,0.5504716862407294,252.32657337219362,Benign
P001612,ICMP,Mobile,Off,APAC,1,0,7883.730556215731,8566.487110830036,133.73693070739108,10,FIN,22,1,-64.38603489177731,user,0.05649927002936986,319.61539536515096,BruteForce
P001613,TCP,IoT,Off,EU,1,1,8686.757113506876,6170.588204686724,210.681621689785,5,SYN,25,0,,user,0.21390593115052794,342.55490905980474,BruteForce
P001614,UDP,Server,Off,EU,3,0,7104.933729359883,5989.88709561968,93.31076765920757,3,ACK,25,2,-60.961894763474554,user,0.3601151227607914,279.5568345887139,Benign
P001615,udp,Workstation,On,ME,0,0,7393.469249130407,5905.361438217013,146.14894746749275,4,ACK,443,0,-55.40372642302165,user,0.3668650216507546,303.0755129576638,Benign
P001616,TCP,Mobile,Off,ME,0,1,3998.280254950345,4496.17603689707,130.33122401389215,4,ACK,443,2,-80.19793074464971,user,0.3960728869729127,292.8463981993016,Benign
P001617,tcp,Server,Off,ME,1,0,1026.4246473876087,,103.50735525071515,2,FIN,21,0,-72.07969948478456,user,0.1925681959692626,235.4629730524531,Benign
P001618,TCP,Server,On,ME,2,0,2583.7851007240333,7386.0306771772875,80.14628114643926,2,SYN,21,1,-71.93901615624029,user,0.33693183423523526,263.5632107582698,Benign
P001619,TCP,IoT,Off,US,1,1,4436.916045408767,2332.5969385283724,111.73067482955872,7,SYN-ACK,3389,1,,user,0.23795424925161654,276.9536577042505,BruteForce
P001620,udp,Server,Off,EU,2,1,6127.397311650158,7575.339636302353,165.41173628265898,7,FIN,3389,3,-63.74240087665511,user,0.17599089909390017,308.1367275047667,Benign
P001621,ICMP,Workstation,Off,EU,2,0,3782.8314633310474,6677.886169489219,139.96871068702046,6,ACK,110,0,-53.83358000278395,admin,0.17126824492913392,315.3148536006751,BruteForce
P001622,ICMP,Server,On,US,3,1,4359.220625731325,5427.767518626106,110.42475939274372,7,FIN,22,1,-51.90465409883372,user,0.23105977662959348,295.5567014569108,Benign
P001623,UDP,Mobile,Off,ME,1,1,2167.4709780200005,7296.074928176669,136.66336891622603,5,ACK,53,2,-64.0869890737925,user,0.5673815925676281,259.4080169787015,Benign
P001624,udp,Workstation,Off,APAC,4,1,4847.66322432772,6269.2224613145,191.9754789494257,11,SYN,21,3,-55.33487438929665,admin,0.2520432723457907,349.97873560705517,Benign
P001625,UDP,Workstation,Off,US,3,1,7208.863181193422,6811.536477466045,74.36939866763237,3,FIN,25,1,-65.49661924572432,guest,0.07118591576774173,274.3815762787935,Benign
P001626,UDP,Server,Off,US,2,0,6072.548935192834,,132.57284566066977,4,ACK,80,1,-57.70077055930232,user,0.156096571285152,306.6740800043683,Benign
P001627,,Workstation,On,EU,0,1,5612.234380936935,5050.093993713469,133.95134194109383,5,ACK,143,2,-58.050904343258644,admin,0.7863236889262938,290.11876865867396,Benign
P001628,UDP,Server,Off,EU,0,0,2000.2321880513173,4350.399330137838,111.6232486764983,3,FIN,110,1,-58.3333984509775,admin,0.3955728540415898,285.4287130486631,Benign
P001629,TCP,IoT,On,APAC,1,3,6154.198280498051,9001.75473293352,110.82832245922053,7,SYN,143,2,-53.79195694089907,user,0.33725065436501284,290.9387172228552,BruteForce
P001630,TCP,Workstation,On,EU,3,0,6487.977865762328,5613.194956905694,98.87813003996112,6,ACK,80,2,-57.21965226964582,user,0.2739845060767844,313.5087237026506,Benign
P001631,ICMP,Server,On,US,1,0,3327.4618823697238,9569.336849662166,132.13821389894778,8,FIN,21,2,-65.09795834489348,user,0.255059661392461,315.4574349387127,Benign
P001632,UDP,Workstation,Off,APAC,2,3,3426.0305177226564,3143.479755429201,116.54593790684771,2,SYN-ACK,443,0,-58.74366600707599,user,0.5308012875237074,272.03392670920965,Benign
P001633,UDP,Workstation,Off,ME,2,1,6500.633215384513,,99.85779526647127,5,SYN-ACK,110,0,,user,0.3829485120335077,293.7680533836194,Benign
P001634,,IoT,Off,US,2,1,5602.657832451108,4344.971378568692,152.65259686971402,1,SYN,110,2,-74.2629943873447,admin,0.238049800921915,321.1455902552947,Benign
P001635,TCP,Mobile,Off,ME,0,1,4246.147460536224,,141.28610166422385,3,SYN,80,0,-63.916066223303694,user,0.08030111199446183,288.88113332522255,Benign
P001636,ICMP,Mobile,Off,APAC,3,1,5759.719269886446,8196.597564264724,137.3579461298758,3,ACK,110,0,-60.803622924689826,user,0.6378983414956386,314.75604971415135,Benign
P001637,TCP,Server,Off,EU,2,1,5712.003505853367,5185.200011314531,144.62260595120955,5,SYN,21,1,-79.04192731846257,user,0.5235825478254936,303.0575050796484,Benign
P001638,UDP,IoT,Off,APAC,0,1,4917.331411536156,5748.175076077867,135.40482508440078,7,ACK,143,2,-62.83139318163548,user,0.18693398677620363,301.9007629981508,BruteForce
P001639,TCP,Server,Off,ME,1,1,5337.14665901402,7689.2475417260275,75.30487752295542,8,FIN,53,2,-78.99543494829807,user,0.278297181893149,297.82333442727014,Benign
P001640,,Server,Off,ME,3,1,3694.1106352197016,7450.714686590025,42.56479656481457,6,SYN-ACK,443,0,-71.97508845983158,user,0.18278756245618408,240.7432885920501,BruteForce
P001641,ICMP,Workstation,Off,EU,1,4,2836.792511095271,9532.501140003196,157.55054166805354,7,ACK,22,1,-53.44889048206167,user,0.29465974829119745,317.0178753573608,Benign
P001642,tcp,IoT,On,APAC,3,0,5114.354699748279,7175.317723600196,112.60604053723866,6,ACK,21,0,-56.7137943733046,user,0.30372812751782635,280.02706074642174,Benign
P001643,UDP,Workstation,Off,US,3,4,6899.312412984371,6453.419382606845,106.95397212018008,8,SYN-ACK,21,1,-63.44645947751704,user,0.10467546664866337,278.60711292472587,Benign
P001644,ICMP,IoT,Off,US,1,2,4826.834774981528,8412.172123437103,78.47254823611262,12,ACK,25,1,-67.44360807334483,guest,0.3172150616192712,325.9402992907436,BruteForce
P001645,TCP,Mobile,Off,ME,1,0,5913.196769783628,4402.463892178657,106.05947806478834,8,SYN-ACK,443,2,-59.57003098911342,user,0.4076545852274184,296.33264306847224,Benign
P001646,UDP,Server,Off,EU,2,1,6044.376979346538,4553.13627922337,190.64553991218628,4,FIN,80,0,-67.80359353496016,user,0.27830904066036943,340.70500301930326,Benign
P001647,TCP,Mobile,On,US,2,0,6098.727749508579,7224.295980346032,155.56167404135132,4,SYN,80,3,-60.859159814232235,user,0.07427548373693062,318.6163288096747,Benign
P001648,TCP,Server,Off,APAC,4,1,7681.06828650428,9106.743440191938,139.22501458597958,3,FIN,110,1,-39.319726960621566,user,0.13865975159118377,323.61787930889716,Benign
P001649,TCP,Workstation,On,APAC,1,0,4523.672735458834,7343.622785603875,106.84357979054289,4,SYN,143,0,-63.895566748832124,user,0.5871594138676461,263.86562156538076,BruteForce
P001650,TCP,Workstation,Off,APAC,1,0,4486.14010876914,8586.165916775808,130.637602611323,1,FIN,443,0,-58.934165240650174,user,0.3149179472363017,302.2068443478328,Benign
P001651,TCP,Workstation,On,APAC,1,2,4866.147232592084,4516.696676379459,183.3735270646749,5,SYN,22,1,-61.77214268935019,user,0.2506132718063761,285.2625944365165,BruteForce
P001652,tcp,Workstation,Off,ME,3,2,4866.298766739898,9996.746412115464,105.33398491880227,4,SYN-ACK,110,0,,user,0.13475128220871138,277.28703414615603,Benign
P001653,TCP,Server,Off,US,4,1,5703.38680627778,4351.1624388537775,148.8316216302451,5,FIN,22,1,-66.94363922596753,user,0.4297395752241924,332.18552396957256,Benign
P001654,TCP,Workstation,Off,APAC,3,2,1020.9413815630633,5360.986224321403,171.9566678311157,4,SYN,143,0,-71.95020967069523,user,0.08319124885156885,291.55813949413954,Benign
P001655,tcp,Server,Off,US,1,0,3398.826549359419,4202.310131917692,94.50706620420304,5,SYN,143,0,-60.10531556501491,user,0.6615996139688438,265.2808303277727,Benign
P001656,tcp,Workstation,Off,EU,1,2,5286.383678793354,4804.480014959467,126.19463391470828,2,SYN-ACK,53,1,-57.27482945401985,admin,0.45321203723589654,280.6429400153381,Benign
P001657,UDP,Mobile,Off,ME,1,4,7087.529209559338,3246.3177672539273,90.24713620784092,4,SYN-ACK,110,0,-79.17195541021451,user,0.14486739805781382,306.2467612432088,Benign
P001658,tcp,Workstation,Off,US,1,1,5308.081530812066,5828.764839457208,123.52935125267314,3,FIN,53,1,-69.98353811134177,user,0.20447511307842037,301.5941129368645,BruteForce
P001659,UDP,IoT,On,APAC,5,1,4765.497542086835,,115.97964880193074,3,ACK,143,2,-55.171262050941365,user,0.46587400647608673,269.4501609172994,BruteForce
P001660,TCP,IoT,Off,US,2,2,5720.056900056154,1823.4317593059377,110.54673773746067,5,SYN,53,2,-51.71226368263147,guest,0.26308559838133916,282.61325198998065,Benign
P001661,TCP,Workstation,Off,US,0,1,2080.3544767142926,,97.49537739303898,7,FIN,21,0,-66.71567755524569,user,0.28590902534708623,275.62632563063363,Benign
P001662,TCP,Server,Off,ME,0,0,3117.3380215863363,5299.931250829222,109.81181958427928,1,SYN,3389,1,-66.83054605521845,user,0.4933334407449103,264.2381669913103,Benign
P001663,TCP,IoT,Off,APAC,2,0,7457.794235792277,6165.878861850301,132.09424959353356,2,SYN,443,3,-65.98304473853072,user,0.14148352730819314,300.6403145633698,Benign
P001664,TCP,Server,Off,ME,2,1,4876.857724061299,4821.320431432292,112.12712516271873,4,FIN,143,1,-59.37877057366604,user,0.1954231019166712,301.05207420562806,Benign
P001665,TCP,Server,Off,ME,4,0,6014.266394420449,4486.809815535162,157.73769859089472,5,SYN-ACK,25,1,-70.89039053025827,user,0.09161468596364768,312.8661509080375,BruteForce
P001666,tcp,Server,On,ME,2,1,6639.647250697544,4807.628188773999,118.95167405903938,4,ACK,143,2,-61.28791535098468,user,0.4887852269386889,319.2563552952184,BruteForce
P001667,,Workstation,Off,US,1,3,5798.329896854478,7785.891861568295,109.39490706881988,4,ACK,53,1,-64.83420765098414,user,0.3989446175746059,255.75181045785726,BruteForce
P001668,TCP,Workstation,Off,EU,4,1,5671.437541177408,9213.258144432228,97.10627739053258,5,ACK,21,0,-62.4652877565038,user,0.2872996474719012,268.81637147340876,Benign
P001669,ICMP,Workstation,Off,ME,4,1,2141.149946942997,,90.63003379153666,6,SYN,110,0,-54.33472500864447,user,0.09571886873451886,254.00539694153045,Benign
P001670,TCP,Workstation,Off,US,2,3,3207.370138833985,,166.33529363209917,4,FIN,143,0,-51.718747270473585,admin,0.19073031568568127,287.4592602234555,Benign
P001671,TCP,Workstation,On,EU,0,1,6623.721927516168,8170.409292667271,135.34155401562916,5,FIN,3389,0,-56.79156415863392,guest,0.22283472638228732,317.68889967411457,BruteForce
P001672,ICMP,Server,Off,EU,3,1,4896.616655016602,8176.947883179335,94.82275617085932,6,SYN,80,1,-61.90023220822457,user,0.24767447552202793,280.80850301643363,Benign
P001673,TCP,Server,Off,US,2,3,3098.489410537648,7796.911687262843,146.70067520612196,6,ACK,25,1,-56.04761598667541,guest,0.07493883087415887,288.6460507948119,BruteForce
P001674,TCP,Mobile,Off,US,3,0,6900.604967500801,3445.5146223059023,144.20130380180515,3,SYN,443,1,-58.51619844809421,user,0.4748760065523055,320.375383264091,BruteForce
P001675,TCP,Server,Off,APAC,0,0,4001.831178903576,5894.255219612465,112.99469472571602,5,ACK,53,3,-58.12735469246439,user,0.28305234837037735,257.9732482061318,Benign
P001676,UDP,Workstation,Off,US,3,2,1765.7544495622633,6130.272288188102,102.3261772933298,9,SYN,21,0,-56.582317692219696,user,0.5718598633906723,261.62598793448683,BruteForce
P001677,tcp,IoT,Off,US,3,0,2336.093817607177,6169.471066683723,114.22947906107063,9,SYN-ACK,22,1,-47.800139059917754,user,0.49435585777924324,283.90222086751197,Benign
P001678,UDP,Server,On,ME,2,0,4297.605726568636,6934.921520630511,142.0178322179995,3,FIN,80,0,-72.03578098874195,guest,0.04642084323249487,279.14273009807374,BruteForce
P001679,tcp,IoT,Off,APAC,1,2,3593.7334809372187,2913.011554397845,194.72914616162137,5,SYN,3389,3,-60.27858606549867,guest,0.02111301101085039,329.9960487508348,Benign
P001680,UDP,IoT,Off,US,3,1,4833.9289445583045,5065.392665621392,126.55154829908668,4,SYN-ACK,143,1,-61.383348652250234,user,0.4372167098949983,271.21497308985477,Benign
P001681,TCP,Workstation,Off,US,2,0,8341.39462490258,7278.563110291328,76.71290722187317,4,SYN,53,0,-72.59562759014537,guest,0.3229529168169139,268.5760825043157,Benign
P001682,tcp,Server,Off,ME,4,0,6752.042680612974,7249.777940954374,114.21673097249648,3,SYN,22,0,-63.91422501262548,user,0.2726594805848533,283.894868551507,Benign
P001683,UDP,Mobile,On,US,1,0,5385.4531630863485,5478.907472528221,88.47424208966588,2,SYN-ACK,25,1,-63.32941152789816,user,0.21470892629747565,276.3941079090567,Benign
P001684,UDP,Server,Off,US,1,2,3099.8311552446216,8111.327046910855,98.62997078144353,6,ACK,80,1,-59.1452037260945,user,0.3055423605441989,270.22372232369526,BruteForce
P001685,TCP,Server,On,US,2,1,5840.695437463353,,128.5950859505302,5,SYN-ACK,21,3,-46.65209891292086,user,0.2968266590351312,325.0570029289364,Benign
P001686,ICMP,Server,Off,ME,1,2,6427.746606755122,7703.208707643775,144.11584787822594,3,SYN-ACK,80,1,-52.239208702126454,guest,0.39634172701214476,331.26242231790127,BruteForce
P001687,TCP,IoT,Off,ME,1,3,2601.738127151764,,49.690884002762346,6,SYN-ACK,80,2,-66.00727152129637,user,0.30830852763276806,249.85903469800462,Benign
P001688,UDP,Workstation,Off,EU,4,0,6087.388769580291,4424.2228986492555,83.96632548209196,5,SYN-ACK,143,1,-66.28034623805773,user,0.07711900399144817,283.87755686658136,Benign
P001689,UDP,IoT,Off,APAC,2,0,7126.348957848302,5953.174503159449,92.51647238650936,1,FIN,443,4,-59.86856860942707,admin,0.41335463328570893,279.2826866674793,BruteForce
P001690,tcp,IoT,Off,EU,1,2,4649.776887250735,4767.286833825411,109.93723986486692,5,SYN,3389,1,-67.56063269668121,user,0.11182541303125232,265.31661367448595,BruteForce
P001691,tcp,Server,Off,APAC,0,2,5145.459656206364,3584.5442010502506,156.06511911942206,5,SYN,80,2,-64.11096925686377,user,0.4234325677051024,336.4088659969207,BruteForce
P001692,UDP,Server,Off,US,5,2,3833.846629460649,4563.557035004033,69.77071058620834,7,SYN-ACK,22,2,-62.17463378885768,user,0.17978585825876367,260.9486775614213,Benign
P001693,udp,IoT,Off,US,2,1,3297.2256490357863,4592.874772607155,116.72749449465951,4,ACK,3389,2,-69.47937808384233,admin,0.5554511978390718,275.82860097721306,BruteForce
P001694,UDP,IoT,Off,APAC,1,2,5487.529990773835,4320.066604948189,143.52824209292038,6,SYN,110,1,-53.05679150527911,user,0.037052797128396694,321.0881370232291,BruteForce
P001695,TCP,Server,Off,EU,2,2,4195.179203224354,5653.439114273379,116.76318759482999,5,SYN,22,1,-63.01716567317219,user,0.47754103988250307,284.8112073597801,Benign
P001696,ICMP,Server,On,US,1,0,6771.445071702938,7731.506239169886,136.43899939538366,5,FIN,3389,1,-58.70139469071499,admin,0.4078547508759884,302.6782084518714,Benign
P001697,UDP,Workstation,On,ME,5,0,4686.622590952862,7852.464496341701,86.87759451110742,3,SYN-ACK,80,3,-50.52701147252925,admin,0.48631223696954035,261.6025562988785,BruteForce
P001698,UDP,Mobile,Off,ME,1,1,4608.697334333451,4529.959772100638,134.50366569587345,7,SYN-ACK,3389,2,-53.821277590941406,user,0.06013406338906694,300.16141669997387,Benign
P001699,UDP,IoT,Off,ME,0,3,5115.472572148829,9553.634669175044,131.5195714360298,7,ACK,443,4,-48.21562781213719,admin,0.6270225830089161,300.2447739856061,Benign
P001700,ICMP,IoT,Off,ME,4,0,5500.978822418214,7579.05074073961,159.02438459732412,7,SYN,25,2,-53.55344829842797,user,0.19972617665279954,313.9802944047296,BruteForce
P001701,TCP,Workstation,Off,EU,1,3,4465.730130741844,7574.147335103866,139.86433354620686,7,ACK,110,0,-60.5424270280414,user,0.2786472619832994,294.7846071913694,BruteForce
P001702,UDP,IoT,Off,ME,3,0,3581.1315131904375,,108.42643427399832,9,SYN-ACK,110,0,-70.38758423745816,user,0.20332982414906525,294.2370627561074,Benign
P001703,TCP,IoT,Off,US,1,1,4303.8384076051925,6045.4981933601475,91.79278572460983,4,FIN,3389,2,-56.42135914680955,guest,0.09184565040530092,259.35807622557763,BruteForce
P001704,TCP,Workstation,Off,EU,0,2,4063.1615814432457,7870.291909085563,155.20770277511636,5,ACK,80,1,-53.92011116427595,user,0.7191880619371781,286.59868846418397,Benign
P001705,ICMP,Server,On,ME,2,1,2540.256914534024,8123.3503054195535,88.99941777984014,6,FIN,443,0,-69.11503686634634,user,0.15847407565140725,249.95170533325782,Benign
P001706,UDP,Server,Off,EU,2,0,4495.902803489134,6439.452140197114,132.1487369084225,5,ACK,110,0,,admin,0.014909671562179351,300.05572854204337,Benign
P001707,tcp,Workstation,On,ME,3,2,5928.082361333634,,91.38203251676629,7,SYN,143,1,-66.24695204401043,admin,0.005955506302926915,250.87055034486247,BruteForce
P001708,TCP,IoT,Off,APAC,2,0,2800.259424448637,4454.487738059033,149.32306398341737,5,SYN,25,0,-43.57226637355122,user,0.39213308398494984,284.0963892122001,Benign
P001709,tcp,Server,Off,APAC,5,2,5855.29290564625,6940.803457907628,114.9653371018807,3,SYN,143,0,-76.65458081314358,user,0.33454181303725233,290.1140840850569,Benign
P001710,,Mobile,Off,APAC,2,1,5391.006845758151,3894.858368077601,134.35069492925783,6,SYN,3389,0,-80.32035704228322,user,0.27306822455079166,336.4397001392263,Benign
P001711,TCP,Server,Off,EU,3,3,6896.517988022102,6945.134182695398,165.0116240481111,7,SYN,21,0,-73.27352837296502,user,0.06082462986714447,338.0358776897353,Benign
P001712,,Server,Off,EU,2,0,4998.082925539307,5587.844057046742,163.0368289517357,2,FIN,21,1,-53.56457034294685,user,0.2645337807649721,284.7565803075091,Benign
P001713,TCP,Mobile,Off,ME,2,0,2106.0873202733733,5306.031948812511,97.91942500387327,6,FIN,443,0,-62.812468933472275,user,0.4875930400764626,273.188860408946,BruteForce
P001714,UDP,Server,On,APAC,3,0,5552.8351211436675,8961.98938127311,117.03844230648829,4,FIN,22,1,-39.42141302408681,user,0.40891314308193993,317.74828709436485,Benign
P001715,TCP,IoT,Off,EU,1,2,3927.5533181585806,6779.280326244236,137.59091167562445,4,SYN-ACK,3389,1,-75.48971001901434,guest,0.2735388127901384,288.08985367543954,Benign
P001716,udp,Workstation,Off,EU,2,0,6648.294196057213,9119.433763815809,103.1794677218017,7,FIN,443,1,,guest,0.02605095942996678,310.4500731386298,Benign
P001717,TCP,IoT,Off,US,2,1,5941.148835696582,6976.60612830178,130.11516098159998,5,SYN-ACK,143,0,-61.06077519710129,admin,0.4155359853526502,285.806576845622,BruteForce
P001718,TCP,Mobile,Off,EU,2,1,6295.3637636193835,9672.781256093673,102.45662277872617,6,ACK,21,0,-45.3948341708236,user,0.5599678909115169,314.8659814255405,BruteForce
P001719,TCP,Server,Off,ME,2,1,3394.5472153813216,2309.77338284596,542.4321986050438,5,ACK,53,0,-58.18879681150672,user,0.33854891554923944,271.81230137411234,Benign
P001720,UDP,Mobile,Off,ME,1,0,6237.666582414643,6177.696277075704,128.40332184107777,6,ACK,21,1,-60.47903947158038,user,0.530596192592338,323.6239467395635,Benign
P001721,tcp,IoT,Off,APAC,0,1,6047.231626550722,3816.4370966819915,117.19406402797784,3,FIN,110,2,-76.23918656453355,user,0.10491452992373947,304.63364289712075,Benign
P001722,tcp,Server,Off,ME,4,1,2976.8827984980103,5033.1909214860125,88.11097193166187,5,FIN,3389,0,-54.823452419123,user,0.22438076550337435,236.65600492080497,Benign
P001723,TCP,Server,Off,EU,2,0,4164.520857091602,4681.3107592991655,124.64793910264721,4,SYN,25,1,-86.54982738966493,admin,0.11742921943964453,302.4311171748971,Benign
P001724,TCP,Workstation,On,APAC,2,0,6538.250329869863,3078.1336300279,138.44164495946865,5,SYN,22,1,-75.7170824360385,user,0.3445192474903957,308.59307663865366,Benign
P001725,TCP,Server,Off,US,1,1,3928.8157004730756,3952.686909967633,114.8479628089806,4,ACK,110,0,-57.13602454925308,user,0.31863622702549177,277.2008805959698,Benign
P001726,TCP,Mobile,Off,EU,4,2,4648.466428252929,,65.71121413621647,6,ACK,3389,1,-50.73713326751005,admin,0.0854770382679586,283.64695690944524,BruteForce
P001727,UDP,Mobile,Off,EU,1,1,5929.839874723758,7474.952042762343,136.7329783258361,7,ACK,80,2,-63.73484595943353,user,0.35259266168551817,317.89658408266047,Benign
P001728,udp,IoT,On,US,2,2,3310.133778852819,8146.365760479528,100.17514787021545,4,ACK,21,4,-59.30741455190516,guest,0.1261938426888831,274.47640598798466,Benign
P001729,UDP,Mobile,Off,US,3,0,5739.771044334192,3666.435804284199,126.1972357431445,7,FIN,22,2,-56.39194928917556,user,0.3669631711992505,292.23547601876555,Benign
P001730,UDP,Workstation,Off,US,0,2,7058.545814164457,7031.515696535064,132.2726887701301,3,ACK,3389,0,-60.29479429607766,user,0.6070689816271608,307.7531222605712,Benign
P001731,UDP,Mobile,On,EU,2,0,5638.208849856974,4128.2858380928055,118.14744235854381,5,ACK,110,1,-52.71800595796253,guest,0.28166432479001924,282.6916912032209,Benign
P001732,TCP,Workstation,On,EU,2,3,1481.1282577631978,,141.43730466744853,3,SYN,25,0,-62.98669281617154,user,0.48597322984677965,270.74613173990383,Benign
P001733,,IoT,Off,ME,1,1,3461.0971167278985,6343.99622679244,68.45667062203816,8,SYN-ACK,80,0,-61.88667943871254,admin,0.3283135994812363,267.8255475419366,BruteForce
P001734,,Workstation,Off,APAC,6,1,4383.78951218853,4374.10636328727,73.24988874749005,7,ACK,143,0,-69.90480982478348,user,0.1465198248279518,262.7828329250028,Benign
P001735,TCP,Workstation,On,EU,6,0,6366.651452769247,6487.613674001317,121.0577313436475,4,SYN-ACK,143,2,-48.38673346540823,guest,0.5045824389233232,295.97268643624346,Benign
P001736,TCP,Workstation,On,ME,2,2,4370.404108018083,8651.631938327591,145.27401929716885,5,SYN-ACK,110,1,-52.99586789701101,guest,0.3381526491578016,303.0240984142242,Benign
P001737,tcp,IoT,Off,US,1,0,3580.8299158296177,8684.633062290659,82.56792602171475,6,SYN-ACK,25,2,-63.70009035345357,user,0.24443834110404167,243.83811384439656,BruteForce
P001738,UDP,Server,Off,US,2,0,3058.1822695589144,6223.185268643454,101.63278549395676,2,SYN-ACK,110,1,-51.74399885338353,user,0.14215855809996752,253.93444684988773,Benign
P001739,ICMP,Workstation,On,ME,3,3,8855.919309750761,8048.384805774356,109.61525989938947,3,SYN,110,0,,user,0.7460888772065223,295.1677976552937,Benign
P001740,ICMP,Workstation,On,APAC,1,1,3712.6223658297868,5959.588907834206,143.37027260134363,5,SYN-ACK,22,2,-55.81742460548301,user,0.42310768396681325,287.78796098150946,Benign
P001741,,Mobile,Off,EU,2,1,7718.858643689446,7674.498732901052,103.00811324206497,8,FIN,25,4,-54.094184913865675,user,0.11597794813119028,286.6028726121195,Benign
P001742,UDP,Workstation,Off,EU,2,0,6447.4387030944945,7632.479202396557,125.09508069084154,4,SYN,25,0,-59.71339681490982,admin,0.2460966815525727,266.2938221827195,Benign
P001743,ICMP,Workstation,Off,EU,6,1,3184.1331041218236,2920.106902499986,71.4933547891976,7,FIN,3389,3,-54.71888443299454,user,0.10285854535977688,265.977276673681,Benign
P001744,UDP,Mobile,On,ME,1,0,4569.340354642849,7651.650770953458,92.52369307836744,7,ACK,80,2,-50.984122777702474,user,0.22760660618851922,245.51666354337078,Benign
P001745,,Server,On,EU,1,1,5439.046867879405,5770.958698775827,123.02328716019689,6,FIN,53,0,-42.84437528302722,user,0.37246913206942456,290.249911398181,BruteForce
P001746,TCP,IoT,Off,EU,4,1,5415.065824831966,7338.085253474316,128.0116504380248,8,SYN,3389,1,-63.18918431294952,user,0.2102553061899306,317.92764858628465,Benign
P001747,ICMP,IoT,Off,APAC,3,0,3249.4070918826346,4409.485266362093,104.85083866332907,5,SYN-ACK,80,3,-68.7936036472666,user,0.34525848541234727,268.2207499475114,Benign
P001748,TCP,IoT,Off,EU,1,0,6410.867387343095,4024.418292068033,134.74174890859942,5,ACK,143,3,-56.99740424999801,user,0.2061520996713646,320.6481603677256,BruteForce
P001749,TCP,Mobile,Off,ME,1,0,5948.185468771569,4474.493938927907,133.28056719366265,9,SYN,110,0,-47.10291724739665,user,0.4444523524200551,297.6113089650455,Benign
P001750,TCP,Server,On,ME,2,1,5112.083071832334,4243.668111758799,140.9610557457156,5,SYN,21,2,-64.06416022710482,user,0.18268033356861954,318.2187394704563,BruteForce
P001751,TCP,IoT,On,ME,1,2,4873.578218279277,,128.7774808235326,4,SYN-ACK,53,2,-44.34576018065178,guest,0.08684762279951203,291.74092543570924,Benign
P001752,udp,Mobile,On,US,1,0,4564.084531205346,7337.347090215212,76.28807190725126,5,ACK,443,1,-55.979089092611915,user,0.5485807513984863,262.17757324892267,Benign
P001753,UDP,Server,On,ME,5,2,4973.143500385952,4723.908051612692,73.42714066410625,3,SYN-ACK,21,2,-60.263343510224644,user,0.12463725866338564,251.2880840705298,Benign
P001754,ICMP,IoT,Off,ME,2,1,4205.876849140854,5415.857997450268,99.51670573826756,7,SYN-ACK,3389,0,-62.17315468230688,admin,0.47002534162775617,285.4316747842448,BruteForce
P001755,ICMP,Workstation,On,EU,3,3,7161.602789911678,3035.8185389583628,144.04163070829242,8,ACK,80,1,-73.6812553181568,user,0.4040970745340147,336.8832299151524,Benign
P001756,TCP,Server,Off,ME,1,0,3328.1792832898273,8090.620197928325,89.23754401038987,6,SYN,3389,0,-62.41096202798232,guest,0.6540910262833064,283.4671106555251,Benign
P001757,UDP,Workstation,Off,US,1,0,3938.0350355988026,9516.758994584947,83.76732019514014,5,SYN-ACK,143,1,-54.205145532281406,admin,0.016319867970668697,267.55310219359563,Benign
P001758,TCP,IoT,Off,APAC,2,2,3475.6712432269032,10299.922576998446,135.23913301800658,5,SYN-ACK,143,3,-47.85655880323843,user,0.21015880850432397,297.1318171974123,Benign
P001759,TCP,Mobile,Off,EU,3,1,6193.924956393722,,136.31154280607018,3,SYN,53,1,-72.03446223627887,guest,0.5272648760686897,320.64835240278023,Benign
P001760,TCP,Server,Off,US,0,1,6050.104824095076,4643.102417171658,67.11163633069931,2,ACK,53,0,-54.337561948509816,admin,0.22108293631016968,256.52319038237783,BruteForce
P001761,UDP,Workstation,Off,US,2,0,6341.188051072594,3309.8880828581455,164.59805550561987,6,SYN-ACK,143,1,-64.42383288112434,user,0.17355016639861026,306.22846357154356,Benign
P001762,TCP,Workstation,Off,ME,0,1,3991.7004438139174,3843.3888759544297,141.81476969462565,2,SYN,443,4,-69.20053563963414,user,0.2997144596658471,278.45658666162376,Benign
P001763,TCP,Workstation,Off,APAC,3,1,6053.523312336609,2039.1968011152894,114.77434166643705,8,SYN,22,0,-34.72464754553247,user,0.2384991280981815,336.02164159551165,BruteForce
P001764,TCP,Mobile,On,EU,4,0,5213.40196749484,6001.927519155521,80.33641694028864,5,ACK,22,1,-69.87478744042257,guest,0.23900049144476082,262.69256440959776,BruteForce
P001765,TCP,Workstation,Off,US,3,1,3505.438519322864,9440.625499644773,82.77526753707018,5,SYN-ACK,110,1,-66.19389519065898,guest,0.5783657493216509,255.52108727408873,Benign
P001766,UDP,IoT,Off,US,0,0,1702.4866771372572,4910.941691370068,148.00520009421166,7,ACK,143,0,-71.1352600715955,user,0.13670045230039238,266.84648978207076,BruteForce
P001767,ICMP,Workstation,Off,ME,2,2,3503.400683925114,3698.1426679740407,96.97952022576015,5,ACK,80,3,-72.64680805692306,user,0.31709351345404063,266.02137744887165,Benign
P001768,UDP,Mobile,On,EU,2,0,3082.792101791827,3095.4518280890156,122.89640079111717,3,SYN,3389,1,-78.67962838811323,user,0.20388079134446402,270.59791861503646,Benign
P001769,UDP,Workstation,Off,EU,2,2,6696.907834391945,7272.768063472971,134.20644607648748,6,SYN,53,1,-56.70881955424131,user,0.360411291469507,301.4322000524906,Benign
P001770,TCP,Mobile,On,APAC,5,2,4105.144565067867,5019.020665909543,84.17137955001016,7,FIN,53,0,-61.994544943461946,admin,0.167007703601621,293.1408068876822,Benign
P001771,TCP,Server,On,EU,1,1,3836.510186251808,6853.502522993682,159.98266979090317,3,SYN-ACK,21,1,,user,0.29955054691672284,292.85940532624664,Benign
P001772,UDP,Mobile,On,ME,3,3,7056.653084179243,7935.778675645537,86.06652686904675,5,ACK,443,0,-67.2930263792484,guest,0.4155975231060912,298.7603413261321,Benign
P001773,TCP,Workstation,Off,EU,5,1,5617.9173367356025,2072.5980227427617,110.3452173001263,6,SYN,3389,0,-53.320633093351525,user,0.2564557196244441,299.9228062141294,Benign
P001774,,Mobile,Off,EU,3,1,4486.044468158183,5382.292111780083,89.90650323304718,5,SYN,3389,0,-60.29431470101721,user,0.09619358716196638,281.1280099816639,Benign
P001775,TCP,Workstation,Off,EU,3,1,4315.536582687954,5769.95420627616,82.60745486584031,5,FIN,25,0,-61.779244327175405,admin,0.6291438999074253,288.75498717607024,Benign
P001776,tcp,Server,Off,US,2,0,7097.801008991157,5400.503617273538,96.28690211997915,7,FIN,21,1,-66.83786022310329,user,0.20154973533969994,312.18871822763884,Benign
P001777,udp,IoT,Off,EU,2,0,2722.070741800085,,93.19703952702918,5,SYN,80,2,-54.50262656514261,admin,0.330816247832,267.55869221059334,BruteForce
P001778,UDP,IoT,Off,EU,1,0,4586.1077579350995,6517.46148938865,115.7333965067015,2,ACK,80,1,-58.85526619669565,user,0.4564465434748693,301.8952365781788,BruteForce
P001779,ICMP,Mobile,Off,US,3,0,4522.266387369725,7267.528913804001,109.96342579359462,5,FIN,22,1,-60.78224117233534,user,0.3192873929146058,305.36969198429375,Benign
P001780,udp,Server,On,EU,2,1,6360.506561017386,4524.104111631794,140.72612226387884,3,FIN,22,2,-55.153695497945215,user,0.09049072443813275,319.4253178719912,Benign
P001781,ICMP,Workstation,Off,US,0,0,3703.5379311487736,1703.2567504944045,116.6266116372948,3,FIN,22,1,-53.582205815690365,user,0.3420581831295519,284.88388853056927,BruteForce
P001782,TCP,IoT,Off,ME,1,2,3262.225908248957,,94.03079291648115,7,ACK,25,1,-40.503736016227535,user,0.23900017246768337,239.7304792103673,Benign
P001783,TCP,Mobile,On,ME,1,0,6544.737690914236,,112.85273223824626,7,ACK,25,2,-48.11340802915527,admin,0.2322393145885959,312.839720561014,Benign
P001784,udp,Workstation,Off,EU,0,1,5430.325978665439,2733.2295473304202,118.790697072578,4,SYN-ACK,53,0,-64.56627480637044,user,0.3788185168969594,286.29083593508625,BruteForce
P001785,TCP,Server,Off,US,3,3,4477.71532846622,4866.163969254534,118.36135423118131,10,SYN-ACK,143,0,-44.20229009132642,user,0.39200348390010203,299.5408770166719,BruteForce
P001786,ICMP,Mobile,On,US,1,1,5694.396953069595,7693.982445310223,154.78818756030725,4,FIN,3389,1,-56.44643032000494,user,0.1755374198253723,305.8185735366454,Benign
P001787,TCP,Workstation,Off,EU,1,0,4301.044037079599,2644.477072712478,97.77416747193175,3,FIN,443,0,-83.59012817042642,user,0.14421985244882007,294.77659314766476,BruteForce
P001788,TCP,Workstation,Off,EU,2,1,7107.013744827667,9563.673948790401,109.73259025378681,9,SYN-ACK,110,1,-56.1102074759313,user,0.5595467771457301,291.7567152718437,BruteForce
P001789,udp,Workstation,On,ME,0,0,6121.736746357955,4525.792685332746,98.32042821870114,6,SYN,53,0,-67.1121361240423,guest,0.5096470417693938,286.4781120999624,Benign
P001790,UDP,Server,Off,ME,2,2,2748.221916248813,3675.3233888173145,81.93693231164333,6,FIN,53,2,-45.467835460362316,user,0.25671239328743817,260.2148036671945,BruteForce
P001791,UDP,Mobile,Off,APAC,3,0,3774.963215397891,4928.84577054554,153.31032411582513,6,SYN-ACK,443,3,-47.95581686395671,user,0.39352674122221226,298.0976674270172,Benign
P001792,UDP,Server,Off,APAC,1,1,4462.47323607027,2905.2143166585874,167.56230226994805,8,FIN,53,1,-42.24697118042082,user,0.21629157300478455,328.58026818511456,Benign
P001793,ICMP,Workstation,On,APAC,2,0,5746.1148834849455,3411.6235695678097,68.93633362713774,6,SYN-ACK,3389,2,-77.07703861185738,admin,0.2208807757793725,281.344732589399,BruteForce
P001794,udp,Mobile,Off,EU,2,2,4702.101245623489,3651.6788366588085,106.9210349881937,7,SYN-ACK,3389,0,-56.27250376040056,admin,0.18841797231006144,301.3417275851207,Benign
P001795,TCP,Workstation,Off,ME,6,1,4502.620710076687,4066.2930299686213,149.88414549410624,6,FIN,443,1,-55.601929479594816,admin,0.09482802068214982,311.75836949562427,Benign
P001796,TCP,Server,Off,ME,1,0,3422.701665292707,5494.64238707737,85.7775800330447,4,ACK,110,0,-47.337295869654575,user,0.4046473457189647,287.51569431566134,Benign
P001797,tcp,Mobile,Off,APAC,1,0,6734.126987944943,4597.484949214456,97.86098013429377,9,SYN-ACK,143,0,-72.1688441413736,user,0.12225174431795693,312.30898580589366,Benign
P001798,TCP,Workstation,On,EU,4,0,6765.051378178763,3762.8011596687243,146.5572748966941,3,SYN,25,2,-77.74348950715164,user,0.33618606747177,316.50566560361733,Benign
P001799,ICMP,Server,Off,APAC,0,1,4120.882462360907,3235.9676376558946,84.059685091072,3,FIN,80,5,-66.83273336878808,user,0.09259588940068829,255.35430824425424,Benign
P001800,TCP,IoT,On,EU,0,2,8266.473467439877,5505.434091775774,122.39415053399549,7,FIN,80,1,-67.77973242713169,admin,0.03276403004153775,290.4851546751132,Benign
P001801,TCP,Server,Off,US,2,2,6355.21189256013,5153.044223684585,106.93069581806404,5,SYN-ACK,25,0,-64.38862546924898,user,0.12092089377994486,311.6782097940099,Benign
P001802,TCP,Server,Off,ME,1,0,7261.257482188657,7013.837633457533,180.4172392335934,8,ACK,3389,3,-48.1325946668237,user,0.2340415375455686,344.14085644648037,BruteForce
P001803,UDP,Mobile,Off,EU,2,0,3505.1183004731356,9189.123516516016,123.5930184534173,2,ACK,22,1,-46.67892142380197,admin,0.33118588602852034,300.7814049341902,Benign
P001804,tcp,Mobile,Off,ME,3,1,5812.994890660324,6634.162552596619,140.58723542699846,7,FIN,143,1,-47.029613957704626,user,0.20812292863777532,311.46401033263487,Benign
P001805,TCP,IoT,On,APAC,4,0,3912.7349467657923,6937.099495406881,87.74058047495136,8,SYN,3389,0,-59.06091431871357,guest,0.2253161916275546,299.42953210063547,Benign
P001806,UDP,Server,Off,ME,1,0,6015.053598875988,10046.935594870469,83.44618441854274,2,SYN-ACK,3389,1,-56.505268858720214,guest,0.1912394774513754,265.85256422824756,Benign
P001807,UDP,Server,Off,EU,1,0,4251.131210755096,3816.739016860565,115.16388041624097,5,SYN-ACK,21,0,-75.0795046997599,user,0.10819007116426163,270.6820061925136,BruteForce
P001808,TCP,IoT,Off,ME,1,2,6765.660929168699,5815.808149773807,126.7665377384261,5,ACK,25,0,-67.50746826331094,guest,0.45443738857223664,329.09129464797684,Benign
P001809,tcp,Mobile,On,ME,2,2,4134.472045506151,8807.208374123371,71.7361544524199,6,FIN,21,0,-42.926429720186974,user,0.21733666122658146,251.83029343544922,Benign
P001810,UDP,Server,Off,EU,1,0,7209.382408603349,4399.922893687087,139.08498334989116,6,SYN,110,0,,user,0.12679100238229854,335.56358998755144,Benign
P001811,TCP,Workstation,Off,ME,3,0,6182.278397547195,7809.0638961446675,130.4696411376973,2,SYN-ACK,443,0,-47.74189584206137,user,0.27610664994747336,277.8117006506482,Benign
P001812,tcp,Server,Off,EU,2,2,4238.677222446046,4173.886035839434,124.58185226671395,4,FIN,110,2,-62.91038159085607,admin,0.4290832343025388,266.6165728603661,Benign
P001813,tcp,IoT,Off,US,4,2,4240.985350810495,8427.496364496339,87.23578313316,3,SYN-ACK,25,0,-52.31429805725606,user,0.09785083990515935,259.81333238128275,Benign
P001814,udp,Server,Off,US,0,2,6758.92064029947,8481.371055488016,77.39149157296575,3,SYN,21,0,-47.50853013411691,user,0.5697211601336328,283.9455578322794,BruteForce
P001815,TCP,Server,Off,APAC,4,1,4059.524417113291,8293.287921919686,130.5807535555546,8,SYN-ACK,21,1,-38.003285261903,user,0.4467764239967282,294.6908060355834,Benign
P001816,UDP,Workstation,Off,ME,2,1,6417.903861935457,3897.9344717377603,87.48553621479877,4,FIN,443,1,,user,0.3215530288993532,313.0047088798051,Benign
P001817,tcp,Workstation,Off,ME,4,1,6864.443866633437,8103.384854117185,147.57353851251645,4,SYN-ACK,21,1,-67.99708864645861,user,0.4534516974919984,323.25662301218694,BruteForce
P001818,TCP,IoT,Off,EU,4,1,7726.067084810984,6925.7586858186105,126.33093689217978,4,FIN,25,2,-60.48209154006036,admin,0.4336645684146692,304.9640172293717,Benign
P001819,UDP,Mobile,Off,EU,1,2,4981.9114048459305,4906.407489871462,64.11660458961805,2,SYN-ACK,22,0,-45.32336193573229,guest,0.25921664923055654,250.44049383717163,BruteForce
P001820,UDP,Server,On,US,1,0,5741.49618378998,10109.857759584796,134.906589943248,5,SYN,25,2,-66.63221894825676,user,0.5556579528229387,333.3762179740403,Benign
P001821,UDP,IoT,Off,US,3,2,4783.072338682179,3269.3501090693594,706.6330494085948,7,SYN-ACK,80,1,-62.0033622814159,guest,0.11056520895417903,279.3562151530444,BruteForce
P001822,UDP,Mobile,On,APAC,3,1,3399.6315256134185,4689.832773977172,127.01639500028853,6,SYN,80,0,-83.40489278304356,user,0.27923830292185453,309.96819132870127,BruteForce
P001823,TCP,Server,Off,EU,2,0,4517.753487372691,7683.535493013135,109.46883817074888,4,FIN,110,1,-54.79960525502581,guest,0.2805695573828321,307.31032206160984,BruteForce
P001824,TCP,Mobile,Off,ME,3,1,4238.755940212428,7531.698283163699,186.25952920594477,9,FIN,143,3,-73.95926202141106,admin,0.16140744235711055,337.58458978929383,BruteForce
P001825,UDP,Server,On,APAC,1,1,7044.229877320122,6088.98541002065,130.90067470034637,6,SYN-ACK,80,0,-50.61224297522962,user,0.33353736832801656,330.1700878145388,BruteForce
P001826,udp,Mobile,On,US,1,1,2466.6792821754057,7750.006892713314,140.18170929229643,6,SYN-ACK,143,0,-45.09226783104762,user,0.1403803889715779,295.1098641872497,Benign
P001827,UDP,Workstation,Off,APAC,1,2,5503.254140644824,5878.856743762551,167.04116770934843,7,SYN,3389,1,-62.14343629117357,user,0.13856655225544753,317.8287649282245,Benign
P001828,UDP,Server,Off,ME,1,0,5405.897570673732,4851.519569595532,121.93867449068992,3,SYN-ACK,143,0,-68.85210721377342,user,0.23626276039561747,287.652037523723,Benign
P001829,TCP,Workstation,Off,US,1,0,4972.879141229313,5559.90742550526,109.08870860510022,8,ACK,25,2,-32.60687242570718,user,0.4078752594081544,297.40976022702955,Benign
P001830,tcp,Mobile,Off,EU,2,1,3451.8025249038237,7072.598932714066,113.4067293045198,8,SYN,53,0,-41.164068383678526,user,0.31689852305869964,258.0442565998766,Benign
P001831,TCP,IoT,Off,US,5,0,8822.150272949748,6613.932972325354,158.6319203799983,8,SYN,80,0,-49.03907138499038,user,0.28662006363001546,368.37860893562026,Benign
P001832,TCP,Workstation,On,ME,1,0,4037.53755207101,7995.267829457893,88.37401728742624,5,FIN,143,1,-61.5750503300347,user,0.4084208112603224,294.8265785354747,Benign
P001833,TCP,Server,Off,APAC,4,2,4587.466798504297,2362.1575271000634,136.23130754100248,3,SYN-ACK,22,0,-61.94372513125992,user,0.28432954649119707,290.1279908835489,BruteForce
P001834,ICMP,Workstation,On,US,1,1,7229.685923159207,7988.234673707321,148.61404933212148,5,SYN,3389,1,-72.09135100563138,user,0.19158354312478912,315.92984222048636,Benign
P001835,TCP,Server,On,ME,2,1,2109.804737217613,,105.56665321392086,2,SYN,53,1,-50.50253126452324,user,0.2200488677120179,259.6379627955574,BruteForce
P001836,,IoT,Off,EU,1,2,36559.02779660634,5157.742005593391,115.76267053162995,4,SYN-ACK,21,2,-49.37393212505373,user,0.5027076904467256,282.9384894540332,Benign
P001837,UDP,Mobile,On,US,1,2,4873.281838537157,6612.545831632552,103.09639901680262,9,SYN,3389,1,-40.12706585598398,user,0.5102274548149033,292.63493596243654,Benign
P001838,TCP,IoT,Off,US,1,0,993.2757767365074,6143.476010636903,113.97271016324746,5,FIN,443,2,-47.21654676629999,user,0.29570069221210765,257.4483935640107,Benign
P001839,TCP,IoT,Off,EU,1,2,3604.597584550398,4076.2136840030585,102.68909783191936,3,ACK,3389,1,-79.82086346901146,user,0.4986810342577697,273.71147354179885,Benign
P001840,UDP,Workstation,Off,APAC,1,1,5031.667162162262,4988.461546622355,406.73754114288,2,FIN,3389,0,-58.15402464008218,guest,0.11836050967123773,250.57693164623953,Benign
P001841,ICMP,IoT,Off,EU,1,0,3674.709870110544,1947.6688687175656,146.07214436460004,8,FIN,143,1,-52.581612653719,user,0.12608799010403474,270.109228203483,BruteForce
P001842,TCP,Mobile,Off,EU,2,0,7628.552100280949,7159.357175861529,106.20186811896943,5,SYN,53,2,-50.10943469194853,user,0.2552931806547615,315.8496816660068,Benign
P001843,UDP,Workstation,Off,ME,2,1,4621.002513372755,6691.473108176241,81.94311797641858,6,ACK,53,1,-64.45009735866324,user,0.10336875369235457,276.4085181982907,BruteForce
P001844,TCP,IoT,On,ME,0,1,3399.9227076017614,6219.777079590659,118.028199867384,5,SYN-ACK,110,1,-56.91007191113463,admin,0.3064866632358863,312.22593700537,Benign
P001845,UDP,Mobile,Off,US,1,2,3779.856239241599,2463.9039134085265,97.33325666197132,5,SYN-ACK,80,0,-43.76855816382523,admin,0.46516325091334937,264.4514096426133,Benign
P001846,UDP,IoT,On,APAC,2,0,2789.0754913021824,6541.422250813587,102.35656815630503,5,ACK,53,0,,guest,0.10383114170545103,248.7253183268702,Benign
P001847,TCP,IoT,On,US,0,0,3550.315398019426,3654.1532472557315,132.6877941049283,5,FIN,443,1,,user,0.12162581275669292,300.0028938625253,Benign
P001848,udp,Mobile,Off,EU,2,1,7065.547756107734,6686.803614678795,148.0786412703978,3,ACK,25,1,-60.99498110055644,user,0.1869869737250439,335.15555167614184,BruteForce
P001849,UDP,Server,Off,EU,2,0,2404.730285198747,3508.685592665235,103.61791634481438,3,ACK,21,3,-55.054336309898915,user,0.4076224356769281,257.0004056129986,Benign
P001850,TCP,Mobile,Off,APAC,6,2,3423.0860029663327,4913.262985484424,88.69333368440498,6,ACK,22,0,-60.91355221248567,user,0.261772630283799,264.8316410963919,Benign
P001851,UDP,Workstation,On,APAC,3,1,5534.079186280216,6747.254288802023,140.40903874127142,6,FIN,443,0,-48.7059294300794,user,0.13227320662337083,336.32455880384475,Benign
P001852,ICMP,Server,On,APAC,2,1,6826.918536210682,3648.1115973767437,133.83104604941505,8,SYN,143,3,-60.71242981768002,user,0.5735719975459306,292.2014842546561,Benign
P001853,udp,Mobile,Off,ME,1,0,4240.409108785259,6321.277501781482,117.17987761168801,2,ACK,443,2,-61.48954460047469,user,0.20773660570184938,272.38750851051714,Benign
P001854,TCP,Workstation,Off,US,4,2,2141.5764477252287,5206.51772918009,158.07069277135204,5,FIN,143,0,-54.65929124646031,user,0.19172295797888014,297.051459987923,Benign
P001855,TCP,Server,Off,EU,2,0,6842.370454955555,6046.560934443288,125.33211997910433,3,SYN,143,1,-63.60723057169388,user,0.5122429320577282,271.4284870071967,BruteForce
P001856,UDP,Server,On,ME,2,0,7194.854066988718,5187.333913418273,53.27498490330876,2,ACK,21,3,-59.76419237856813,admin,0.34702832372633013,269.93340039659654,BruteForce
P001857,tcp,Mobile,Off,APAC,3,1,3665.3838874131125,3555.448954309327,807.3159917146885,3,ACK,53,1,-57.593091266098305,admin,0.48668100137914355,284.15761510936045,Benign
P001858,ICMP,Workstation,On,ME,3,1,7088.389100668616,8093.140105675504,93.63594934555245,7,SYN,22,2,-46.145441182885776,guest,0.2838098107254219,303.40349811287405,Benign
P001859,,Mobile,On,APAC,4,1,5852.2160762115955,9028.885295274471,130.8118954904048,6,ACK,443,0,-78.32674056820136,user,0.18826032911979307,313.70372222373993,Benign
P001860,UDP,Server,On,EU,1,0,3684.7585361255815,6351.549395668542,108.6650804834863,6,SYN,21,1,-69.06287119317962,guest,0.11676095320810055,280.3368857950393,Benign
P001861,TCP,Workstation,Off,US,2,0,2297.085921054394,9073.505975953722,107.46926845148386,6,ACK,443,2,,user,0.1182244085119271,270.80509722227225,Benign
P001862,TCP,IoT,On,EU,1,2,6155.569368923936,2500.03990532403,80.08382395006427,8,FIN,53,0,-55.72392104901381,user,0.29670128896505016,278.9906632487091,Benign
P001863,TCP,Mobile,Off,US,0,0,5370.799403687027,7978.182874129458,210.47698533268345,6,ACK,443,1,-79.81484580053544,user,0.49031370274864405,357.3365462085533,Benign
P001864,ICMP,IoT,On,APAC,0,1,4566.211452740719,8167.8047261185075,890.4178121224465,2,FIN,22,0,-57.041098137185784,user,0.1159742293245329,323.83698855741625,Benign
P001865,UDP,Workstation,Off,ME,2,1,4466.710642337741,7034.340842232308,105.90260176723419,2,FIN,143,4,-66.4768321172037,admin,0.3509703412027681,271.5382342896205,BruteForce
P001866,TCP,Server,On,APAC,1,1,7319.920663271641,7282.3918991421915,160.37997306692347,3,FIN,443,1,-50.837723324024466,user,0.4103837433610068,323.3433945662834,BruteForce
P001867,udp,Workstation,On,US,1,2,5405.642821577207,7862.760658628724,96.29348912523707,2,SYN,80,1,-58.80079097022225,guest,0.2469815018886291,284.1963336341584,BruteForce
P001868,,Mobile,Off,APAC,2,2,3512.5117325600813,4152.88696723919,99.44977578169542,3,SYN-ACK,143,2,-53.82168645902922,user,0.5487336987651404,289.18042768410555,Benign
P001869,TCP,IoT,Off,APAC,1,1,4490.793577787994,9449.357979650591,116.50272058798147,8,SYN,110,1,-74.11595253398434,user,0.41313070935644775,291.64630376959497,BruteForce
P001870,TCP,Mobile,On,EU,1,3,6791.442252587542,6596.274926857187,136.704716882982,3,FIN,443,1,-90.42394038055228,admin,0.5440813938668136,315.9235404711607,Benign
P001871,TCP,Workstation,On,ME,3,0,4899.581343710136,4502.279078343567,132.22549327481306,7,ACK,22,0,,user,0.19027760744408911,300.7942097140257,Benign
P001872,UDP,IoT,Off,EU,5,0,2381.379025800664,7605.476024220455,98.74501684148846,3,SYN,143,0,-58.712723042559475,admin,0.22486232047510582,285.8335891006095,Benign
P001873,TCP,Workstation,Off,ME,1,1,5264.657807061923,5321.106301011511,98.88536362518337,3,ACK,110,1,-55.25427322126015,user,0.11225381396412858,291.0471948226398,Benign
P001874,UDP,Mobile,Off,US,3,3,3898.9859044745763,,142.97084753051885,7,SYN,110,2,-55.301127000147126,user,0.23914148933665233,274.45275976765333,Benign
P001875,TCP,Workstation,On,US,4,2,5540.5486195726635,1757.5562542897596,112.78628037491471,3,ACK,25,2,-63.06755078701121,user,0.383009797274344,291.7826236155082,Benign
P001876,UDP,IoT,On,US,1,0,8130.3335853425415,1392.0991434901216,88.61770345656839,5,ACK,143,0,-75.3359210727794,admin,0.12720700776988067,310.28818975625126,Benign
P001877,UDP,Server,Off,ME,1,3,3442.825839681117,9830.045424617267,667.9407100709307,3,SYN-ACK,3389,0,-57.342087854980534,user,0.208709406162446,265.79732407340964,Benign
P001878,TCP,Mobile,Off,US,3,1,3232.5232841531006,4076.9018633980722,142.6251998736247,9,SYN,21,1,-63.41618993963831,user,0.07039008518070249,281.77221003460414,Benign
P001879,udp,Workstation,Off,EU,6,0,7771.320971260816,6929.911180638203,104.34867249585658,1,FIN,21,0,-49.231914916593276,admin,0.20129264492285345,318.3373292715183,Benign
P001880,tcp,Mobile,Off,ME,2,3,4882.636274452572,,129.52185576339943,7,FIN,80,3,-62.343031561083265,user,0.3620784209712286,263.3100198063003,Benign
P001881,TCP,IoT,On,APAC,3,0,4004.573777844469,5970.157629211665,119.61913395723809,4,ACK,3389,3,-61.76598115294104,admin,0.18142552731603587,286.870517316539,Benign
P001882,UDP,Workstation,Off,APAC,1,0,5874.811464501832,5630.216537909189,101.32440791755096,3,SYN,22,2,-51.16202559439921,user,0.3603521064816174,295.53476642973624,BruteForce
P001883,tcp,Server,On,ME,1,0,7174.113024371993,5783.458269374764,87.35132420011527,8,FIN,443,1,-54.39747538965811,user,0.09040963664950134,288.49196858944623,Benign
P001884,TCP,Mobile,Off,US,4,2,2501.460312101081,9767.70531011558,82.58948338674148,4,SYN-ACK,443,1,-50.442030820776935,guest,0.5283064571894196,236.483586390902,BruteForce
P001885,UDP,Mobile,On,APAC,1,2,4699.354321801104,4511.181266300897,137.6690439302287,5,FIN,21,1,,guest,0.15998135114569834,285.8659005132826,Benign
P001886,TCP,Mobile,Off,EU,3,0,3791.132095838923,7796.064079283591,106.68624342261967,3,SYN-ACK,110,2,-71.05729012739721,user,0.03603354031268609,274.80204821031384,BruteForce
P001887,udp,Server,Off,APAC,0,3,4748.4259598599,5087.835804437774,145.55475434296238,8,ACK,110,1,,user,0.06247162916233835,293.27393937832096,Benign
P001888,UDP,IoT,On,EU,2,0,4826.864880310429,3299.955864283601,119.80674707965572,4,SYN,22,0,-46.166977493447796,user,0.06773626254109769,282.8264258772301,BruteForce
P001889,udp,IoT,Off,EU,1,3,5983.079520666337,6052.36184795918,52.98432764894643,6,SYN-ACK,3389,1,-68.85815307307817,user,0.043039977554902416,253.0856083008064,BruteForce
P001890,udp,Workstation,Off,EU,1,1,3811.4754397541637,5281.152337456795,83.1412303286116,6,ACK,443,2,-49.41119663446584,user,0.0811468968868777,291.4020688061633,BruteForce
P001891,TCP,Mobile,Off,US,3,0,5473.68029240849,4556.654573132545,136.66540862507924,2,ACK,110,2,-60.77571601006903,user,0.4027289303590611,303.02213848802444,BruteForce
P001892,TCP,Mobile,On,APAC,1,1,1683.9118842533458,6586.453426473767,118.65733144186386,11,FIN,443,1,-57.826509973274746,user,0.3153618347426815,289.19763852721604,Benign
P001893,UDP,Workstation,On,EU,2,3,5690.621052326993,9477.941785509574,125.80509783673342,4,SYN-ACK,110,1,-80.95736651546194,admin,0.2991227950544279,295.3065350288681,BruteForce
P001894,UDP,IoT,Off,ME,2,0,4693.871080486871,6579.597194028733,107.37227705461885,6,FIN,21,1,-67.64480866212264,admin,0.339272518065552,296.08536248793587,Benign
P001895,,Server,Off,US,4,1,5035.664077253518,7066.98647542214,121.76498048813505,5,SYN,143,1,-59.95375477042839,admin,0.33114690801665386,288.91003842747745,BruteForce
P001896,tcp,Mobile,Off,US,1,4,1464.3701622042427,5621.933447906264,127.49646360934997,4,SYN-ACK,25,1,-73.43523309539523,user,0.537769114772573,285.242075993623,BruteForce
P001897,udp,Workstation,Off,ME,0,1,3354.1266570486196,9585.719728336337,146.8499358617355,2,SYN,110,1,-66.76428515093718,user,0.25079230229273264,309.7214968175759,Benign
P001898,TCP,Workstation,On,EU,1,1,4430.52421144478,10057.255305054761,97.51719797209584,1,FIN,21,2,-65.34098880660983,user,0.16776243753313091,273.3445644177355,BruteForce
P001899,TCP,Workstation,Off,EU,3,0,7001.113979569046,5720.685302325692,104.77354525874144,3,ACK,80,1,-73.38983553586993,guest,0.3456184375544152,291.9555625789364,BruteForce
P001900,TCP,Mobile,On,APAC,3,0,6673.934737876903,6370.373778285811,78.80525819980264,3,SYN,443,2,-55.69270602707988,user,0.4336508986427927,243.49730433063885,Benign
P001901,TCP,IoT,Off,ME,3,1,3331.2807993942906,5943.583468860019,137.0033755560587,5,SYN,21,1,-60.57122778829075,guest,0.22148444870452383,321.9116697834076,Benign
P001902,ICMP,Mobile,Off,APAC,1,0,5124.477362378455,4070.5776075741296,136.30262177378944,7,SYN-ACK,21,2,-66.57585052390866,user,0.5242003050045034,332.8511499850268,Benign
P001903,ICMP,IoT,Off,EU,1,1,5127.364819366173,7264.911726543664,150.39358213915,6,FIN,21,0,-48.30026043328703,user,0.37468760312727806,315.9748440657682,BruteForce
P001904,,Workstation,On,ME,1,2,5282.327671278104,7123.303161965721,111.52914304126756,9,ACK,21,3,-62.51067937742396,admin,0.08196529027421566,289.98162851349736,Benign
P001905,TCP,Server,Off,US,1,3,5722.052240810512,7625.6110959589605,143.87607589772813,4,ACK,22,1,-64.50884596917447,user,0.26259708185615227,276.161708748873,Benign
P001906,UDP,Mobile,Off,ME,2,3,4867.811628407918,4921.785242313126,119.79304391872896,8,SYN,110,1,-55.02787060930188,guest,0.4952639393408394,304.1457485117826,BruteForce
P001907,TCP,Workstation,Off,EU,1,0,5601.285676244496,3886.5538037048345,166.9419897868478,6,ACK,110,2,-48.73458920066935,admin,0.21845460707483538,320.3100351347573,Benign
P001908,ICMP,Mobile,On,US,0,0,3952.225772332827,8162.868828008419,110.681813757355,3,ACK,25,1,-68.16744368760608,user,0.22521579971071953,297.3043169148614,BruteForce
P001909,ICMP,Server,Off,EU,1,0,5804.761765955342,4729.135287231356,96.4377536514056,6,ACK,21,2,-83.42907118572928,user,0.4115457210375899,310.3257169081523,Benign
P001910,ICMP,Workstation,Off,ME,4,2,5535.0585250736185,1013.7542299310599,102.25202546495605,6,SYN-ACK,25,0,-48.60489807871808,user,0.3386206140999818,292.88648637822274,Benign
P001911,UDP,IoT,Off,US,0,2,4347.238673717452,5172.496651044404,120.78203436992693,2,SYN,25,1,-54.92066987539648,admin,0.3131600039786291,284.50378049544224,BruteForce
P001912,udp,Mobile,Off,APAC,3,0,4821.589721342847,4299.605539691352,188.94496109713094,9,FIN,21,2,-62.82618147145615,guest,0.2398128205086274,332.23465919049556,BruteForce
P001913,ICMP,Mobile,Off,APAC,1,4,5437.375922555148,6293.358142310539,84.54011377206815,10,ACK,21,2,,admin,0.20850273764501986,275.6260884782932,Benign
P001914,TCP,Mobile,On,ME,6,0,6631.5832779696175,8300.563947297027,127.12148374979928,7,SYN-ACK,143,2,-61.33817402558208,user,0.023435272521952214,320.9845619995924,Benign
P001915,,Workstation,Off,APAC,2,0,2488.7598628692767,11578.896897370887,140.85027322200906,4,SYN-ACK,3389,1,-76.80615053166412,user,0.27566485692168974,269.5449202598614,Benign
P001916,TCP,IoT,Off,US,0,0,6016.986278988352,,130.46756443653067,4,SYN,22,0,-66.09434997224967,user,0.40312007797550403,321.12366606026814,Benign
P001917,UDP,Workstation,Off,US,0,0,5374.045217926772,5485.5891696243825,119.05007024737093,4,ACK,110,1,-54.983004474467315,admin,0.29369347161548975,288.22301787188786,Benign
P001918,TCP,Mobile,On,APAC,1,0,4545.604394302756,6680.543671754252,131.0371779880368,5,FIN,25,5,-69.5201736937968,user,0.1487749342239306,289.7768727027344,Benign
P001919,UDP,Server,On,US,2,0,2746.3257314228713,8158.984086988374,55.361809801585565,7,FIN,143,0,-63.14592122335124,user,0.11645310799962724,246.50059285952793,Benign
P001920,,Server,Off,APAC,4,1,3816.5999281345676,7709.007874810891,85.11831462150995,6,SYN-ACK,21,4,-51.216981950345065,guest,0.29671351383186034,276.729944779477,Benign
P001921,,IoT,Off,US,4,1,5858.731029705727,8409.728628719524,122.10937551972431,5,FIN,443,2,-51.54492741664765,user,0.20439593745963838,273.91668212577343,Benign
P001922,tcp,Workstation,Off,EU,3,0,5663.82538940321,5844.607819412736,162.33429539784805,6,SYN,443,1,-58.857364335229796,user,0.3393206665030617,316.99929537147744,BruteForce
P001923,TCP,IoT,On,US,1,2,5466.746692542747,9374.793616872019,63.869187557659664,4,SYN-ACK,143,0,-57.531010358455,guest,0.1591678528165646,255.18466924702204,Benign
P001924,,Mobile,Off,US,1,0,2318.260010054137,8015.056287764183,117.32910666289392,6,FIN,80,1,-55.597256694897624,user,0.10021746350006779,255.0636296319973,Benign
P001925,ICMP,Workstation,Off,APAC,2,2,6390.598303353409,5073.712071312162,122.82261183877547,5,FIN,25,0,-44.143728617287735,guest,0.2641270538336941,277.05447605918494,Benign
P001926,ICMP,Workstation,On,US,0,1,1597.0143962663542,5079.070308391582,147.0823699576813,5,SYN,21,0,-53.859363071662806,admin,0.13216403150015063,297.28707880540054,Benign
P001927,TCP,IoT,On,ME,3,0,4935.313910389986,6310.357071688214,120.24841196335854,5,SYN-ACK,143,1,-59.40385579960258,user,0.5466596732696328,282.458086848283,Benign
P001928,TCP,Mobile,On,EU,1,1,9085.808647712049,3627.6446996202467,126.97859613135545,3,FIN,143,2,-52.98640588798895,user,0.11622658403534349,320.5585841037682,Benign
P001929,tcp,IoT,Off,US,2,0,4990.596007961606,4076.256231584097,113.84339122229242,1,FIN,143,4,-50.53726034779473,user,0.26287058513274314,272.4259537801765,BruteForce
P001930,TCP,IoT,On,APAC,0,0,4810.352966035734,7553.167829963662,151.6151138504652,4,SYN-ACK,53,0,-54.895400954633644,admin,0.13308403732498872,299.25929632668374,Benign
P001931,,IoT,Off,EU,3,0,3926.32755937421,8746.367224902535,129.71131079503405,7,SYN-ACK,3389,0,-56.879642820254006,user,0.333175682555718,297.2161517296796,Benign
P001932,TCP,Workstation,Off,EU,4,0,7225.183554022043,3505.615058655203,94.75480844600412,5,SYN,110,0,-61.037099546825715,user,0.060055273659041404,300.5428775990424,Benign
P001933,tcp,Server,Off,APAC,1,3,3284.956804212657,11649.847177283515,115.20331208243026,7,ACK,110,0,-75.39472695741922,user,0.22866836648353145,286.2463201878427,Benign
P001934,TCP,Server,Off,ME,0,1,6324.7971796018865,5262.481461919962,139.84156364902665,4,SYN,443,0,-60.85620679032252,admin,0.49340073300568216,321.77319513329905,Benign
P001935,UDP,Mobile,Off,US,4,0,6331.941633924471,7780.289854615804,107.52635351074044,5,SYN,22,1,-56.07165949160252,user,0.14362999200053467,278.1071052075206,Benign
P001936,UDP,Mobile,On,ME,3,4,4743.290898308149,4122.856489467506,107.18620827111359,5,SYN,80,1,-73.91602447743391,user,0.44165523603870305,278.4200224202325,Benign
P001937,TCP,Workstation,Off,ME,1,2,7630.198337685685,4121.328363710013,99.03833489281662,5,ACK,3389,3,-56.58251604869615,user,0.23211590835553533,300.2308652074843,BruteForce
P001938,UDP,Server,On,ME,1,2,1830.6548559712774,5841.259233982976,75.40628683716653,2,ACK,22,1,-49.772857467598186,user,0.24235771049601693,221.84182054569817,Benign
P001939,TCP,Workstation,Off,EU,4,0,5577.260237880787,4926.550961331358,100.27102064395541,6,SYN-ACK,22,0,-72.24437046792616,user,0.4387324387820279,292.13101063406305,Benign
P001940,udp,Server,Off,ME,3,1,8329.996990534602,5960.621998281779,116.03126494071327,1,ACK,143,2,-54.66137198380957,user,0.13288520264773004,297.9625617436072,Benign
P001941,TCP,Server,Off,ME,2,2,2401.177256244939,,90.20945508916678,9,SYN-ACK,25,1,-69.74309762248893,user,0.11003337292965355,278.3557628764531,Benign
P001942,,IoT,Off,APAC,3,0,3190.4875163168545,4782.357282517232,72.17618066126492,3,ACK,22,2,-48.145958623018544,admin,0.1582500942883598,233.49823468922958,Benign
P001943,TCP,IoT,Off,EU,1,2,6639.05574403275,6848.292570024743,135.11936093110683,5,SYN-ACK,143,1,-62.883267063844045,user,0.1506729007428092,325.0552952170492,Benign
P001944,ICMP,Workstation,Off,EU,1,1,5820.553787495653,3727.48550993043,114.83254342614786,3,ACK,110,0,-82.30705306999202,user,0.1848611895392422,302.63382892759506,BruteForce
P001945,TCP,Server,Off,APAC,2,2,2606.4506114786805,4187.213114044694,41.307288214948386,4,ACK,143,1,-85.25660433228047,user,0.11817217805286068,230.72554260737994,Benign
P001946,TCP,IoT,On,ME,1,1,7666.678327704364,,63.69787674718656,5,FIN,80,1,-43.027593532975764,user,0.15979144969588976,298.4730399808944,Benign
P001947,,Server,Off,ME,1,0,5496.848951301181,2255.365253815278,140.4217352525094,6,SYN,21,0,-65.51176543782263,admin,0.20849708229448205,325.65929846393755,Benign
P001948,TCP,IoT,On,US,0,3,4278.572595074373,4928.984336063466,110.40381964907994,3,SYN-ACK,21,0,-46.76729858958836,guest,0.1901034671751892,278.87542640627845,Benign
P001949,tcp,Workstation,Off,APAC,6,1,3191.494452187247,3650.475670102547,147.10079405578057,6,SYN-ACK,143,0,-63.425136846643255,user,0.8065774563310599,285.8457749966194,Benign
P001950,udp,Workstation,Off,US,3,0,5837.248929464899,6889.419434957034,159.2065261746564,6,SYN-ACK,25,0,,guest,0.6150183958852428,317.36872136015506,Benign
P001951,tcp,IoT,On,APAC,4,1,5174.687125729795,6745.095044616502,174.2712878667493,1,FIN,22,1,-56.96149229494826,user,0.10160805880923417,351.63551091381686,Benign
P001952,UDP,Workstation,Off,EU,0,0,4386.755984821922,8074.628339518029,134.1297100772702,7,SYN-ACK,80,2,-59.01782047091547,user,0.18863517102807384,306.2391199310767,BruteForce
P001953,ICMP,IoT,Off,EU,2,0,5462.835914552923,7408.492533275552,128.90541956017057,1,FIN,110,2,-54.402580867581406,user,0.3729595684967026,298.6469693742278,Benign
P001954,ICMP,Workstation,Off,ME,1,0,2449.1340841187284,2730.869059536359,155.1444356081844,4,FIN,110,1,-64.94786166209272,user,0.09813365575410196,291.27076954491946,Benign
P001955,,IoT,Off,ME,2,2,3921.2596498536413,2860.2952139475215,159.51038109717382,2,SYN-ACK,143,0,-50.76231783212562,user,0.03178257312408775,300.4346749332019,Benign
P001956,UDP,IoT,Off,US,2,0,4736.812666364215,5211.113328801881,89.55160952755661,5,SYN,53,2,,guest,0.2124787997667941,258.12902553932275,BruteForce
P001957,tcp,Workstation,Off,EU,3,0,6364.414091804526,4509.29542848626,157.56743543196325,6,ACK,53,2,-65.56901545784957,user,0.1431468786740555,340.26475631856596,BruteForce
P001958,TCP,Mobile,Off,US,0,1,5769.320843832903,3695.847432821383,67.3679926919711,5,FIN,3389,2,-47.57529460235851,user,0.10788122750645376,237.37278199873475,Benign
P001959,TCP,Mobile,Off,APAC,1,3,6103.45205915581,6466.873650479147,149.9606202442809,4,FIN,22,0,-49.71667754223803,guest,0.3945231560441406,306.7670621481278,Benign
P001960,ICMP,Mobile,Off,ME,2,2,3284.752465040341,3067.1674905009063,131.5411428721234,8,ACK,22,1,-62.13698291297665,admin,0.29499598660823295,306.86044048211903,BruteForce
P001961,TCP,Server,Off,ME,4,0,4838.362863257741,5874.029707692018,137.77493050015943,4,FIN,80,0,-49.48091147586462,guest,0.44828897512263016,315.2812080963052,Benign
P001962,UDP,Workstation,On,ME,4,2,4363.681503270542,,122.45608359966073,3,FIN,3389,2,-54.68043011242219,user,0.06990417463544442,272.04010562168736,Benign
P001963,TCP,Mobile,Off,ME,2,1,5025.348856625019,7566.13048550035,129.48688927968593,4,ACK,110,3,-51.32277069567806,user,0.24656266913909705,300.10453432376835,BruteForce
P001964,UDP,Mobile,On,APAC,3,1,4193.308553519806,1441.2308175828057,75.57691076112644,3,SYN,110,2,-68.01695387368804,admin,0.1761204621572619,253.4368533777037,BruteForce
P001965,UDP,IoT,Off,EU,2,1,4932.585331994383,9225.894599458155,172.7892219625253,4,SYN-ACK,80,1,,user,0.044163257859234355,340.3347447216741,BruteForce
P001966,udp,IoT,Off,EU,3,0,6103.434032048726,3602.154290062844,122.24531432558587,2,SYN-ACK,53,1,-45.68551322325195,guest,0.11386429979388453,319.67574198462313,Benign
P001967,tcp,Server,On,EU,2,0,8128.714972881573,,117.40539464163724,4,SYN-ACK,25,0,-63.70767440559407,guest,0.546064701758337,308.59807042029826,Benign
P001968,UDP,Workstation,Off,EU,1,1,2780.9847236481105,6595.533854564826,127.75577864315511,4,FIN,3389,0,-63.71939217588281,user,0.1861386747993183,282.09379143962354,Benign
P001969,,Workstation,Off,ME,2,1,5839.950065698244,7459.953747736769,40.847808695286616,4,SYN-ACK,3389,0,-73.73187217046387,admin,0.1448741671535113,245.9359137945552,Benign
P001970,TCP,Workstation,Off,APAC,3,1,3638.04739580556,3384.40455619868,133.9519813616555,4,SYN-ACK,110,3,-60.88238059255682,user,0.6224472400837466,293.7808848042599,Benign
P001971,tcp,Workstation,Off,US,3,1,5744.620015025546,6392.5710190663185,74.19132869347293,10,ACK,21,3,-61.85299200147243,user,0.2518276895488696,286.939902858007,BruteForce
P001972,TCP,Server,Off,EU,3,0,6313.30523073032,3495.957495729294,722.4455521785198,7,FIN,80,0,-64.28306496531319,user,0.31195816793498077,293.289166078631,Benign
P001973,tcp,Workstation,Off,EU,3,0,4005.4079552148633,8492.09164750369,87.38534078287364,3,ACK,25,2,-85.24894267788413,admin,0.06521927370220892,278.41242657153305,BruteForce
P001974,TCP,Mobile,On,US,3,2,3598.761169837898,7432.379641706148,139.26816649478067,4,SYN-ACK,3389,0,-54.30219909869308,guest,0.4709819933664993,291.5530681059408,Benign
P001975,TCP,Server,Off,APAC,2,1,3305.4816232090116,4278.2290904086285,66.89846094758958,6,SYN-ACK,3389,1,-71.8245334076138,admin,0.3568227796105998,259.8555790747127,Benign
P001976,ICMP,Workstation,Off,APAC,1,1,2012.2029936395247,4921.507613534475,65.39411478356226,9,FIN,110,1,-64.08027508847233,guest,0.07515131459079888,253.56432201502906,BruteForce
P001977,TCP,Workstation,On,US,1,2,4335.165866763446,5586.696379068226,155.484442787887,4,ACK,22,0,-77.36586167681395,user,0.24034958836630538,314.2171030907527,BruteForce
P001978,TCP,Workstation,On,US,1,1,4444.941559018344,,112.49489263681411,8,FIN,3389,0,-38.338946104289946,user,0.14972904769723752,298.61515721120145,Benign
P001979,ICMP,Mobile,Off,EU,0,2,5074.841884916752,,142.19514502294805,6,SYN-ACK,443,0,-56.647575501241676,admin,0.02668160299949749,300.6973622726851,Benign
P001980,TCP,Server,Off,APAC,5,0,8381.783504706038,,108.53569905154959,6,FIN,53,1,-60.71662041209916,guest,0.21538399955456797,295.93244652135195,BruteForce
P001981,TCP,Mobile,On,ME,3,1,3552.6036486586972,5104.434117216193,870.0121956939574,5,FIN,80,2,-66.63363953325731,user,0.33613612731852394,292.68661125722525,Benign
P001982,TCP,Workstation,On,APAC,3,2,7683.940802978797,6492.314927521215,139.9314052603969,3,ACK,22,4,-66.28434240933059,user,0.0653522483450668,317.61322911150864,Benign
P001983,tcp,Workstation,On,ME,3,2,6091.541087722451,4598.5082449891415,172.98316028618018,4,ACK,3389,0,-48.00623144223674,user,0.12155352363463169,309.72083035501623,Benign
P001984,tcp,Workstation,On,US,3,0,2062.6907491368734,4162.676072360657,153.25791357187734,8,FIN,80,1,-43.2622338603104,admin,0.2405282055040467,307.39039049896576,Benign
P001985,TCP,Workstation,On,US,4,1,4695.372118492857,7402.498289382516,167.50542143030745,9,SYN,143,0,-72.65407559675076,admin,0.211968112928377,319.8626292745746,Benign
P001986,,IoT,Off,APAC,1,4,1245.764302494269,6785.472890167749,102.09518272480052,8,FIN,143,0,-60.10763468612116,user,0.3471196426169606,246.87713832335265,Benign
P001987,UDP,Workstation,Off,APAC,3,1,5467.59190704289,7269.692118598284,124.10724624737931,8,SYN-ACK,143,0,-51.82497276255001,user,0.1388290876046168,313.4347417715317,BruteForce
P001988,udp,Workstation,Off,US,1,0,9328.97099230664,2624.5572209493907,124.37521172269466,2,SYN,110,3,-62.11080420462601,user,0.36280161549788775,314.1749445266116,Benign
P001989,TCP,IoT,Off,US,2,1,6162.633950457845,6412.22836988538,128.61912227893563,5,ACK,443,2,-83.57211111469553,user,0.16792466548598398,290.5623404239294,Benign
P001990,ICMP,Server,Off,EU,2,1,6997.565780638486,5930.238497444153,99.63093183167737,5,SYN-ACK,443,0,,user,0.19810185336178507,309.0273711267828,Benign
P001991,TCP,Mobile,On,APAC,0,3,5342.412410601706,3714.0246184132925,122.44616077755774,7,FIN,110,2,-52.36767951844108,user,0.28070100793818564,275.3725332628438,BruteForce
P001992,tcp,Mobile,Off,US,1,1,7151.877863865878,4046.4470387131178,114.2901258289391,5,ACK,80,2,-52.89788912877083,user,0.3132225545524809,294.57715004542854,Benign
P001993,TCP,Mobile,Off,US,2,0,6411.184336272855,5211.777069808568,113.72643861119305,4,FIN,25,0,-55.945271268612665,user,0.19818790162399252,308.9203278076771,Benign
P001994,ICMP,Workstation,Off,ME,2,2,2866.1576088331767,10947.210130198167,107.34285010507844,6,FIN,21,1,-44.68273892941672,guest,0.1442531023230821,271.4570943276927,Benign
P001995,udp,Workstation,Off,US,0,1,4397.702559175146,8411.995865175968,91.49230681742463,3,ACK,22,0,-67.14840491013999,user,0.5681634784885001,286.2149108130805,Benign
P001996,TCP,Mobile,Off,APAC,2,2,3856.926485199947,2141.5375856330375,118.53842333844888,5,FIN,25,1,-39.53296893916291,user,0.3248128615892544,303.04564934616604,BruteForce
P001997,tcp,Mobile,On,APAC,3,1,5451.214710920487,3074.007326536794,84.8723946829501,5,SYN-ACK,21,0,-54.84731588390989,user,0.145394265429588,282.8626323318455,Benign
P001998,UDP,Workstation,Off,EU,0,1,6255.679880635562,8325.520270523502,153.80318037612574,3,ACK,443,1,-49.181387692858536,user,0.19185978657497216,328.41159942031857,Benign
P001999,TCP,Workstation,Off,APAC,1,0,4845.582085754813,,124.56116526544757,9,SYN-ACK,110,1,-72.47943376680206,user,0.273525640565314,279.43890197911776,BruteForce
P002000,tcp,IoT,Off,ME,3,0,6382.7908703337425,4336.335481731449,113.06906891372331,3,SYN,143,1,-39.53980534172323,admin,0.15215009981291294,273.75503804347863,BruteForce
P002001,tcp,Mobile,Off,EU,2,0,5256.7257539907905,7167.779592387599,138.7233613710213,7,SYN-ACK,53,0,-51.10318859615898,user,0.0326089911612691,299.08169250681186,BruteForce
P002002,TCP,Server,Off,EU,1,0,3464.1485727181343,5676.3741400904755,106.95980327623926,8,SYN,3389,0,-65.76160992066731,guest,0.20935793554046753,289.625017402926,Benign
P002003,ICMP,Server,On,APAC,3,2,6459.535510059272,,146.57495617882594,6,SYN,80,2,-63.36338382115577,user,0.09117982444826063,295.6122117562224,Benign
P002004,TCP,IoT,Off,APAC,4,0,3956.2011572088495,8444.88188876004,158.72154597601178,6,SYN-ACK,3389,1,-58.5761187081076,admin,0.5548690024913566,317.9996363463471,Benign
P002005,TCP,Server,Off,ME,2,1,5166.176665831654,,147.88501518012205,9,SYN-ACK,80,1,-52.769379758757644,user,0.3173611904708205,327.10714934206084,BruteForce
P002006,TCP,Server,Off,ME,3,0,4765.2619184641335,7872.119254652441,138.22690405682812,7,FIN,53,1,-72.2623725121063,user,0.08783243498891877,307.48666192977277,BruteForce
P002007,udp,IoT,Off,ME,0,1,5350.521001718904,7400.837854027707,141.80521632069366,4,SYN,22,3,,user,0.19883725497038154,296.3356646716462,Benign
P002008,TCP,IoT,On,ME,2,1,3558.5818201500197,6989.190248069912,92.10499763648892,4,SYN,80,0,-56.94976427520154,user,0.4811086966815455,293.0923913737399,Benign
P002009,TCP,IoT,On,ME,1,1,5985.215744247691,2296.211397124769,152.6903711625546,3,SYN-ACK,53,0,-48.04501348819875,user,0.11325374260066601,290.43315370492047,BruteForce
P002010,,Server,Off,EU,2,2,2639.3203007773936,,129.4539182780114,4,FIN,22,0,-51.583992999393125,user,0.3006667492878244,272.28962156577364,Benign
P002011,TCP,Mobile,On,APAC,3,1,6488.170471133397,5073.832744112487,130.1061581957026,6,FIN,110,0,-74.57016449937021,admin,0.17172514851893994,287.22840887932784,BruteForce
P002012,UDP,Workstation,Off,EU,2,1,5177.3434589854405,5455.137259408456,134.94403679686377,3,SYN-ACK,21,1,-67.29661932187943,user,0.7712332548576377,283.09867896681436,Benign
P002013,UDP,IoT,Off,ME,1,1,6512.117927971346,6265.146033826942,110.4345223070756,7,SYN,21,3,-86.43020054905861,user,0.5783244982039407,307.88394251166017,Benign
P002014,tcp,IoT,On,US,2,1,7664.985901961523,7573.112853347814,112.97213416362293,6,SYN,3389,2,-62.53528337185979,admin,0.31860611390391524,319.6711018783338,Benign
P002015,,IoT,Off,EU,3,2,2036.3176411987633,5552.467179181039,132.5005690649884,3,SYN-ACK,25,1,-49.12200445697403,guest,0.22443359908940322,266.9881848789415,BruteForce
P002016,udp,Mobile,Off,ME,3,1,1961.0982597375823,1332.2618255974858,135.4145609549447,6,FIN,22,1,-44.82111178929765,user,0.1243655321420202,309.9165167139473,Benign
P002017,TCP,Mobile,Off,ME,1,1,5155.290013829248,6470.632149986958,154.77650964240274,7,SYN-ACK,22,1,-39.7071429330583,admin,0.1788699718215798,351.739121273122,BruteForce
P002018,UDP,Mobile,Off,APAC,2,2,4240.267733368767,6543.449067414723,136.83178293819083,6,SYN-ACK,22,0,-55.13780390309973,user,0.30143177412486377,259.5550911675625,Benign
P002019,TCP,Workstation,Off,EU,2,2,3234.246235622708,6456.321804300561,163.77553404183632,2,SYN,443,2,-75.17536440755788,guest,0.27766706786583334,289.05883153562,Benign
P002020,UDP,Workstation,On,APAC,2,1,4073.195245526293,6252.654708502178,73.8360405109483,9,ACK,80,2,-52.17090597758492,user,0.07020073988223788,251.54043410285772,Benign
P002021,TCP,IoT,Off,ME,2,1,5543.48162644326,5335.467893802115,86.85822757467122,5,SYN,110,0,-59.07058901453657,user,0.0888992792446006,275.47999841596055,BruteForce
P002022,,Workstation,Off,APAC,3,1,6561.489133760135,6370.611179321674,126.3515662043234,4,ACK,3389,1,,user,0.07236908895472897,286.66632058354656,Benign
P002023,TCP,Workstation,Off,US,6,1,5503.81156341339,4443.346021793812,135.6318622312495,9,SYN-ACK,3389,2,-53.996043392221175,admin,0.30662962956929,298.79951525946325,Benign
P002024,TCP,IoT,On,US,2,1,7149.498200796631,8852.009678224618,79.51683991624463,5,FIN,80,0,-62.72396027171449,admin,0.24094202043114749,273.1766777911686,BruteForce
P002025,UDP,Mobile,Off,US,5,0,4228.304035567642,5328.640784144323,147.70486556623564,1,SYN-ACK,22,1,-49.275241489254434,admin,0.36161882499590875,308.12770000026694,Benign
P002026,TCP,Server,On,ME,0,2,3929.9481819858365,4644.93031426671,91.14360532801454,2,SYN,80,2,-60.98905842660555,admin,0.6103749332307349,265.50229712697364,Benign
P002027,,IoT,On,APAC,1,1,8121.162698510134,,120.92994527469418,8,SYN-ACK,22,3,-60.22759747698089,admin,0.4578988988428543,293.8343045554672,Benign
P002028,TCP,IoT,On,APAC,1,0,6387.619815385772,7791.708689112206,122.44800700950618,6,SYN,53,0,-46.03764525039426,guest,0.1386240981351039,320.8289343527687,Benign
P002029,tcp,Mobile,Off,APAC,3,0,3901.0713793536124,5271.738138105415,98.52189409899356,5,ACK,3389,1,-34.332523734322216,guest,0.3232711964744231,268.383415777291,BruteForce
P002030,tcp,Server,Off,ME,5,1,8927.123523178996,9162.302136356519,77.47718826749602,4,SYN-ACK,80,1,,user,0.1930608819068179,299.8643223545217,Benign
P002031,UDP,Workstation,Off,EU,5,2,4829.796899380939,2593.346270964964,131.11042800025152,2,SYN,21,2,-71.59795830262986,user,0.16910541562988665,294.9915247829823,Benign
P002032,ICMP,IoT,On,EU,2,3,3154.5208286559077,4885.783854604037,104.0776557868619,6,SYN,443,3,-77.73588453226448,user,0.17328412901526122,274.92091264397703,Benign
P002033,UDP,IoT,On,ME,2,2,5542.803701271815,3176.71256921576,91.47758131482625,4,FIN,443,0,-66.78623586537259,user,0.1274107302341957,287.6390575414038,BruteForce
P002034,,Workstation,Off,EU,3,3,6556.366906180154,7632.123747637794,136.91207357358755,3,SYN-ACK,143,0,-43.590441815915725,user,0.16194338869773403,301.91968230929075,BruteForce
P002035,TCP,Server,Off,US,2,0,3444.0475527943754,6296.927088664003,75.91882328434187,4,SYN,22,1,-64.20267778513704,user,0.5157296565665855,292.0355503273062,BruteForce
P002036,ICMP,Workstation,Off,US,0,1,4960.185859407037,5359.064857419327,88.1394722174366,4,SYN-ACK,22,3,-63.401712771328285,user,0.4290548344317399,307.04364684115905,Benign
P002037,TCP,IoT,Off,APAC,0,3,3521.0247637460125,2703.831073140271,615.148332025505,4,ACK,3389,1,-35.76472883804236,admin,0.11879782786018207,248.31632075046366,Benign
P002038,tcp,Mobile,Off,APAC,0,0,4924.797206108249,8893.470901828721,180.17035204095222,5,ACK,22,0,-64.19050961102852,user,0.2927070028337792,322.8206579958604,Benign
P002039,TCP,Mobile,Off,APAC,1,2,5283.618244015226,5647.275031265609,1068.619903264899,6,ACK,110,0,-73.6741107337352,user,0.38325005900264947,342.55098957999525,Benign
P002040,TCP,Workstation,Off,ME,8,1,2895.5259677721224,3040.645121101126,165.54465678151217,2,ACK,110,0,-55.610081569515124,admin,0.25369663417372784,312.86546462533306,BruteForce
P002041,ICMP,Workstation,On,ME,3,2,3022.51031614944,2837.16587055847,107.44289521966778,3,SYN-ACK,110,1,-53.23404005013169,user,0.13888579257810377,264.74017979684106,BruteForce
P002042,TCP,Mobile,On,US,1,1,7990.800354853478,7213.75195511576,80.63736430999712,1,SYN-ACK,143,1,-58.48771692886918,admin,0.12194116983937539,273.64733356937927,Benign
P002043,ICMP,Server,Off,APAC,2,4,4973.418836938525,4650.170790625609,54.61957919090548,1,ACK,110,0,-57.394047987031904,admin,0.09407545823270648,234.146854044133,BruteForce
P002044,TCP,Workstation,Off,US,3,1,5176.775251041646,7463.127920547868,122.50797326005477,10,SYN,22,1,-55.53259336443825,user,0.292245718746198,295.30883865206204,Benign
P002045,udp,IoT,Off,ME,2,2,4545.530482631502,5847.418866343643,107.32516910178202,13,FIN,143,1,-59.318633411836196,user,0.24161988824986708,304.8359929830982,Benign
P002046,ICMP,Server,Off,EU,3,2,6068.448562294582,8514.116168030876,126.91466438211319,2,FIN,80,2,-50.48656587552399,user,0.1796336163243669,279.7078976201593,Benign
P002047,UDP,Server,Off,US,2,0,4048.8883317564305,6178.700402801991,94.71235005341035,3,FIN,110,0,-55.13873523326215,user,0.4121681743163091,283.62968150233576,BruteForce
P002048,TCP,Server,Off,ME,2,1,8636.803133484389,5193.26796906682,125.34613117435849,6,SYN,21,1,-73.70166478479713,admin,0.2706750562120844,326.02715840435536,BruteForce
P002049,TCP,Workstation,Off,APAC,0,2,5746.414716289702,6578.884311102023,123.77018116391424,2,SYN,110,0,-44.45841285402393,guest,0.21034631498736447,307.366278554108,Benign
P002050,UDP,IoT,Off,APAC,0,1,5994.809218976805,9420.589071924664,70.7128393759485,3,ACK,22,1,-57.51240288196342,user,0.4290328972768973,297.1145911563216,Benign
P002051,tcp,IoT,Off,EU,3,1,4341.305151269647,4748.9470522671745,162.21951086658572,3,FIN,25,1,-54.676284830362896,admin,0.3891760424124728,295.0669417070257,Benign
P002052,UDP,Workstation,Off,US,4,0,2904.9774275179216,5920.329126387031,86.37255447116257,3,SYN,443,1,-64.9757466912942,user,0.1515848181614042,254.1558456876471,Benign
P002053,,Workstation,On,APAC,0,0,5953.954771425061,4637.638744280736,81.80290417371941,5,SYN-ACK,443,1,-63.81859692432232,user,0.13477079254119925,301.6103098131653,Benign
P002054,tcp,IoT,Off,US,2,0,5543.881966141065,4709.26029857412,108.36712071119825,5,FIN,22,0,,user,0.36140930946904687,311.8454085214521,Benign
P002055,,Workstation,Off,EU,1,1,2005.7126418032262,5713.617857978931,135.2907028714654,5,FIN,143,1,-60.96237811964362,user,0.28852536891370106,275.6180201864724,BruteForce
P002056,tcp,Server,On,US,0,3,4044.2439862913475,6855.63109116944,85.1471906763609,4,FIN,80,2,-65.27482432073772,user,0.38357705940411824,260.12559119976646,Benign
P002057,TCP,IoT,Off,EU,1,4,3465.8084679718713,8689.861491868332,116.58180569794487,7,FIN,21,1,-74.10612244926713,user,0.08812947431329655,274.7663433081187,BruteForce
P002058,ICMP,IoT,Off,APAC,0,1,4210.710727101714,7578.633665563649,117.5870029822042,6,SYN-ACK,80,0,-51.32475768666586,user,0.055654420353911646,285.27035021373064,Benign
P002059,TCP,Workstation,Off,APAC,1,3,3572.967382296917,11376.009229904153,151.36420451298613,5,SYN-ACK,53,0,-39.61669580912448,user,0.5001978760851883,315.97010004293656,Benign
P002060,UDP,Workstation,Off,APAC,3,1,5446.30814955431,3803.9343601766327,115.99442752318393,5,ACK,25,1,-57.67777518403918,guest,0.4020528554291193,326.06812853932263,Benign
P002061,tcp,IoT,Off,APAC,3,0,4045.3969623079297,6753.232026937369,177.61045091898464,7,SYN-ACK,80,2,-60.29394519628489,user,0.3940271471583026,314.72977268549107,Benign
P002062,UDP,Server,Off,EU,0,1,3303.583700518221,,135.9622760919021,6,SYN-ACK,53,1,-51.9718695551767,user,0.14286284567243415,300.7176257861125,Benign
P002063,udp,Mobile,Off,APAC,1,1,3363.527652812745,4076.360771451389,128.6454184353514,6,SYN-ACK,110,1,-67.47547610328105,guest,0.1479790998832622,299.6005114055032,Benign
P002064,udp,IoT,On,EU,2,2,6201.742262844786,7339.243278049273,96.5636733116594,4,SYN-ACK,25,0,-54.75059531494658,user,0.16316018646429564,283.9753538486961,BruteForce
P002065,,Mobile,On,EU,3,0,5291.03026934063,8779.496961570343,104.06062079985342,9,ACK,53,2,-68.5295160052923,user,0.5875887772856746,298.61556000889794,BruteForce
P002066,TCP,Workstation,Off,EU,1,2,6325.357030946594,3953.650401160757,136.5873872972624,5,SYN-ACK,25,1,-74.85690315852608,user,0.1636709544819661,288.0989018060046,Benign
P002067,TCP,IoT,Off,US,0,3,5560.947776136048,6300.371570039695,118.09396200093653,2,SYN-ACK,21,2,-62.48827568606082,user,0.06988843462214521,250.23553119673306,Benign
P002068,UDP,IoT,On,ME,0,1,4335.600076453135,8884.74667078618,111.99196089330576,3,FIN,110,2,-52.35734670314145,user,0.3147921701574229,278.09116159576143,Benign
P002069,tcp,Server,Off,APAC,2,2,5775.306668806984,10201.750233315359,94.55587069574528,4,SYN-ACK,53,0,-55.336278796525335,user,0.3671717295220372,287.46044562822465,Benign
P002070,TCP,IoT,Off,EU,2,2,5893.103321857482,4814.083725187166,82.11475006636596,7,ACK,80,1,-68.7318453092031,user,0.0137158098053977,284.0012557050708,BruteForce
P002071,TCP,IoT,On,ME,4,0,6309.880746346131,5639.0316596128805,145.23227771516687,7,SYN-ACK,21,0,-62.169723986053306,user,0.4153420654164156,330.1928828617238,BruteForce
P002072,TCP,Workstation,On,EU,4,0,5628.525034830655,9348.55030689235,162.50072517491407,7,FIN,25,0,-64.7250968485625,guest,0.2845792994603344,310.6887999444476,Benign
P002073,udp,IoT,On,US,1,1,1827.6624107651342,4755.839056611739,145.29874756903183,5,ACK,443,2,-45.481730420583375,guest,0.35616779897978823,263.3806315863327,Benign
P002074,TCP,Server,Off,EU,3,1,2266.841892276011,5992.105680926144,110.59707901735003,4,SYN,53,0,-59.38782336009039,guest,0.06557244472938165,295.5889671914621,Benign
P002075,TCP,Server,Off,APAC,3,2,5767.148289786786,9277.148910008395,153.8566292265676,2,SYN,21,3,-54.39511106778549,user,0.10651624631110229,289.35101070250056,BruteForce
P002076,TCP,IoT,On,ME,6,1,6846.584610258678,5808.015626359218,109.32511362810348,5,SYN-ACK,110,1,-59.3014026516929,user,0.10792869431087877,287.4725458447948,Benign
P002077,UDP,IoT,Off,EU,4,3,4599.641912134324,,138.97006931409723,6,SYN-ACK,80,0,-49.27666717201373,user,0.11236496664128254,290.6311533732311,Benign
P002078,TCP,Server,Off,ME,2,0,6287.695828264564,4844.750861682204,130.68823268292,1,SYN-ACK,21,1,-58.99676476687614,user,0.3604050004020204,292.6765111668697,BruteForce
P002079,TCP,Mobile,On,APAC,0,2,2541.818410402704,4327.473701968031,84.0840750248591,7,SYN,143,1,-55.4858180044158,admin,0.5305733473845593,258.5849868584947,BruteForce
P002080,UDP,IoT,On,EU,2,4,4742.926191272275,3652.921528015782,118.59322416308946,6,ACK,22,2,-64.4146440610049,user,0.3807580177837902,277.407370917548,Benign
P002081,TCP,Server,Off,EU,2,0,3242.3509382062794,8711.870280822608,111.61978876910456,3,SYN-ACK,25,1,-70.86065796377314,user,0.547523680345837,294.10690155323596,Benign
P002082,UDP,IoT,Off,APAC,2,0,4793.6836030579125,7908.980660067719,100.50254157071537,4,ACK,21,0,-69.42239832337349,user,0.35967865573622254,290.63414349814707,Benign
P002083,UDP,Workstation,On,EU,3,1,6113.056416748623,4693.695887434384,140.80781194197866,5,FIN,3389,1,-55.945742604623476,user,0.27009650967229654,334.15089967497795,Benign
P002084,UDP,Server,On,US,4,2,4700.64869297159,9171.126988267499,117.03841189736973,6,SYN,443,2,-53.56153808247452,user,0.1844776131295176,286.4635550205782,Benign
P002085,UDP,IoT,On,APAC,0,1,24835.80186098287,4513.695961026943,149.05070646615331,4,SYN-ACK,3389,3,-50.57014672204574,guest,0.4938373365195072,303.9902043615628,BruteForce
P002086,UDP,Mobile,Off,ME,1,0,3632.320124658311,7579.425441770169,115.00004592976906,5,ACK,80,0,-40.97546800178374,user,0.14756315422643437,289.1075546315048,BruteForce
P002087,tcp,Workstation,Off,ME,3,2,4994.488144930391,4779.25582061645,139.16400915132934,5,ACK,3389,0,-76.32880593138468,user,0.4376097492358989,313.7268770791219,Benign
P002088,udp,Workstation,Off,EU,2,4,3954.038782984834,4363.826372997639,107.09119315751974,6,SYN-ACK,80,0,-60.513975973999045,user,0.2628545515794787,284.5089878984585,Benign
P002089,tcp,Mobile,Off,ME,1,1,6791.3381462494035,4543.974173564744,93.99019009022487,4,SYN-ACK,143,0,-43.228850906644254,user,0.6350886357617229,273.4859265429545,Benign
P002090,ICMP,Mobile,Off,US,4,2,6816.412275968771,5728.8329457533955,144.22558671656483,6,FIN,80,1,-63.445745555675785,user,0.2418841452609769,286.5836874304284,BruteForce
P002091,UDP,IoT,Off,US,2,3,4503.785095471377,5157.630387540213,143.81468240575558,7,FIN,53,0,-54.208797992576756,user,0.14145311898549212,292.0936788511801,Benign
P002092,,Workstation,Off,EU,2,2,4356.177810417782,5596.3946431549875,133.11119282959868,10,ACK,22,1,-57.581633192733406,guest,0.3839519713039158,300.78513405576564,Benign
P002093,UDP,Mobile,Off,EU,4,1,3284.3026127394623,5541.933480467622,93.177032146762,3,ACK,443,1,-57.884588558393496,user,0.07101007277661858,285.4908054493822,Benign
P002094,udp,Workstation,Off,APAC,3,0,4363.100338835492,5688.064301254637,151.52617239408877,5,SYN-ACK,80,1,-56.81440022254157,user,0.18690479136988175,306.47325791299653,Benign
P002095,UDP,IoT,On,EU,3,4,3140.8812354970996,6603.528376946178,105.28125132277367,6,SYN-ACK,53,1,-63.87416835322868,user,0.3073391915118753,274.9030212949156,BruteForce
P002096,UDP,IoT,On,EU,3,0,6972.982249463317,6462.187317660647,106.94810952860423,7,ACK,443,0,-43.08327673516294,user,0.32055466416974465,315.46389741280524,Benign
P002097,ICMP,Workstation,Off,ME,1,2,5060.034899200109,6996.196327509362,136.62002935024847,6,SYN,143,0,-60.51554192792538,admin,0.19625705664057044,336.2015350448994,BruteForce
P002098,UDP,Server,Off,APAC,0,1,7885.701013166168,7469.850330136012,124.9049545369829,3,ACK,143,1,,admin,0.12280220102903747,322.69617175591225,Benign
P002099,TCP,Mobile,Off,US,4,0,5038.238540007427,6744.99890713692,121.9870366197923,3,SYN-ACK,25,2,-84.33706442147637,user,0.3981575278473273,289.9436717225985,Benign
P002100,TCP,IoT,Off,APAC,1,0,5377.179331301186,5174.695694023337,104.86675556806523,2,SYN,110,3,-69.23804636171228,admin,0.5097355450815186,279.8116300479288,BruteForce
P002101,tcp,Workstation,On,US,2,1,3529.3083838300236,3899.0477434211416,106.56077527710025,2,FIN,53,0,-64.04979583419058,guest,0.3239167316445469,279.15529028848493,Benign
P002102,udp,Server,On,ME,4,1,4498.226527925127,,151.07403618062673,7,SYN-ACK,3389,2,-61.269042375800026,admin,0.185886677056765,295.4679976676479,Benign
P002103,TCP,Mobile,On,US,1,0,4799.920120181544,5565.652321492398,139.42969380422574,2,SYN,110,0,-65.25808794279536,user,0.21444739072916308,315.4934079437827,Benign
P002104,UDP,Mobile,Off,EU,3,0,6426.022809537153,9537.449079538765,92.627548695766,4,FIN,53,1,-65.2016870936431,user,0.548493293003431,251.306053061347,Benign
P002105,UDP,IoT,On,ME,1,1,5802.370374145129,6554.360904275259,150.48061986566307,8,SYN-ACK,80,3,-56.67027085741055,admin,0.631700338377766,344.25317937533225,BruteForce
P002106,TCP,Workstation,Off,ME,1,3,7016.008470963652,8551.532746519057,105.04916704732518,6,FIN,443,3,-46.86111322752066,guest,0.18477726750313408,261.76282509485907,Benign
P002107,TCP,Server,On,ME,2,1,5377.128894303726,1680.2491085841411,115.87015477706024,5,SYN-ACK,21,1,-57.96361614631836,user,0.20843648187777042,276.6131417688269,Benign
P002108,TCP,Server,Off,US,2,1,3723.6634446020407,,67.17551425507014,5,ACK,25,0,-65.82149673645058,user,0.050120013249134815,271.0561691978945,Benign
P002109,TCP,Workstation,On,EU,7,0,4577.889861294252,10786.96845687315,131.00479859361067,7,FIN,3389,0,-55.089957733453076,user,0.2595674678117892,297.77164479767737,Benign
P002110,TCP,Workstation,Off,APAC,3,0,4305.754491483593,,111.0755531230037,5,ACK,80,1,-58.962596866052564,user,0.30386785614004075,280.6293952808481,BruteForce
P002111,ICMP,Mobile,On,ME,4,4,4370.75828856981,4146.4083007803965,132.4700838562554,7,SYN-ACK,22,1,-65.12777974450476,admin,0.14744623252858033,282.96683652724386,Benign
P002112,ICMP,Mobile,Off,APAC,3,1,5424.539368611547,4324.984839187373,81.75431839267898,9,ACK,53,2,-62.9377979527416,user,0.14563452205954588,277.2689390949084,Benign
P002113,TCP,Server,Off,US,2,0,5473.634667497702,9218.188245175774,109.28180816181211,4,SYN,53,2,-65.53337094100866,admin,0.29920909947341207,283.3047594001777,Benign
P002114,TCP,Mobile,Off,EU,2,1,4902.131642860951,4861.364282646752,114.12803095048058,6,FIN,80,0,-67.4703668647254,admin,0.7567288610557174,285.1419794676956,Benign
P002115,UDP,Workstation,On,EU,0,1,5591.35711548328,8080.148183293564,107.5141340496518,6,SYN-ACK,80,1,-63.966942198307855,user,0.17647464807329077,302.49585637570254,Benign
P002116,TCP,Server,Off,ME,2,1,6402.398869047362,3386.392195269783,112.83141366354411,6,SYN,443,2,,guest,0.20903903251016087,306.38227646768775,BruteForce
P002117,TCP,IoT,Off,EU,4,1,3573.3415214991,5102.697456179465,79.05851372267571,9,SYN,53,0,-55.488625254840166,user,0.43215131457522465,254.91353431612418,BruteForce
P002118,TCP,Server,Off,US,5,2,6613.857516481148,3997.7408621799445,144.53514512455004,7,FIN,53,0,-57.285695224318275,user,0.18924523144514468,306.5013039834455,Benign
P002119,TCP,Server,Off,EU,2,0,4746.16614636817,4618.591898891899,122.68332083700216,6,ACK,25,1,-53.194625166054095,user,0.16501306535585175,281.8173852499033,Benign
P002120,UDP,IoT,Off,ME,2,0,6853.946302849166,3884.6294080419048,81.89126809599918,8,SYN,110,1,-58.19011528964938,guest,0.18464066320215022,306.701980517965,Benign
P002121,TCP,Server,Off,ME,3,1,8201.539809830047,5804.184052932177,87.3326777695888,8,ACK,3389,0,-61.12844385971067,user,0.1273875939638121,290.03674613773717,Benign
P002122,ICMP,Server,Off,APAC,0,1,6527.067411021822,3983.9044466364,125.34204587583558,5,FIN,80,1,-58.1577500889737,user,0.29093241562962047,301.20867510251287,BruteForce
P002123,,Server,Off,APAC,1,0,4584.259943058538,3555.8307091807524,134.46364159516625,4,SYN,3389,2,-81.43659439418654,user,0.07176014318078276,286.87112332634484,Benign
P002124,TCP,IoT,Off,APAC,3,1,8293.586715200032,10130.681031275846,130.00835635075765,5,ACK,110,2,-52.680031517857266,user,0.29459379709075817,312.635469685372,Benign
P002125,,Workstation,Off,EU,3,3,4388.111711642808,6109.305189751489,123.00786897080243,3,ACK,80,2,,user,0.3551662635128654,282.37631093432384,Benign
P002126,tcp,IoT,Off,APAC,1,1,6115.745865959394,4256.817365863018,103.3801342067593,2,SYN,3389,1,-60.34171404967284,admin,0.17808070132816292,286.82728058706715,Benign
P002127,UDP,Mobile,Off,US,4,2,5324.45044758047,5895.0307782396885,127.10775339750992,3,FIN,143,2,-58.139968957398224,user,0.2648490100987874,305.6607584711347,Benign
P002128,tcp,Workstation,Off,APAC,1,2,5010.854196049138,10114.455360523925,107.08242670606921,7,SYN,21,0,-60.96431754314078,user,0.46001624150146697,281.5861375823,Benign
P002129,TCP,Workstation,On,ME,1,1,5144.3884278110745,5005.51444130166,93.28383381067893,8,ACK,143,0,-79.1063115500094,user,0.07464476760271042,272.300747249351,BruteForce
P002130,TCP,Server,Off,APAC,1,3,3831.525393641102,10775.498628104255,151.46813862781383,4,FIN,3389,3,-56.062057438139696,user,0.07210593079524157,294.8374288239181,Benign
P002131,TCP,Server,Off,ME,0,0,5647.717602405253,5863.407221677201,95.17605497966755,3,FIN,143,3,-45.021158057677226,user,0.23360980731054487,287.567387106326,Benign
P002132,,Server,Off,APAC,2,1,5089.993918756904,7868.4390044404845,159.53442006718637,3,FIN,3389,0,-54.423666493965655,user,0.27131023416700983,283.8628658121987,Benign
P002133,tcp,Workstation,Off,US,5,1,5161.087122869188,6985.5891619605645,166.36248757807112,2,SYN-ACK,110,1,-54.007578498271116,guest,0.4832566811072683,336.31351736729823,Benign
P002134,TCP,Workstation,On,US,4,1,7794.638176151214,7938.851063163735,96.48260627919431,7,FIN,143,0,-74.65708811780644,user,0.45697202801699144,312.3277406867979,BruteForce
P002135,udp,Workstation,Off,EU,2,0,5970.479708448287,6825.323931126408,63.56595360548103,6,SYN-ACK,3389,2,-59.45973422478222,admin,0.5523968959810226,277.70315883509915,Benign
P002136,TCP,Mobile,Off,APAC,1,1,1839.2941452673658,,98.9791340403653,2,SYN-ACK,110,2,-51.36815371442519,user,0.20654893680400715,271.057714267425,Benign
P002137,TCP,Server,On,US,3,2,3409.940772282993,4979.331255712858,46.77244210405949,6,SYN-ACK,25,0,-77.11220468372706,user,0.1438794916407507,286.2761792773118,Benign
P002138,TCP,Mobile,Off,EU,0,2,5272.380257927709,6856.531254853819,54.998109893526944,5,FIN,53,0,-61.20389039230252,admin,0.5454695353570753,258.4813477111448,Benign
P002139,tcp,Server,On,ME,3,1,5037.851582975071,5716.012420250808,137.32913523807056,0,SYN,53,2,-52.024298106655756,user,0.20921115789826053,275.41757304058325,BruteForce
P002140,UDP,Workstation,On,US,2,0,3778.9258553427017,,87.11353500943918,6,FIN,110,2,-59.22027555506996,user,0.4075203916309933,283.44147106798675,Benign
P002141,TCP,Server,Off,US,2,0,6227.568537302541,4743.319741208685,115.87893630783798,1,SYN,443,1,-65.37835206391523,admin,0.7336692824077871,288.15690557382925,BruteForce
P002142,udp,Mobile,Off,ME,0,0,6441.553022350023,5215.251848962585,97.81080571371467,5,SYN,443,2,-66.95994514238541,user,0.42336765532356235,298.042152834846,BruteForce
P002143,ICMP,Workstation,On,US,1,1,30318.822751413023,6821.90952354885,115.86625548787225,5,SYN-ACK,80,1,-65.54013348370432,admin,0.3337963896541998,294.85128827382835,BruteForce
P002144,udp,Workstation,On,EU,3,1,4399.166097746456,5996.316359094435,147.327609134323,6,ACK,110,1,-77.98426628993288,user,0.08470628457346156,295.77423305565975,BruteForce
P002145,,IoT,Off,ME,4,2,3639.599693046005,5515.905710029163,56.26256400025916,4,FIN,53,1,-53.524856975753345,user,0.051869087168824775,243.4770399615379,BruteForce
P002146,ICMP,Server,On,EU,3,1,4430.852412530216,9155.665555035408,112.75559607169956,3,SYN-ACK,22,2,-68.16642367025891,user,0.1822120483218612,301.0533082186863,Benign
P002147,UDP,IoT,Off,ME,0,1,3114.7228246583018,7537.4191274384975,119.5732006145652,9,ACK,21,1,-52.7976336306285,guest,0.5378715095713523,296.7059805568637,Benign
P002148,TCP,Server,Off,APAC,0,2,4544.595865896229,6576.168763868606,163.44264270085472,3,SYN,143,0,-47.802605739124296,user,0.3924046322316694,319.27595145380064,Benign
P002149,TCP,Mobile,On,EU,3,0,6653.173270909059,9202.656311942377,118.17701595250865,7,SYN-ACK,443,0,-79.92358996010138,user,0.5327443796695571,301.7602308550135,BruteForce
P002150,ICMP,IoT,On,ME,3,1,4306.356536473018,3640.1395483113984,118.42266568689938,5,FIN,21,3,-61.161705581989104,user,0.20270705701839772,306.79828702797965,BruteForce
P002151,TCP,Server,On,ME,1,0,6061.975109713996,5458.262278561992,92.60557331134893,2,FIN,443,0,-62.717509117571296,user,0.708084153570642,294.9748471491863,BruteForce
P002152,UDP,Server,Off,EU,4,1,2472.602101973856,6898.150484456004,78.56337046700942,4,FIN,53,1,-70.49818507946281,admin,0.42627601379775537,256.43069567261017,Benign
P002153,UDP,Mobile,On,EU,1,2,7056.474834953855,8019.7180366057555,119.22655469025935,5,ACK,443,2,-62.908112771876404,user,0.05666234307531224,320.8936452648104,Benign
P002154,TCP,Mobile,On,EU,2,0,5803.536979691312,8503.575639100372,132.03547337861647,3,ACK,3389,1,-60.48261246816096,user,0.497669245927669,284.9548107508542,BruteForce
P002155,TCP,Server,Off,US,2,0,4409.142028361067,2925.7283165501035,172.1047929937103,5,SYN,80,0,-57.997683783025906,admin,0.10377996031687704,292.09052407141667,BruteForce
P002156,TCP,Workstation,On,ME,8,0,4676.114285180948,7816.589075758515,136.80753966690372,3,SYN,3389,1,-54.37962696762173,admin,0.6964525225115389,294.05216060406315,Benign
P002157,UDP,IoT,Off,ME,3,0,5005.9119288439015,1661.9505561407295,157.46070323111616,12,SYN-ACK,110,0,-64.53719284792044,user,0.30331922731431815,342.21058682721684,BruteForce
P002158,UDP,IoT,Off,ME,2,0,4547.125373577214,6318.374928741089,117.81661837354918,6,ACK,21,2,-59.45295397629994,user,0.49915646704389893,283.66617518023355,BruteForce
P002159,TCP,IoT,Off,APAC,0,2,3277.448273200186,3265.1061098148384,117.5008107782909,2,SYN,80,3,-66.66133131932602,admin,0.4587742891101261,261.7098534545123,BruteForce
P002160,TCP,Workstation,On,APAC,1,0,3914.4627601649217,5427.007004153495,102.32523352850072,7,SYN,110,0,-49.73688726996907,user,0.5107993653074682,291.67312787380246,Benign
P002161,TCP,Mobile,Off,EU,0,1,7163.22540218727,,89.84556901360622,7,ACK,21,0,-47.6527617264515,user,0.09312570239612172,300.3452703657679,Benign
P002162,TCP,Server,Off,EU,3,1,3515.4652518224284,7719.408299816238,88.59324701860398,5,SYN,25,1,-45.26491671387478,user,0.4731432787876972,244.63683013238142,Benign
P002163,ICMP,Workstation,Off,APAC,3,1,6961.742544062753,6200.5594044399495,139.17443873507315,5,FIN,22,0,-57.74335858829428,admin,0.10333277933187852,314.87731739640816,Benign
P002164,UDP,Server,Off,US,0,0,3547.271133030623,7768.487737086114,109.00173498243657,8,SYN,25,2,-46.577489548995786,user,0.43062437395756803,286.9926799647884,Benign
P002165,TCP,Workstation,Off,EU,3,0,3497.732616897571,6919.911223610659,127.8833335852762,5,ACK,443,0,-44.32658681235328,user,0.010880141210815734,275.09120563757403,Benign
P002166,UDP,Workstation,Off,APAC,5,1,4562.635876590918,5118.767947734159,98.5825554033297,5,SYN,443,1,-34.92826167871911,user,0.3993593515144588,306.48302431068475,Benign
P002167,TCP,Mobile,Off,EU,4,0,5586.211273307901,10016.13357348006,119.49966994666683,3,ACK,3389,1,-39.428846137727305,user,0.1948527404059969,302.1201134290479,Benign
P002168,TCP,IoT,Off,ME,4,3,5713.4884905431645,1793.1849073657258,113.38420887439747,3,ACK,53,1,-55.68983177457859,admin,0.34977761689994014,296.4442542078343,Benign
P002169,TCP,Server,Off,ME,4,2,5997.97564794674,6761.659925907513,98.14604104688148,3,SYN-ACK,21,0,-62.07971354379371,admin,0.05768708167358426,279.0168177063499,BruteForce
P002170,UDP,Workstation,Off,ME,1,1,2424.1992930956117,5702.106457652315,97.41328809454211,3,ACK,22,4,-85.68488974398008,user,0.28464808530241076,256.15237322449593,Benign
P002171,,Server,On,US,2,1,3772.8779819875654,5384.0978985029005,163.63319654331116,4,SYN-ACK,143,1,-41.5153303099491,user,0.2783484276599881,314.00949895273845,Benign
P002172,,Mobile,Off,US,3,5,6012.540611812442,4760.91408690907,117.08054697952535,6,ACK,21,0,-75.54583895573785,user,0.47315046322589205,305.74117343664784,Benign
P002173,TCP,Workstation,Off,US,1,1,5924.583886141497,10187.220203921077,116.07812779584853,4,ACK,443,1,-47.3303079693028,user,0.28458150741938587,316.6656832615217,Benign
P002174,udp,Mobile,Off,US,0,0,6093.100468631963,10673.750245340336,37.684602841443635,6,SYN,443,2,-62.14008376694309,user,0.1980683786788904,230.92140740980898,Benign
P002175,udp,Mobile,Off,EU,4,1,3227.408648628577,6257.937876215703,75.0807390317909,7,FIN,143,0,-59.43883660872536,admin,0.3772735076239789,282.7887840846528,BruteForce
P002176,TCP,Mobile,Off,APAC,2,2,4138.761246441251,6448.840554986179,148.67890214208418,6,SYN-ACK,22,3,-45.416948851217924,user,0.23818243612651302,299.05938981093584,Benign
P002177,TCP,Server,On,ME,3,1,6428.78415570516,6864.164432689337,139.97939759362447,3,ACK,143,1,-54.071930008467135,user,0.2903717176612331,306.9876662197828,Benign
P002178,ICMP,IoT,On,APAC,1,1,5340.8630682389685,,118.1512687962531,6,FIN,443,2,-63.49497449752025,user,0.4909743940035059,282.94245804649887,Benign
P002179,TCP,IoT,On,ME,3,0,2779.6843596164804,5852.7838735339465,151.98686423376296,3,SYN,25,1,-68.10378438895805,user,0.19539611039921037,296.81848345656533,Benign
P002180,TCP,Workstation,Off,ME,0,2,3525.323977032701,7432.134711806822,43.29112359487982,2,SYN-ACK,21,0,-44.15783592489249,user,0.021828761542820766,221.24274615629616,Benign
P002181,UDP,Mobile,Off,ME,4,3,5498.68151965602,6114.56137351117,80.76693280402785,7,FIN,22,0,,user,0.26560267008714594,303.733843029014,Benign
P002182,tcp,Mobile,On,ME,2,2,6565.738415244272,7881.316009668681,161.71513845209938,6,SYN-ACK,21,1,-55.71867805825899,user,0.08969337491013461,333.5003498963531,Benign
P002183,UDP,Mobile,Off,ME,5,1,2757.427135524202,6972.653998673872,105.83518344789582,6,SYN,443,0,-61.31031261739608,guest,0.5611049043147024,261.4843685208907,Benign
P002184,ICMP,Server,Off,US,2,1,9600.739012395823,5957.030373580274,154.56603070575454,6,FIN,3389,1,-73.64249077349201,admin,0.3667692695196142,320.8861083121083,Benign
P002185,UDP,Workstation,Off,US,3,0,4211.741022068627,8921.14000092659,132.8969474744029,3,SYN-ACK,22,1,-73.96944889664405,admin,0.6208541297650275,272.042396450172,Benign
P002186,TCP,Server,Off,US,2,1,6558.478483806588,6924.7879266048485,110.23703627900476,5,SYN,3389,0,-53.23988942355376,user,0.17039461580764934,299.13348207235185,Benign
P002187,TCP,Workstation,Off,US,3,2,5240.409501312884,3483.181103853939,132.68524602644717,8,ACK,53,4,-63.77957330392509,user,0.1258284513170141,284.72886684440846,Benign
P002188,TCP,Server,Off,ME,4,0,3736.5774530514473,7512.544736296056,174.5340337106925,7,ACK,443,1,-52.395163582808465,user,0.4014108131723472,323.0804877649675,BruteForce
P002189,TCP,IoT,Off,US,2,1,1530.9378981158648,5097.627240431277,132.08518039611482,8,ACK,80,1,-69.27587479708102,user,0.25778044076705975,300.92820003945695,Benign
P002190,TCP,Mobile,On,APAC,1,0,5880.165201162005,6053.9513795491275,129.11259924045862,6,ACK,25,4,-59.66898232968302,user,0.42722798167598175,285.3812906324829,BruteForce
P002191,UDP,IoT,On,ME,2,2,5536.146253818661,7556.249581268337,160.67679189382383,6,FIN,21,3,-50.57651405408623,user,0.38590302163551615,299.3912618584165,Benign
P002192,UDP,IoT,Off,APAC,2,1,1256.9999153841964,5994.309784476683,131.1390445718878,6,ACK,22,0,-60.45278366700046,user,0.11396310793569134,300.55455187582805,Benign
P002193,udp,Mobile,Off,ME,3,0,5705.318452274862,8415.915286341802,134.96732021940528,1,SYN,53,0,-67.448139730946,user,0.35193532602994954,299.03760232044135,Benign
P002194,UDP,Server,Off,US,0,0,3107.7152617833417,2405.4640497934233,141.77846277329562,4,ACK,443,1,-80.89590745427317,user,0.48446175081906306,307.8450033182784,Benign
P002195,TCP,Server,Off,EU,1,1,8249.38732747786,7020.134259390523,130.89595898025036,5,SYN,53,2,-57.54695757488139,user,0.3831614372635129,325.33439061475144,BruteForce
P002196,udp,Mobile,On,APAC,5,1,4512.090805101427,5471.12231007016,120.6651812388496,2,ACK,25,1,-43.054174957510725,user,0.23450535119093655,261.3465045924578,Benign
P002197,tcp,Server,Off,ME,3,1,4419.525390344553,6361.184481533443,99.29705993003756,3,ACK,53,0,-58.380587791888615,user,0.25754604909323486,275.72332566191517,Benign
P002198,TCP,Server,Off,ME,1,2,6149.594179078356,2449.6127061535467,151.94325611073788,8,SYN,21,2,-70.40748549560259,user,0.3826852932347027,313.17805537828764,BruteForce
P002199,,Mobile,Off,EU,2,1,2637.4451329489016,9708.846345248952,83.09510738144422,3,ACK,110,0,-59.24913296252377,guest,0.18129590474159643,257.95734989080165,Benign
P002200,udp,Server,Off,US,6,2,4515.37367234809,6532.425496060004,83.58277633071788,3,SYN,143,0,-61.468855712548056,admin,0.5128474627941458,260.5551634986708,Benign
P002201,UDP,Workstation,Off,APAC,0,1,4764.999968763659,7182.7943801838965,147.264829669111,7,SYN,53,1,-83.82665104224483,user,0.23656609903667403,296.3224339308827,Benign
P002202,tcp,Workstation,On,APAC,1,2,4787.232862487801,,156.6861261790579,3,ACK,53,1,-73.2412431946073,user,0.47595574099363686,316.13447962266827,BruteForce
P002203,UDP,IoT,Off,US,3,0,6291.7579842423265,2147.0321900646777,108.28359931561845,6,SYN,110,0,-55.080623171702996,guest,0.3112311266098014,291.14510149910717,Benign
P002204,TCP,Workstation,Off,APAC,0,1,4686.24436070108,5644.8989501587685,86.36195088520569,4,FIN,110,0,-59.988766656568814,user,0.2675279413373329,259.284150092397,Benign
P002205,ICMP,Mobile,Off,US,1,0,5016.57556636373,9322.151021968271,125.26256364824833,7,ACK,143,2,-56.963221637209294,user,0.3622665096185548,285.5441917896196,Benign
P002206,TCP,Server,On,ME,2,1,4743.02985417504,11488.57375204765,100.33252784884128,9,SYN-ACK,22,2,,user,0.2030741308932376,246.7292228872962,Benign
P002207,TCP,Mobile,Off,EU,2,1,4018.627204246401,6468.8118866950645,151.82141275829656,6,SYN-ACK,53,0,-51.03954154751125,user,0.09709123762509465,293.23253591137023,Benign
P002208,ICMP,IoT,Off,APAC,1,1,5617.87106476026,5574.683348715583,151.18676414845748,9,FIN,53,1,-67.79094243911214,user,0.114451986748431,335.3747830907082,Benign
P002209,ICMP,IoT,Off,APAC,4,1,2684.852891661776,3047.7669469210678,113.63063054712705,5,ACK,80,2,-57.451264723088144,admin,0.10667662286282702,255.7635590941349,BruteForce
P002210,UDP,IoT,Off,EU,4,1,3403.9764985277693,6455.2659499517895,116.63137407704815,6,FIN,443,1,-60.578654470071776,admin,0.13328084464493709,287.845436896755,Benign
P002211,ICMP,Server,On,ME,2,0,3380.595068677444,7188.582173021849,151.30286671448863,8,SYN-ACK,110,1,-52.482079298607324,guest,0.06758775097951293,334.8615430331597,Benign
P002212,TCP,Workstation,Off,ME,5,1,5824.566612006301,6834.154037327235,88.91252937858476,3,SYN,21,1,-62.378760008959276,admin,0.41966638049616184,283.74360161659916,Benign
P002213,,Workstation,On,EU,4,1,4575.599269701046,4934.0914994080085,96.82446630989926,5,SYN,53,0,-65.94117590706573,admin,0.6168165398159285,274.9923789169124,Benign
P002214,TCP,Server,Off,US,2,2,4491.815106867437,2526.031607633438,96.00781723559507,8,FIN,110,0,-56.1251216788674,user,0.25207665909942417,272.0238473889478,Benign
P002215,,Server,Off,US,4,2,7376.964539335222,6317.868371129381,144.3652965550785,3,SYN,143,1,-80.66457032782952,user,0.1799439095420808,300.81231087622666,BruteForce
P002216,UDP,IoT,On,ME,3,1,6487.978619621387,5537.714377966093,102.12647935907614,3,FIN,110,2,,user,0.48477965658523,303.455829556512,Benign
P002217,UDP,IoT,Off,APAC,4,3,5865.271501667334,4970.635776225554,143.3650861597983,6,FIN,22,2,-55.461182466560636,user,0.39668546560038903,311.02483043843387,Benign
P002218,UDP,IoT,Off,EU,0,1,5071.009998752769,6387.585821582711,93.67949182068482,6,FIN,53,1,-47.034206633282196,user,0.02424599074389126,261.235439550688,Benign
P002219,TCP,Workstation,Off,US,1,1,2584.1851203377746,6789.595819192442,105.59841507907888,6,SYN-ACK,3389,1,-72.18562640038483,user,0.10154046463522515,278.4980464448237,Benign
P002220,TCP,Server,Off,ME,3,0,3119.50476641147,5116.558594232743,127.62448570143832,3,SYN,25,3,-57.45116521765601,user,0.29678664969042096,257.66788344604106,Benign
P002221,UDP,Server,Off,US,1,2,5878.287656602602,2489.217102460475,86.2349460511702,5,ACK,80,0,-35.31404520706464,user,0.20529004911965618,272.26840541414725,BruteForce
P002222,TCP,Server,On,EU,0,0,5726.03892603386,,102.08979167407512,3,SYN,143,0,-58.53851218960481,user,0.44580281801502547,300.8777868023231,Benign
P002223,UDP,Workstation,Off,APAC,4,1,4584.083246955903,8369.025108370417,86.53611334405825,4,FIN,143,0,-35.28848397720886,user,0.08289261581043045,257.8633994143936,Benign
P002224,tcp,IoT,Off,APAC,2,2,2799.4119989715045,4944.93287866778,168.26496246919268,4,SYN-ACK,3389,1,-67.33332297517265,admin,0.27871792825297137,307.7329691243932,BruteForce
P002225,udp,Workstation,Off,EU,0,1,6221.442493562469,7945.3812898962515,136.0006845396724,7,SYN,22,1,-45.39279002450645,user,0.27227652374738526,297.87901204366574,BruteForce
P002226,TCP,IoT,On,US,3,1,3918.394212746849,7416.014923437254,93.04092238769128,8,ACK,110,0,-63.01563255877677,admin,0.6279735625321266,298.9861796721317,Benign
P002227,TCP,Server,Off,ME,1,1,3348.7583125254987,2027.8108650817912,747.347691772919,7,SYN,25,1,-63.06619990172486,user,0.1599766669241543,305.3851942537473,Benign
P002228,tcp,Mobile,Off,APAC,3,1,6181.666577868724,3629.0838270752847,100.66387391892872,2,ACK,3389,2,-47.23053956176258,user,0.23411676598796252,307.2364842018005,Benign
P002229,udp,IoT,On,APAC,2,1,4403.547206403545,7954.122472259389,117.7198674285995,6,SYN,443,0,-53.8452882017592,user,0.18018521192417572,285.9003927675352,BruteForce
P002230,TCP,Mobile,Off,APAC,2,0,5883.54725052901,5941.890792170688,145.74188633891833,7,FIN,110,1,-84.25569729676022,admin,0.6207031049228473,318.1466962458837,Benign
P002231,tcp,Mobile,Off,US,0,1,6387.528406314185,4185.935456060288,112.47717392795656,7,SYN-ACK,3389,0,-44.61573224733389,user,0.1385147101303907,321.3806079215559,Benign
P002232,tcp,Server,Off,EU,5,0,5139.777720727797,7203.368045525653,112.89705577562111,4,ACK,25,1,-61.79118476075627,user,0.42762184173562096,289.7025069733438,Benign
P002233,tcp,Mobile,On,APAC,1,0,5558.724873439977,5160.474060816279,154.75919540178208,8,SYN-ACK,110,0,-53.93974289387363,user,0.37427085769391427,320.02053751207666,Benign
P002234,UDP,IoT,Off,US,4,0,3506.448754207544,9870.946876457185,116.86192242047731,5,SYN-ACK,110,0,-59.26356666932607,user,0.378446762001767,300.3153385062091,Benign
P002235,TCP,Server,On,EU,2,0,4635.207681885869,7821.005984938909,102.46316171963818,7,ACK,22,3,-64.51524560459325,user,0.04947351322186895,295.0461912643194,Benign
P002236,UDP,Mobile,Off,APAC,2,1,2246.1290668643765,5484.06597992073,82.56378347922237,4,FIN,443,2,-42.97673952229375,user,0.11482158928796875,284.6891930811269,Benign
P002237,tcp,Workstation,Off,US,2,1,5215.823558758148,5597.075594157991,123.81299191800221,8,SYN,80,2,-46.78049309869731,user,0.3045404490201523,315.58246759230565,BruteForce
P002238,,Workstation,On,US,4,1,4809.554067443316,7847.165198795767,157.86128901550114,8,FIN,110,1,-70.9139606992804,user,0.10675182873604343,302.4093786323692,Benign
P002239,TCP,IoT,Off,APAC,3,2,5415.9700427937405,8218.784324979722,163.79931596318295,2,SYN-ACK,110,1,-41.30155778899075,user,0.138640623817754,313.42081803695265,Benign
P002240,TCP,IoT,Off,APAC,1,2,4907.747328313484,4158.57741983155,143.9952084865569,2,SYN,21,4,-65.11691171469609,user,0.5791178143559402,280.0296098706032,Benign
P002241,UDP,IoT,Off,EU,1,0,4429.137717711805,7360.1824802543415,158.5188369566066,4,ACK,110,2,-75.92073911081758,user,0.10700619513459216,329.82068077748005,Benign
P002242,udp,Mobile,Off,APAC,2,1,7748.610871464522,7507.26195837148,82.930521113268,6,SYN,80,0,-56.90071363547746,guest,0.5374214981838251,275.48339389947233,Benign
P002243,TCP,IoT,Off,ME,2,3,2978.0238522662207,8579.136889710322,109.10977270439533,5,SYN-ACK,25,1,,admin,0.6729517533553169,265.25051676793316,BruteForce
P002244,tcp,Mobile,Off,ME,0,0,5417.972831898899,5285.966539580505,144.0473438173073,3,SYN-ACK,53,1,,admin,0.2155234322498054,290.42477707444937,BruteForce
P002245,TCP,Mobile,On,EU,3,1,4672.854738486453,3449.7419302340227,36.84682428291845,4,SYN,143,0,-41.96495980214821,admin,0.23191051092859824,229.03428113883157,Benign
P002246,tcp,Server,Off,US,1,1,6603.3576450255205,7150.286643919775,143.26853952372088,8,SYN-ACK,25,3,-45.93095179191905,user,0.40438800682354575,324.73547901593207,Benign
P002247,TCP,Server,Off,US,1,0,5270.047145570566,10699.772016253297,143.36963236174245,5,SYN-ACK,443,0,-56.33857073317953,admin,0.31483009620843194,276.72452386621194,BruteForce
P002248,TCP,Mobile,Off,EU,0,1,6685.885988788773,7246.596116270849,102.34682273755291,6,ACK,443,3,-68.84216844956244,admin,0.36620803480049585,286.0730475981775,Benign
P002249,tcp,IoT,Off,US,1,2,6903.9156652468055,5837.6216910496505,91.75422895928656,1,ACK,53,0,-45.58221131437274,guest,0.26694357527317286,292.29604600981736,Benign
P002250,tcp,Server,Off,APAC,6,0,6338.422918967359,2104.685375469496,87.4075776558746,4,FIN,80,1,,admin,0.16965125242621232,319.4020723703868,Benign
P002251,TCP,Mobile,Off,ME,0,0,5801.575981681804,7571.628943564329,109.53609382099535,5,FIN,110,0,-70.6709838319934,user,0.24951965040596175,287.44725587461267,Benign
P002252,tcp,Workstation,Off,APAC,2,1,3622.557137802683,7659.458507978998,137.83200373122514,6,SYN-ACK,53,5,-71.12933133481577,user,0.6144530765223324,285.1232582539393,Benign
P002253,,Server,Off,EU,0,1,5973.827833365545,4809.001998944324,125.20106583952278,4,FIN,21,0,-46.795760008381215,guest,0.4216175909414693,287.2226456092056,Benign
P002254,UDP,IoT,Off,ME,2,1,4754.011183123795,7526.0979712575745,174.5340970402026,2,FIN,21,1,-76.09447894027791,user,0.6926100658285507,334.2530876757174,BruteForce
P002255,ICMP,Server,Off,APAC,1,1,5146.8327553144145,4616.522997952242,111.05388340090428,7,SYN,110,2,,user,0.1532115751742944,322.63730522336994,Benign
P002256,tcp,IoT,On,US,1,1,5061.089083949366,4127.091356959283,143.10608405981515,4,FIN,110,1,-53.59733616992912,user,0.14603125896739289,289.6681707056325,Benign
P002257,ICMP,Server,Off,US,1,1,5514.845403046086,6436.335194677413,70.54640534760642,5,SYN-ACK,3389,0,-47.34366237316223,admin,0.14695847161356518,269.2244382425136,Benign
P002258,TCP,Mobile,Off,US,2,4,3652.701922011804,8680.649132656821,154.0829129116426,3,SYN-ACK,143,0,-57.47585905049741,user,0.41389143289123365,295.3355322820914,BruteForce
P002259,UDP,Mobile,Off,US,3,0,3832.407948909333,6246.92113064408,119.24031095778365,2,FIN,80,1,-69.86505340459833,user,0.5993887901719392,298.6483417046581,BruteForce
P002260,tcp,Server,Off,APAC,0,1,7197.840931140041,2234.847522790663,167.1390531666317,8,SYN,21,3,-36.3585493148382,user,0.32936118036513096,356.96058251163277,BruteForce
P002261,udp,IoT,Off,EU,4,2,4093.789305918139,,143.1224946492486,9,SYN-ACK,110,1,-61.36268417469134,admin,0.7034145939071761,299.5130288490431,BruteForce
P002262,TCP,Workstation,Off,EU,1,1,6335.316981119917,2568.773651795819,129.31327757664909,7,SYN-ACK,110,0,-77.47796121749028,admin,0.2963822748989137,305.1536709462498,Benign
P002263,TCP,Workstation,Off,US,3,1,6670.801538679207,6370.8916444788365,153.94215363387855,4,SYN,443,3,-62.51916306893245,user,0.12473659635829895,314.6798688743475,Benign
P002264,ICMP,IoT,Off,ME,2,1,4907.64219760284,4190.691518405784,87.98692616261519,4,ACK,110,3,-72.33998449450462,user,0.1406714835682416,259.9883546828465,BruteForce
P002265,,Server,Off,APAC,4,2,4115.260668414348,4343.780299410864,85.87158268518914,4,SYN,25,0,-53.77128227673812,guest,0.2271437571128372,268.918500918178,Benign
P002266,TCP,Mobile,Off,EU,3,1,4411.614477288859,4996.363129844801,101.02828453404945,4,SYN-ACK,443,2,-63.73557920062807,user,0.21925371400817084,280.27038600285215,Benign
P002267,UDP,Mobile,On,ME,1,3,2277.997799188101,4334.766392518463,136.55303547192253,5,FIN,22,2,-76.55890808600591,user,0.36451961752658557,299.818365582743,BruteForce
P002268,TCP,IoT,On,APAC,3,2,5188.31702204087,5724.085836691856,66.62076863563162,6,SYN,53,0,,user,0.12357068163074536,236.88531288877007,Benign
P002269,UDP,IoT,Off,ME,2,0,5548.09883620182,8270.54076816295,141.3960586651018,1,SYN-ACK,22,0,-67.96801676299174,user,0.25961528386105454,265.41455001071097,Benign
P002270,ICMP,IoT,Off,APAC,1,1,4596.311404046569,5788.909478204099,81.29062524787912,4,FIN,143,0,-45.168329844481796,user,0.5269654171856875,288.1693190276069,Benign
P002271,TCP,Workstation,On,ME,1,4,6886.212238181173,11137.06120070389,103.75788012857907,5,SYN-ACK,21,2,-45.03408565044546,user,0.05477642568416902,261.329556822778,BruteForce
P002272,UDP,Server,Off,APAC,2,1,6410.352004925941,5657.84427689483,138.26525732027218,3,FIN,3389,0,-66.72720172737581,user,0.2984899939134803,299.3930453357475,Benign
P002273,tcp,IoT,Off,US,1,1,4195.3078607236,3793.92229581359,116.51082615388002,6,SYN,53,1,-52.26326543815007,user,0.2950033127995756,270.54655145265446,Benign
P002274,TCP,IoT,On,APAC,1,1,3303.9867659382626,,167.32774729314085,5,FIN,53,1,-56.026877018388575,admin,0.3199064865619307,330.4274668845242,BruteForce
P002275,TCP,Mobile,Off,EU,2,2,5480.021268124268,5065.994076044579,103.93533727026261,5,FIN,3389,2,-65.92969641257785,admin,0.17100858211071313,272.3231788568466,Benign
P002276,tcp,Workstation,Off,US,0,2,5351.977563781512,6765.159204921212,119.47188950730238,3,FIN,143,0,-77.71375495044899,user,0.41614719345522555,284.55982435951796,Benign
P002277,UDP,Mobile,Off,APAC,1,1,6026.647868710506,4518.672210166093,140.81473340100732,5,FIN,443,1,-61.149104334332655,admin,0.3892070721811687,305.751519007645,BruteForce
P002278,TCP,IoT,On,APAC,2,2,7366.343275355581,7974.898981496705,123.73639896320469,8,SYN-ACK,21,0,-57.086985296794744,user,0.2094730672292177,282.25578600911535,Benign
P002279,udp,Server,Off,ME,2,1,6154.7986247187455,5198.812011566691,129.28911570246598,2,ACK,110,0,-77.96645462993436,admin,0.10080033856184568,289.794853533981,Benign
P002280,tcp,Workstation,Off,ME,5,2,5421.518504371384,3914.753219633836,161.48902545781542,3,SYN-ACK,53,2,-58.96873074030028,user,0.20343146662378608,305.3434092010998,Benign
P002281,UDP,Mobile,Off,ME,1,0,4116.192791136368,8012.9808907653405,136.47291539266502,5,SYN,143,1,-55.86579489653614,user,0.09556587583354431,299.19358400720165,Benign
P002282,ICMP,Workstation,Off,US,2,1,5068.325068320338,6885.897812752002,139.43622304636256,7,SYN-ACK,3389,0,-48.874019045395556,admin,0.4275647918312799,307.4223066104809,Benign
P002283,TCP,IoT,On,EU,1,2,7049.6960803169595,7227.980817304777,89.66405642926155,3,FIN,53,2,-82.09562113061003,user,0.3093009995610655,295.27956032247596,Benign
P002284,UDP,Workstation,Off,ME,3,1,6432.369373325308,6889.33275016398,117.18498457599992,5,SYN-ACK,110,1,-67.9324943449815,user,0.12067359008027657,288.5467473867195,Benign
P002285,TCP,Mobile,Off,ME,2,3,4418.474839335066,10039.905637687913,160.00636714899937,6,SYN-ACK,443,1,-40.993614649931075,user,0.41603942446128783,306.74990450469375,BruteForce
P002286,TCP,Workstation,Off,US,5,2,4153.866707253149,,111.3217750820268,2,FIN,3389,1,-51.89797850668715,guest,0.15614576573885106,271.6811041304094,BruteForce
P002287,TCP,Server,On,APAC,2,1,4963.943332661386,4184.075968577318,101.6869211459511,4,SYN,3389,2,-59.961307813956175,guest,0.4984495502834146,285.689200689686,BruteForce
P002288,TCP,Server,On,APAC,2,2,5256.07404929417,3172.0535638467486,136.09764035712385,2,FIN,143,1,-61.92294424051156,user,0.14337691132027444,288.38360103954864,Benign
P002289,TCP,Workstation,Off,EU,4,0,7040.9942395386215,6057.125502870667,109.59470662513331,7,SYN,25,1,,guest,0.23232282341222388,289.9448398151925,Benign
P002290,UDP,Workstation,Off,EU,0,1,7605.288167582037,4245.963753639752,105.45746933761748,7,FIN,53,0,-41.69911019310973,user,0.1821430455624283,301.0665836498542,BruteForce
P002291,TCP,Mobile,Off,APAC,3,1,5632.5071404923365,4399.939159114375,98.67407765884597,11,FIN,3389,0,-51.60706515466918,user,0.04686441167327602,296.52542934049495,Benign
P002292,TCP,IoT,On,ME,0,1,6471.765952625928,1485.5142404836643,145.40382607097663,4,ACK,22,0,-51.10467260517824,admin,0.5086703527694421,322.6093227311487,BruteForce
P002293,,Workstation,Off,ME,3,3,1487.4612385198247,6155.03632134975,118.13653303330703,4,ACK,3389,2,-69.56577906718613,user,0.06278511924798769,250.36720348617231,BruteForce
P002294,UDP,Server,On,US,2,0,6586.417086767941,9853.883442312024,185.04942439047096,6,SYN,443,1,-48.87511142875718,user,0.3278515560855714,336.73960951284363,Benign
P002295,udp,Mobile,On,EU,0,0,1410.0211501822318,6039.889223286092,130.17717238284456,6,FIN,80,2,,user,0.5548614927121541,302.22370628473,BruteForce
P002296,TCP,Workstation,On,APAC,2,1,5244.018553735554,5232.0980195913735,72.50219591956841,7,FIN,143,1,-66.15187911191393,user,0.17808652214800014,235.53518234825734,Benign
P002297,UDP,Server,Off,EU,1,1,4920.376882925129,7720.298994462134,121.83798691718225,4,SYN,143,1,-58.50936197174885,user,0.24698232602248568,261.2926031053194,Benign
P002298,UDP,Mobile,Off,APAC,4,0,2590.653298882798,8053.196402875032,123.58640789400489,12,FIN,53,0,-52.404044460284126,user,0.6250671323053807,298.17055001571543,BruteForce
P002299,tcp,Mobile,On,ME,1,1,4078.461924525097,5481.212324207008,99.26717236824976,6,SYN,3389,1,-55.56965528752484,user,0.41001123718593707,278.3425421239397,BruteForce
P002300,tcp,Server,Off,APAC,5,1,5540.151094383591,4730.634973049738,101.16158929331324,3,ACK,443,0,,guest,0.49548069135189843,273.35114309598214,BruteForce
P002301,tcp,Mobile,On,US,1,1,5037.659060899203,7184.705348066427,136.28309086443082,5,SYN-ACK,25,1,-71.65858660893424,user,0.22591832376188806,312.54250718772363,Benign
P002302,tcp,Server,Off,ME,2,0,3820.0913159630018,976.8878963079005,176.94586501214684,7,SYN-ACK,53,1,-56.7647796649495,user,0.2620450229813965,333.7650025318402,Benign
P002303,UDP,IoT,Off,APAC,3,3,2894.9718054595774,3605.0625016695585,204.22202216758842,4,ACK,443,2,-63.84784079016269,user,0.41701916087295143,333.38285372494926,Benign
P002304,TCP,Workstation,Off,ME,1,0,5231.0267845322805,,75.6594624107079,6,SYN,110,0,-46.415127098416875,user,0.20180227279761506,268.8750732938932,Benign
P002305,,Server,Off,US,0,3,6685.981579228018,9723.828353014633,125.83484241886248,3,SYN-ACK,21,2,-58.32631538708445,admin,0.26822438779291513,297.7548265488673,Benign
P002306,tcp,Workstation,Off,EU,1,1,4127.41183802697,8950.430824341362,129.9181818690295,2,ACK,21,0,-61.42201169323808,admin,0.29760672457318493,259.9453738517395,Benign
P002307,TCP,Mobile,Off,ME,2,1,5170.449930261254,,156.4205311153632,8,FIN,3389,0,-65.40213728121542,user,0.10650386621762951,334.79810069709185,Benign
P002308,ICMP,Workstation,On,EU,1,1,3155.9093650169025,4359.01319563201,155.61615987805396,2,FIN,25,1,-56.77014030607758,user,0.0632436024243437,314.17040378364254,BruteForce
P002309,TCP,Workstation,On,APAC,2,1,5333.450964548998,9676.402444526564,132.937552270603,3,SYN,21,0,-49.25504349286689,user,0.20252219786845796,288.73194966579376,Benign
P002310,ICMP,Server,On,US,2,1,4794.826650470754,4735.289136080914,135.90040203080943,6,SYN-ACK,3389,1,-53.31671665729234,user,0.2618545695701645,299.0132724866249,Benign
P002311,UDP,Mobile,Off,APAC,1,3,4001.245369168723,7489.508054373104,99.80000018098255,0,ACK,21,1,-60.59478384456701,user,0.4007841607401852,251.40719422483312,Benign
P002312,UDP,IoT,On,ME,4,0,4408.889706635239,4786.29141019509,111.68464090737322,3,SYN,25,0,-52.057833031689185,admin,0.09821173766961287,291.8651858137901,Benign
P002313,udp,Mobile,Off,ME,2,0,5876.601666791102,6162.615765824452,123.98783701590968,4,FIN,22,0,-74.56342541304882,user,0.057717998617549136,293.13379896513806,Benign
P002314,TCP,Server,Off,ME,2,0,4895.612847423565,7609.562136829583,88.10601951229484,2,FIN,3389,1,-56.241257056136185,user,0.37236728597731605,281.01506710528446,BruteForce
P002315,TCP,Server,Off,EU,1,1,3996.8688594758455,1806.7034173615757,186.1011917849077,4,ACK,110,1,,user,0.5933022922365453,356.59737539922554,Benign
P002316,tcp,IoT,On,APAC,2,1,4484.2383160639665,6319.896456560682,90.52692346233219,4,SYN-ACK,110,0,-50.366887741334324,guest,0.21222023378315416,287.52731658739134,BruteForce
P002317,TCP,Workstation,Off,EU,3,1,5271.624029130916,5892.244060488627,98.73837468910071,6,FIN,25,1,-59.86153086508823,user,0.4963190776864108,263.66542015455826,Benign
P002318,TCP,Workstation,Off,EU,1,0,5756.864295442843,4783.6372368159355,115.51098648925606,3,SYN,21,1,-58.08248761000313,user,0.0821532915667671,302.20973120315887,Benign
P002319,udp,Mobile,Off,EU,0,1,5550.376354934025,7077.414500437715,110.47649925345544,2,FIN,143,0,-50.90934895257338,user,0.164759117993188,293.54535076507636,BruteForce
P002320,TCP,Server,On,US,1,0,5268.988009241253,3912.606142645345,106.45632013982257,6,ACK,443,3,-66.771693415288,guest,0.09681105060304923,295.3819275850405,Benign
P002321,UDP,IoT,On,EU,2,1,2409.996693697437,4103.709913342181,128.5684960067476,7,SYN,22,0,,user,0.18566343369851993,267.3016160049167,Benign
P002322,tcp,IoT,Off,EU,1,3,5113.020006218204,4798.028196186988,123.34603105805478,6,SYN,25,0,-85.5020919710417,user,0.2812153551586396,282.87206867143976,Benign
P002323,tcp,IoT,On,ME,1,0,3370.4598824752175,2440.773683895702,107.74264296090217,5,SYN,443,2,-64.62977088199575,user,0.17275435794425167,253.81985564601632,Benign
P002324,TCP,Workstation,Off,EU,2,1,7259.692680669341,6512.157550393262,147.94676268258118,7,SYN,80,3,-66.21090170736284,user,0.547330543778397,330.34441131339037,Benign
P002325,UDP,Mobile,Off,ME,4,0,7184.110719733781,7619.353966243118,101.36053245573719,8,SYN,443,2,-54.824265444301886,user,0.05047926413614396,303.7330372721395,Benign
P002326,TCP,IoT,On,EU,3,1,2672.325897136261,6389.177084944719,126.28736641085125,5,SYN,3389,0,-58.47617824286576,user,0.34472491973260727,277.55823938306014,BruteForce
P002327,udp,Workstation,On,ME,3,2,5943.45142684716,8295.70885774795,99.44153719857036,8,SYN-ACK,80,1,-57.3583190124761,admin,0.4309665900435497,288.84169398792875,Benign
P002328,UDP,Mobile,Off,APAC,3,1,3849.8557374389447,5839.302134334242,92.51460361747333,5,FIN,21,0,-47.55921948523327,guest,0.12122112099651018,291.80946700524646,Benign
P002329,TCP,Server,Off,ME,1,2,3851.70269441926,5550.514371887473,57.81708443036541,3,SYN,3389,1,-76.67571135236327,user,0.10345229833714244,245.2505711941354,Benign
P002330,TCP,Workstation,Off,APAC,1,0,6020.071868400577,2490.9206139860235,134.3921866373577,6,ACK,110,2,-40.4507585634307,user,0.2811656243319348,290.76475132548416,Benign
P002331,udp,Server,Off,ME,2,3,6481.6443019526105,7467.106805083563,161.06890159741624,4,ACK,80,0,-49.513294302789944,admin,0.485333896943152,319.5297347466491,Benign
P002332,UDP,IoT,On,ME,2,1,5757.693346372785,6145.894791956631,156.82573943602605,4,SYN-ACK,3389,0,-69.63445521310098,user,0.1230859714213206,310.38642181576495,BruteForce
P002333,TCP,Server,On,APAC,2,1,4294.742985098218,,142.36701095342968,4,ACK,143,0,-64.52225183651575,user,0.4789961499911021,288.43899112099376,Benign
P002334,ICMP,Workstation,On,APAC,2,1,4148.300690328196,9421.635664713702,93.9031942029326,4,FIN,143,0,-51.83554039867532,user,0.09390927840837195,266.8046825267078,BruteForce
P002335,udp,Server,Off,APAC,2,1,4161.29218883987,8384.51097301796,101.8160476955112,3,FIN,143,2,-72.26446180291168,user,0.5810124327637485,257.7789198798446,Benign
P002336,TCP,Mobile,Off,EU,1,0,4898.652436453863,4052.3070904331666,99.05408282371421,2,SYN-ACK,110,0,,user,0.13087414158257857,291.702360851122,Benign
P002337,tcp,Workstation,Off,ME,1,1,7600.851455879022,4976.313985264485,99.03110572002245,7,ACK,143,1,-58.89995421824366,user,0.2199027620669097,287.3279669520159,Benign
P002338,TCP,Workstation,On,EU,1,1,6221.335884729489,9940.218904798512,94.54417345777483,4,FIN,22,2,-68.08032349548147,user,0.20085634138871997,254.51495611706986,Benign
P002339,UDP,IoT,Off,US,5,2,7019.733625122465,3745.5513814579385,164.41652833216523,4,ACK,3389,0,-76.44330837046803,guest,0.30895129942320954,341.9172182871069,Benign
P002340,UDP,IoT,Off,EU,1,1,6639.045564519706,8249.472246605132,99.39603362324041,6,ACK,3389,1,-64.3507254802371,user,0.19975258450259042,272.6976984917702,Benign
P002341,TCP,Mobile,Off,US,2,2,4734.813357617122,5516.138555828384,139.64907154047427,5,FIN,25,1,-54.693515468849235,guest,0.48700117767646883,289.8848229059323,BruteForce
P002342,TCP,Workstation,Off,APAC,1,1,27009.591486725476,5115.228671036976,130.02848597987077,5,SYN,22,1,-58.00956732963508,guest,0.29307658630007005,316.93398613758535,Benign
P002343,TCP,Workstation,Off,ME,1,0,8241.994744773176,,137.04004677460574,2,SYN-ACK,21,0,,user,0.40233650094147005,286.74453926652035,Benign
P002344,ICMP,Workstation,Off,ME,2,0,7095.624039111142,,106.50549956882344,9,SYN,53,2,-77.48004050431382,user,0.1772234968192686,302.8246663760274,Benign
P002345,udp,Workstation,Off,ME,1,0,6162.22525663943,3338.8033024269075,93.692414755026,8,ACK,22,0,-60.11877504543082,guest,0.40243857455176885,278.3411514347095,Benign
P002346,TCP,Mobile,Off,ME,3,1,3988.5115563120326,6431.735293000182,65.64675558841046,7,FIN,53,1,-61.73271191683724,admin,0.4050048687311086,273.39263167258065,BruteForce
P002347,TCP,Server,Off,APAC,2,1,4360.323170044056,8647.81462918147,107.73804687570158,7,ACK,22,0,-72.37222352695828,user,0.12402491831990736,266.94815135460965,BruteForce
P002348,UDP,Server,On,ME,0,1,3663.8549888469356,8819.745875237015,124.99419017186943,6,SYN-ACK,110,2,-54.30403536084795,user,0.07336508422232932,313.2381034199079,Benign
P002349,UDP,Mobile,Off,ME,1,1,5882.550715284042,3104.0734127210912,123.10725479366982,7,FIN,25,1,-47.70122213722236,user,0.12091011914053465,275.73049549104394,Benign
P002350,TCP,IoT,Off,EU,2,0,4359.990754040511,3178.952250811379,126.6556869887002,3,SYN-ACK,25,0,-65.56528026185535,user,0.2115267983681869,298.0849135124988,BruteForce
P002351,UDP,IoT,Off,APAC,2,1,4568.5891141636785,5274.127645463679,120.78523451075856,4,SYN-ACK,110,0,-56.02891222949556,user,0.21658268015460264,338.7205674540053,Benign
P002352,TCP,IoT,Off,US,0,4,5512.258529142697,6503.974715265838,132.5052689842805,9,ACK,143,1,-51.17192676392604,user,0.5355971379771234,304.43265336510973,Benign
P002353,udp,Server,On,APAC,2,1,4567.406215032495,4733.252735345836,62.935703984430994,3,SYN,110,1,-63.42847272877206,user,0.2849903977304799,242.29147183241864,Benign
P002354,TCP,Server,Off,US,1,1,6486.246746381157,2991.8577800172625,124.10798409488154,5,SYN-ACK,53,0,-65.50932005485431,user,0.4931801770791109,299.53369336810454,BruteForce
P002355,,Workstation,On,EU,2,2,3846.178060913293,2994.5630795917436,118.72654124091935,4,SYN-ACK,25,2,-61.11710601555037,user,0.271721419153406,286.26649926497583,Benign
P002356,udp,Mobile,Off,US,1,2,4161.584684238316,6977.048387520705,165.08968260417225,5,FIN,21,1,-48.7484566311953,user,0.20488419207196207,312.90143137252556,Benign
P002357,TCP,IoT,Off,ME,2,1,7482.362985370999,8890.149594923174,117.81762262277009,7,SYN,110,1,-53.171294929033145,user,0.19301231988045955,304.1754947683715,Benign
P002358,TCP,Workstation,Off,EU,5,0,4557.985078143988,8195.181442908715,101.8540679103198,7,SYN,22,1,-68.93091237607828,user,0.2334369995517208,276.5594925016332,Benign
P002359,UDP,Server,Off,APAC,2,2,4988.047368764192,8394.497725703259,113.77443810124797,7,ACK,443,1,-58.30838490434191,admin,0.3831264796576909,297.009724731008,Benign
P002360,TCP,IoT,Off,ME,2,0,7396.4981830469405,7403.64448087275,141.91206133955387,6,FIN,3389,2,-58.096274356017716,user,0.1505050746190707,340.5424847812286,BruteForce
P002361,TCP,IoT,Off,ME,1,2,6208.213474284275,3738.2341715875914,111.9181437417348,9,SYN-ACK,22,1,-72.06563663390155,user,0.21545999575053137,312.10540773231094,Benign
P002362,TCP,Server,Off,US,1,1,8048.831180995096,6771.08604384266,114.54177914117949,3,SYN-ACK,110,1,-47.9902238418228,user,0.16713096736436053,324.4878747320273,Benign
P002363,udp,IoT,Off,ME,2,1,2929.9448620444637,1603.394701065442,144.00284105645812,7,FIN,53,1,-60.76523048757104,user,0.2135852015354721,286.0394387547893,Benign
P002364,TCP,IoT,On,EU,1,0,4270.202153121563,3203.1054860399167,161.12996675887513,5,ACK,22,0,-57.46182289811208,user,0.29663668763598877,318.140383125401,BruteForce
P002365,UDP,Mobile,Off,ME,0,2,2848.4233298640656,4576.549291121179,69.7314599431931,7,SYN,3389,1,-55.96280438001182,user,0.6574060693894672,290.1709293440549,Benign
P002366,UDP,IoT,Off,EU,2,3,5324.048146655354,4378.524651677939,137.16316597729536,6,ACK,21,1,-60.23474145860772,user,0.15825436383560576,323.81234797215944,Benign
P002367,UDP,Mobile,On,APAC,3,1,7025.431284295086,5464.745817020165,126.82785167256066,3,FIN,80,0,-56.75992401872216,admin,0.08570245040978713,325.8037636083391,Benign
P002368,TCP,IoT,Off,EU,1,0,7354.920374121324,5204.612297320716,118.32793686050995,5,FIN,22,1,-51.29980500495485,user,0.5254751060466832,338.71358757496864,Benign
P002369,TCP,Server,On,EU,1,0,6023.289862397603,4948.682334422184,106.40573773057739,7,FIN,53,0,-54.15050239212039,user,0.2703097036975025,293.1854267498845,Benign
P002370,tcp,Server,On,APAC,4,0,4843.636441338152,,80.2331726136066,3,SYN,110,0,-74.35418215820964,guest,0.4164436551251552,265.8188972813897,BruteForce
P002371,TCP,IoT,Off,ME,2,2,4799.672566257928,5154.899409263464,84.87724262874315,5,ACK,21,2,-70.82215806486614,user,0.08399979267983108,252.83977379538905,Benign
P002372,TCP,Workstation,On,ME,2,0,5385.786894358296,9652.84175428708,132.59049651442515,3,SYN,25,1,-61.91054356452957,user,0.08350174414638321,303.2977529659631,Benign
P002373,UDP,IoT,Off,APAC,0,0,3551.45853888794,6278.443287493012,118.74654186175951,7,SYN,80,0,-54.353560968466496,user,0.3155210578595112,284.3554454420829,Benign
P002374,UDP,Server,Off,US,2,1,8641.893035739353,6979.245123317358,30.703079016683603,2,ACK,143,0,-66.61381169129452,user,0.47585577146299035,263.3469903438916,Benign
P002375,UDP,Mobile,Off,ME,1,0,5712.234420544353,8036.054814434878,134.65522861506577,6,SYN-ACK,22,1,-59.73659422371571,user,0.25834684191457885,329.9691896350189,Benign
P002376,TCP,Server,Off,EU,2,1,5837.730853783341,4277.209957375797,125.60363215235216,2,SYN-ACK,143,1,-66.24718708951399,user,0.3504000058719523,290.4514792114774,Benign
P002377,udp,IoT,On,US,1,3,4040.2090975195297,4889.63491301376,124.54119648630795,4,SYN-ACK,53,2,-64.38551164832704,guest,0.24220551257757267,288.7094861806914,Benign
P002378,tcp,Mobile,Off,EU,6,1,4123.512457847227,3223.877099532144,133.17605903900446,11,FIN,110,0,-65.35209352775676,user,0.34365972885023943,303.34677532352345,BruteForce
P002379,UDP,Server,Off,APAC,1,3,4844.613482187145,1818.4035847353625,133.11441441886868,5,SYN-ACK,53,1,,admin,0.2187624047720609,306.25182319266537,Benign
P002380,TCP,IoT,Off,US,5,1,5213.481605477728,8358.267376269234,157.0444532469386,8,SYN-ACK,25,2,-45.861613983871145,user,0.6644971188330764,314.7653035299409,BruteForce
P002381,TCP,Workstation,Off,APAC,1,0,7147.219014406044,5962.4423458999245,139.29314963564374,8,SYN,143,0,-62.56674432300003,user,0.24965038939414902,318.86012606646625,Benign
P002382,UDP,Mobile,Off,APAC,2,2,6753.95670903988,5861.853998892344,146.9915231541716,11,FIN,443,0,-48.361630172353074,user,0.3470263948317872,305.3712325629675,Benign
P002383,udp,Mobile,On,ME,1,1,4322.729032605044,7794.460393979664,149.85945447554445,7,ACK,80,3,-64.50852971347888,user,0.8165020652796637,280.70986472113105,Benign
P002384,UDP,Server,Off,EU,1,1,4558.137278856391,5551.575119736909,101.75376634318815,5,FIN,110,1,-70.12145756408947,guest,0.14949200334346163,272.87965225313746,Benign
P002385,TCP,Mobile,Off,US,5,0,3294.1258835509525,8550.069853743327,144.00066517676166,2,FIN,80,0,,user,0.1638386310397548,273.32761686775024,Benign
P002386,UDP,Workstation,Off,APAC,3,2,4283.1049563435345,6461.596486181219,95.46604127887856,3,FIN,3389,0,-72.1738161994697,user,0.5107701757974115,273.4000995895795,Benign
P002387,tcp,Server,On,APAC,3,0,5400.348660547532,3800.1813231281403,121.81411842864624,7,FIN,443,1,-62.12727395940666,admin,0.31391571456569445,317.419589752393,Benign
P002388,tcp,IoT,On,APAC,0,1,6001.303546777144,6987.431044403593,127.90562919317806,8,ACK,110,0,,user,0.15722610950356555,309.720182314618,BruteForce
P002389,TCP,IoT,On,APAC,2,3,4738.857866919029,5771.269868413594,138.45962512684133,7,SYN-ACK,110,1,-71.60719947423908,user,0.3196816248948135,307.50691428168267,BruteForce
P002390,UDP,IoT,Off,ME,5,1,4119.023615299064,5996.897861607454,107.91962466782486,4,SYN,21,0,-58.78882323001051,user,0.33439358347050674,273.45222028383597,Benign
P002391,TCP,Server,On,ME,2,0,8699.411010147465,6072.363498367794,144.58431000156298,8,ACK,80,2,-62.62056644666313,user,0.0191979994069572,318.3054832382985,Benign
P002392,TCP,Workstation,Off,EU,2,2,4849.505992621108,5690.280921234316,131.66732592600283,5,SYN-ACK,22,1,-75.41591994229559,user,0.18530666573362845,293.5764240105766,BruteForce
P002393,UDP,IoT,Off,US,1,1,4735.893492374945,9243.654907227889,129.12563430185457,7,SYN-ACK,22,2,-71.04271231907698,user,0.14146915282528622,303.9446481951185,BruteForce
P002394,ICMP,IoT,Off,ME,1,0,5553.520594056714,4635.112979441978,147.62134756322968,6,SYN,53,4,-62.755225271180116,user,0.17096590584109084,318.7344780738231,Benign
P002395,TCP,Server,Off,APAC,2,1,2027.7004394050691,,150.90666855960637,5,SYN,22,0,-55.641182542344076,user,0.4735212426045567,298.6108115942064,Benign
P002396,UDP,Server,Off,APAC,4,1,5365.037294326184,6210.44809517603,97.58162952641858,6,FIN,25,0,-66.81815090247056,user,0.06694330320934672,277.6434615984976,Benign
P002397,udp,Server,On,ME,0,0,3114.427534158919,4556.60697973446,143.64537158296187,5,ACK,80,1,-65.6242581047322,user,0.04363959479411533,311.6478546230773,Benign
P002398,UDP,Mobile,On,US,2,0,4813.947703588694,9352.71829467277,170.91660995625494,3,ACK,21,1,-57.73815353511084,user,0.6457705053589118,300.1431008855961,BruteForce
P002399,tcp,Server,On,EU,2,1,6262.71208306237,4799.249535414425,118.42671404429758,7,FIN,3389,0,,user,0.5923615831395744,296.48027450454003,BruteForce
P002400,UDP,Workstation,On,ME,1,0,6655.585312643612,7699.760758417788,87.32576573749746,12,SYN-ACK,443,0,-49.89337598384797,user,0.041384911895882004,295.1767624117038,Benign
P002401,TCP,Workstation,Off,US,1,2,3894.7131427673175,7193.220082868422,83.24239785644703,3,FIN,53,0,-46.99807343853234,user,0.4348471106605071,234.59216864665137,Benign
P002402,UDP,Mobile,Off,EU,2,1,4103.211600102058,3805.9822311601138,135.9716221445264,6,SYN-ACK,3389,1,-74.14187090195412,user,0.377117850866507,323.21760430029695,Benign
P002403,TCP,IoT,On,EU,0,0,4662.421758258294,8860.059181254266,152.92076174361446,7,ACK,3389,2,-61.887363777177136,user,0.33612924872174305,315.26998001606404,BruteForce
P002404,tcp,IoT,Off,APAC,2,1,4763.991559890657,,129.731024098163,5,SYN,21,1,-65.99985190443698,guest,0.28483337190278835,291.1105084357723,Benign
P002405,TCP,Server,Off,ME,1,2,4784.4297555157145,3196.094750250643,103.47405570809246,3,SYN-ACK,25,1,-67.62308418476495,user,0.11484772923527989,267.3499478989597,BruteForce
P002406,ICMP,Mobile,On,ME,2,0,4446.040153296057,4624.0710531721625,84.46555899278499,8,SYN-ACK,21,5,-65.00283155884914,user,0.23072312181443388,276.06908511564995,BruteForce
P002407,UDP,IoT,Off,US,1,0,2729.461602201402,8974.318148158593,92.40596648323043,5,FIN,53,0,-68.9474026981143,user,0.2788447017580563,283.3425507279521,Benign
P002408,TCP,Workstation,Off,ME,3,0,2658.55770169638,7992.584019464924,129.74287415718564,3,FIN,110,1,-47.80208010951921,user,0.37825125612495486,258.16288363047516,Benign
P002409,UDP,Mobile,Off,APAC,2,1,5103.822164269982,4819.179688519446,120.7882217330559,4,SYN-ACK,53,1,-47.43611553395591,user,0.24509446146293518,299.4886133964018,BruteForce
P002410,ICMP,IoT,Off,ME,2,2,7126.792919309592,6340.2972800519765,139.45114101731698,6,SYN,3389,1,-78.27782011510303,user,0.0664997754014267,278.5574805869104,BruteForce
P002411,TCP,Server,On,US,0,0,5391.43220826118,4471.04050808954,152.2134677342964,5,SYN,25,0,-46.309895893477176,user,0.3072378676789275,323.72806382949597,Benign
P002412,UDP,IoT,Off,EU,0,1,8374.443519951232,5023.877174031614,82.48059231312381,8,ACK,80,4,-63.702308706653085,user,0.7243995850497835,307.0886880501192,Benign
P002413,TCP,Server,Off,EU,2,3,2774.0841089987416,6019.090777619243,161.05282406147964,5,FIN,22,2,-63.68770064954667,user,0.13070153243530924,308.23614162136107,Benign
P002414,tcp,Server,Off,APAC,3,2,6636.234817571483,9387.027540957215,130.94777646337374,5,ACK,53,1,,user,0.18544162668837424,329.14687604447505,Benign
P002415,UDP,Server,On,EU,3,0,4798.863183948673,6662.087979372133,154.775493211639,7,SYN,3389,0,-63.127894197305565,user,0.24361355674186988,346.71852941412754,Benign
P002416,tcp,Workstation,On,APAC,1,2,3651.655051617734,4563.377947696373,137.26073042477034,5,SYN,143,2,-63.288317902474844,user,0.49037425549381425,280.2614968742428,Benign
P002417,TCP,Mobile,On,ME,3,2,2120.8000443729898,8524.192404173798,113.84665157447773,7,FIN,80,1,-56.88466271483748,user,0.43484514699945137,274.368159040383,Benign
P002418,TCP,Workstation,Off,APAC,0,0,4967.27593673004,6403.691749358594,155.0682981098876,4,ACK,21,1,-63.559133924783985,user,0.1643481255252937,324.93776843028274,Benign
P002419,udp,Mobile,On,ME,1,3,7528.600384119243,1474.3443444601226,147.5106084914576,8,SYN-ACK,110,0,-56.33597525193272,admin,0.1733688744779423,317.20377520008014,BruteForce
P002420,udp,Mobile,Off,EU,3,0,4281.416505788044,6523.467034555722,185.96765227294406,5,ACK,53,1,-66.27535861659561,guest,0.23199514650678124,344.6365942219674,BruteForce
P002421,UDP,Workstation,Off,US,3,2,5228.469260637144,5238.366558944151,114.38907371559932,7,SYN,143,1,-67.12556977210336,user,0.4045534673109971,285.67578511702345,Benign
P002422,tcp,IoT,Off,US,2,1,5004.920563626501,2941.9194409102843,129.25286501651325,5,ACK,3389,1,-53.09921478436091,admin,0.21067370198614208,330.23623041247157,BruteForce
P002423,TCP,Mobile,Off,ME,0,0,5327.390616499222,6782.684581778323,96.95619043205738,5,ACK,143,2,-63.61469859488476,admin,0.24221400242961721,292.30985625862553,Benign
P002424,TCP,Mobile,Off,APAC,2,4,4615.981101735874,1785.7507011821808,140.462582175517,4,SYN-ACK,80,1,-56.559126336440706,user,0.4022060134215899,293.03070295372873,BruteForce
P002425,UDP,Workstation,Off,ME,2,3,5600.2700048229135,6573.805225854721,162.35923136970587,3,FIN,3389,3,-72.05483167656848,user,0.054374131361365666,301.7408960998595,Benign
P002426,,IoT,Off,US,0,2,4833.648830343878,6712.044291694922,143.9188548019806,3,SYN,22,0,-60.26579370855971,user,0.2677701417234576,290.364530222632,BruteForce
P002427,TCP,Server,Off,US,3,0,4816.86067468964,4388.59444333068,144.3559078414795,3,FIN,3389,2,-47.14372415255639,user,0.3342136847603933,324.0357312505715,BruteForce
P002428,TCP,Workstation,Off,ME,0,0,2166.141386486252,7113.6385118529415,136.7979505315253,3,FIN,25,1,-67.15648831350862,user,0.42285325327117973,303.7147671552305,Benign
P002429,TCP,IoT,Off,APAC,3,1,3447.4899267954556,6303.851591605109,157.10387566278493,4,ACK,53,1,-65.52015122712953,admin,0.22449042962080998,323.29309938709935,Benign
P002430,tcp,Workstation,Off,ME,3,2,7218.665403106601,9557.46712230333,160.8260263701697,0,FIN,3389,1,-58.729184561866994,user,0.3978087129575888,318.8183507580146,Benign
P002431,TCP,IoT,Off,APAC,2,2,5728.111215320948,7701.828168202097,131.04896689981516,8,ACK,53,3,-66.44880516275491,user,0.30408742331694855,304.75723142511316,Benign
P002432,TCP,Server,Off,ME,3,2,7391.025190305265,,147.46446503653516,6,FIN,80,1,-70.4807810467579,user,0.45623089865627026,317.20284128363494,Benign
P002433,UDP,IoT,On,EU,1,0,6066.755029488046,10062.847611958856,132.52801691546603,5,SYN,21,2,-59.52380442516376,user,0.050209981128893355,320.7457808681354,Benign
P002434,TCP,Workstation,Off,ME,1,0,3296.643815604325,4923.652326073829,97.84828854154792,8,SYN-ACK,143,0,-55.860378975724956,user,0.42162986312313505,289.7968175520059,BruteForce
P002435,tcp,Mobile,Off,APAC,2,1,5736.287865785039,6235.795555954993,133.18344642673432,6,SYN-ACK,110,0,-38.4373010367554,user,0.1515665724028811,288.6349463902515,Benign
P002436,,IoT,Off,APAC,3,1,4054.8681036619078,7352.929168983462,116.18773581929028,5,SYN-ACK,53,0,-60.94409428024999,user,0.22460516362324692,302.80481483677755,Benign
P002437,tcp,Workstation,Off,EU,0,1,5581.779159002434,5435.637804331629,87.38805553155287,2,SYN,80,0,,user,0.17594020314749353,289.1722718556791,Benign
P002438,TCP,IoT,Off,US,2,0,7223.187217472907,3433.619660298668,135.9761140139447,2,SYN-ACK,25,0,-78.67752231702602,user,0.5313335360705885,292.8695833310435,Benign
P002439,tcp,Server,Off,EU,1,0,4597.35894073191,,146.82311435399978,7,SYN-ACK,21,2,,admin,0.2437118624203613,298.2254296150671,Benign
P002440,UDP,IoT,Off,US,4,1,4091.5052173184126,6675.689004764994,91.40368161766783,1,SYN,53,1,-77.19293841068517,user,0.2241943509983784,228.93417136114294,Benign
P002441,TCP,Workstation,Off,ME,2,1,3362.1034356899863,4589.958592001145,164.56423926754314,7,FIN,53,1,-61.40307841838877,user,0.7356490843016101,307.95877719295834,Benign
P002442,,Workstation,Off,ME,1,1,3274.9767511555756,4171.201812050653,140.2170647315978,5,ACK,22,1,-58.95807703446773,user,0.2090928641011803,277.38677080559,Benign
P002443,ICMP,IoT,Off,ME,1,1,4800.693181591855,7876.415892531296,102.31124793781709,7,SYN,110,2,-73.65803614495925,user,0.4779356067574209,260.6748339778027,Benign
P002444,TCP,Mobile,Off,EU,0,0,5266.875956944606,9121.59337375085,99.44029950704902,3,ACK,143,2,-64.47755077106306,user,0.2922637987851664,280.29998451992765,Benign
P002445,UDP,Workstation,Off,ME,1,0,6391.902290911323,7167.102576272367,125.2234380703625,7,SYN-ACK,443,0,-79.4674303240169,user,0.14267925825491212,319.32160809629306,Benign
P002446,ICMP,Server,Off,US,0,1,6046.540028972087,1105.3665127879922,74.23064904659341,6,FIN,143,1,-59.60154092929595,user,0.1466772012171737,305.8953264420568,Benign
P002447,TCP,Mobile,Off,US,0,3,7363.8581449925205,8805.270937756768,99.51833635308893,3,FIN,443,0,-56.954219342122464,guest,0.23029193025180192,286.74756667164377,Benign
P002448,TCP,Workstation,Off,ME,4,1,8026.175453132127,,168.47300597996582,7,SYN-ACK,143,0,-57.311207889196496,user,0.1284793933120157,362.2153491596543,Benign
P002449,TCP,Mobile,Off,APAC,1,0,5207.218590720782,,167.8849625542325,9,SYN,443,0,-69.86263562984298,admin,0.4956416060734578,306.2722223202854,Benign
P002450,TCP,Workstation,On,EU,3,1,5862.836240126606,2091.129264929878,155.1641531663608,10,SYN,80,1,-65.81769158741184,user,0.4343710510230622,325.80721208795717,Benign
P002451,TCP,IoT,On,APAC,2,0,5576.477686005234,6185.454629466638,154.46152168733872,0,FIN,110,3,-91.12732269361214,guest,0.2757265929884353,299.6345490317186,Benign
P002452,TCP,Workstation,Off,US,2,0,3491.778857597032,8330.475281965082,129.9570452508099,6,ACK,443,0,-61.042514552396604,user,0.054314113761604825,319.84131847825427,Benign
P002453,TCP,Workstation,Off,US,3,3,5274.72941592816,7349.480294619774,144.34050461661298,7,FIN,25,0,,user,0.47500342791730193,282.48094091979067,Benign
P002454,TCP,Workstation,Off,ME,2,0,6288.007740959496,4974.672436220109,134.33647208905137,5,SYN,143,1,-51.009018364484675,guest,0.31622456987458514,304.624448298052,Benign
P002455,TCP,Server,Off,US,0,2,5731.753120033008,5666.284300709461,158.34311896794057,4,ACK,110,0,-55.251427841331875,user,0.3200530763225796,293.08124210566365,Benign
P002456,TCP,Mobile,On,ME,2,1,7262.225387365802,6123.2820867572245,146.0770044697248,8,FIN,443,1,-65.42396997358317,user,0.2045564212166067,309.22756606116627,Benign
P002457,UDP,Mobile,On,EU,1,1,7160.748559699656,,99.7896259743139,1,FIN,80,2,-55.68308516394157,user,0.3283521382175487,315.1096832463954,BruteForce
P002458,TCP,IoT,Off,ME,3,0,4192.403996067907,8197.65069274696,143.61576628952017,6,SYN,143,0,-50.77959430778807,user,0.15230133207890129,304.5571093105746,Benign
P002459,UDP,IoT,Off,EU,1,1,4096.191514105213,5638.366792716996,71.51293630128967,6,FIN,80,1,-55.02752171463356,user,0.05937733188400526,258.4664551004731,Benign
P002460,udp,Server,On,US,2,2,6433.618219579669,6290.769178265286,785.8462516576899,3,ACK,3389,0,-70.08083064052934,user,0.23170410876421063,302.6298229109793,Benign
P002461,TCP,Server,Off,ME,0,0,5993.453832991729,4876.424983883386,139.87602498209992,7,SYN-ACK,22,0,-74.12356555264316,guest,0.16425174108170318,296.7604536865843,Benign
P002462,TCP,Server,On,US,2,1,5482.61833989521,3169.9985975229597,80.93823353752455,4,ACK,80,1,-57.68012692420856,user,0.026384849154430633,281.17491322371023,Benign
P002463,ICMP,Mobile,On,US,1,2,4066.63611142005,9042.20749856616,130.07614728762698,6,FIN,25,0,-53.53612523475409,user,0.3597835549555043,282.02400579013374,Benign
P002464,TCP,Workstation,Off,EU,2,1,4000.928356371415,6753.638003703134,150.76351774195055,3,SYN,443,0,-58.37337220781324,admin,0.08134428186837891,303.2404449804035,BruteForce
P002465,tcp,Server,On,APAC,1,0,6380.485280493943,8688.1948997351,120.11173540770767,7,FIN,3389,0,,user,0.5502897539919732,303.3035575868135,Benign
P002466,ICMP,Mobile,Off,ME,4,0,6440.638536179411,6946.471240118446,117.90910219449458,2,SYN,53,1,-56.64998388643993,user,0.5899257198922616,309.5419636285226,Benign
P002467,,Server,Off,APAC,1,0,8017.144675169418,5394.546798982769,105.77846542394471,2,FIN,3389,2,-53.54203062868981,user,0.19402049072360675,322.40256790579764,Benign
P002468,TCP,Workstation,Off,EU,0,3,2805.068962567258,7937.301192312937,94.04288658733942,2,SYN,53,1,-55.540315878932546,admin,0.33262910656778344,257.92802006118137,BruteForce
P002469,UDP,Workstation,On,EU,2,0,5430.859697210091,10198.899232448468,102.24068735923697,6,FIN,25,0,-59.90308161843005,user,0.2618614325704898,293.9828585012629,BruteForce
P002470,ICMP,Mobile,Off,EU,3,0,4276.552460442685,3842.3828371677937,148.99262570811536,6,SYN,25,0,-56.88543847255848,user,0.3859040148954796,293.1236370835994,Benign
P002471,TCP,Server,Off,APAC,2,0,8022.372981034748,5995.053806138017,174.74801134311434,3,ACK,22,1,-68.08977550015055,user,0.16887177918622484,318.86432590433964,Benign
P002472,TCP,Workstation,Off,EU,2,0,6742.353909215544,8751.015843978545,179.2792126292312,6,FIN,143,0,-50.57742247919249,guest,0.4178511170683361,321.81128251161203,Benign
P002473,UDP,IoT,Off,APAC,0,0,6046.230946514688,8158.766752954914,123.59727436004361,5,SYN-ACK,80,1,-65.9006959397945,user,0.2189766786339029,292.5258111004518,BruteForce
P002474,tcp,IoT,Off,EU,6,0,3214.2058935839104,8222.577399497057,135.92685177737582,5,FIN,25,0,-68.2909625309342,admin,0.6496300805215157,293.22994805551065,Benign
P002475,tcp,Mobile,On,ME,1,1,4798.494236898964,7029.407641611988,148.0807360794931,8,ACK,80,3,-73.06876509538326,guest,0.35571287414711983,330.2518028833277,Benign
P002476,TCP,Mobile,Off,EU,2,1,6298.15681613604,3352.3880424335184,157.1118010863735,6,SYN-ACK,25,0,-69.81395463138864,admin,0.124213349013102,329.5394627464692,Benign
P002477,TCP,Mobile,On,APAC,3,2,5709.4805346688045,8766.514362052112,138.57848308707887,7,ACK,80,3,-60.4759700863251,user,0.014470996463895332,292.44556485092005,Benign
P002478,UDP,Workstation,Off,EU,1,0,4126.016570003514,4990.753153268309,58.99424042813743,2,FIN,143,1,-63.822739269358706,user,0.26519636510197375,260.2963297554486,BruteForce
P002479,UDP,Workstation,Off,EU,3,0,7447.52506029934,4360.43891232272,130.85900713821331,5,ACK,25,2,-64.68564850140447,user,0.3284290770525362,335.6956055023842,Benign
P002480,UDP,Workstation,Off,US,0,1,5917.5939147433555,5826.487242638682,1038.2711847287492,5,SYN-ACK,21,0,-62.11946372048236,user,0.2994512661712566,288.5887110337079,Benign
P002481,UDP,Workstation,Off,EU,2,1,1724.2310786494695,4990.402585699413,196.90183568586704,6,ACK,443,3,-69.44691685790599,admin,0.2613751703234279,321.0623822510021,Benign
P002482,tcp,Mobile,On,ME,0,1,5093.244249049774,7445.132256654292,105.47516791099451,7,SYN-ACK,3389,0,-61.2907441838527,user,0.43502990073097814,280.8435359357461,Benign
P002483,UDP,Mobile,Off,ME,2,2,4525.652935764967,3913.0366963180086,69.87189478791387,9,SYN-ACK,25,2,-57.62435252060392,user,0.39520978389855166,288.1234899135356,Benign
P002484,UDP,Workstation,On,US,1,0,4815.388297448681,8537.426257739455,136.32847506950912,3,SYN-ACK,3389,0,-60.03996993056397,user,0.3330750158385662,333.58310065983966,Benign
P002485,UDP,IoT,Off,APAC,2,0,6144.929462061899,3371.553352279576,97.76349361300655,4,FIN,22,0,-45.409046882749216,guest,0.3057155225777659,273.27972795970106,Benign
P002486,tcp,Mobile,Off,EU,2,1,3573.912586258917,5558.04038563165,118.85777719998354,7,SYN,21,0,-58.29973912786113,user,0.11857909652281838,290.76083182954784,Benign
P002487,UDP,Server,Off,US,2,1,7365.233456565264,491.0384187332793,103.39151238755989,4,SYN,80,1,-57.395055038622104,user,0.16512584770313612,284.2363733169766,BruteForce
P002488,TCP,Workstation,Off,ME,3,0,6873.787430723898,5624.690722372434,72.3432575765631,2,SYN,22,1,-67.49203795206708,user,0.3265678820431594,247.50697117837095,BruteForce
P002489,ICMP,Mobile,Off,ME,5,0,7778.637348079405,3619.7568123877136,164.2545503064931,5,ACK,143,3,-61.4776254905888,guest,0.22606944443603683,354.4527404033182,BruteForce
P002490,UDP,Mobile,Off,ME,3,2,5155.572399456967,,127.17299047837666,7,SYN,3389,1,-79.79323595828197,user,0.1616554817013831,298.9224438383431,Benign
P002491,TCP,Workstation,Off,US,1,3,4345.506941381693,5869.719178729049,63.347472691651525,9,SYN-ACK,80,3,-68.94258869709877,user,0.47327029536188947,240.03407377345798,Benign
P002492,TCP,Workstation,Off,US,3,1,3287.939853641491,8545.945468428037,149.76782616147534,5,SYN-ACK,110,1,,user,0.2352807521046509,296.9581263773285,Benign
P002493,TCP,IoT,On,US,1,0,3359.5707859357017,6642.8972268670195,126.91601294078485,2,ACK,3389,0,-64.53410375107792,user,0.3308977663029226,277.34108736023273,Benign
P002494,TCP,Server,On,US,1,0,4478.044636175353,5313.786215978645,118.86784613270962,4,FIN,22,0,-71.0458498532202,admin,0.12504107252996854,288.3156919254739,Benign
P002495,UDP,IoT,Off,APAC,4,1,5199.073118560769,2195.176826002167,92.44239679228693,4,ACK,3389,0,-70.85134244715753,user,0.13887263828173718,278.78966481739553,BruteForce
P002496,,Server,Off,ME,2,0,6615.776811781147,6239.337735376916,93.99903474081563,5,SYN-ACK,21,1,-61.292433962215554,user,0.21356157573965728,267.74526611252503,Benign
P002497,UDP,Workstation,On,US,1,1,4838.564609955196,6851.580104565151,138.38060874287336,6,ACK,53,1,-56.88764425618513,user,0.2259768927896246,306.51318257522695,Benign
P002498,,Mobile,Off,APAC,1,0,3711.972236162752,6250.286662599794,85.65874663076363,7,FIN,25,0,-69.85009579412142,user,0.2698588065782791,270.5532878136984,Benign
P002499,TCP,IoT,Off,EU,2,0,4654.297585027657,5090.984257572956,133.43263333202057,2,SYN,53,1,-66.10962252164423,admin,0.33248079101572414,308.21803743181493,Benign
P002500,UDP,Workstation,Off,EU,4,1,4694.196802410002,3854.3174789784835,104.6148140476564,2,SYN-ACK,21,1,-67.42528714302014,user,0.6450478807488992,265.09181971544956,Benign
P002501,UDP,Workstation,Off,US,1,1,3399.3064257394954,7138.48279524419,92.77824508764992,6,SYN-ACK,3389,1,-61.218166240548484,admin,0.5808351660389397,256.7434826414608,Benign
P002502,,Workstation,Off,US,2,2,4434.804054308306,,135.74153263890227,2,FIN,110,1,-50.07717421390756,user,0.4004888375924093,305.16491778753925,Benign
P002503,UDP,Mobile,On,US,2,3,5384.814040244826,2756.8549186588266,101.42861798326358,6,SYN,53,2,-55.92515792815522,guest,0.3355353275136253,274.9956717172715,Benign
P002504,ICMP,IoT,Off,EU,5,0,2854.2936146800484,6582.484046273069,101.86088060669117,3,FIN,110,0,-67.29455987964401,user,0.4906392383305239,249.15187007577566,BruteForce
P002505,UDP,Workstation,Off,EU,3,3,4277.659369071238,5186.649171243422,125.52658135896833,6,SYN,21,2,-55.21001966211636,user,0.20397085956623168,294.2847232773367,BruteForce
P002506,TCP,Mobile,Off,ME,0,1,5033.681425981981,5175.569406654724,167.7401442811119,4,SYN-ACK,143,1,-58.71905355501562,user,0.16212520380775922,328.1854629487284,Benign
P002507,TCP,IoT,Off,EU,3,2,6305.781081146698,,130.0115347204578,5,ACK,143,1,-55.11267524765229,guest,0.15672923857095933,306.0667472788717,BruteForce
P002508,TCP,Server,Off,EU,3,1,4573.510805873997,1777.9449306022316,136.3261306381158,4,FIN,443,0,,user,0.05773509147183866,298.0603419879991,Benign
P002509,TCP,Server,On,US,6,0,2340.3761537496803,9496.162217734944,112.38544745411124,5,ACK,443,0,-42.325523592010555,guest,0.31776377662958927,293.0782017250984,BruteForce
P002510,UDP,IoT,Off,EU,2,1,5845.2628147774085,3418.5324011183075,109.92750902285556,7,ACK,110,1,-71.68613269777998,user,0.1898825334005512,287.56011888603734,Benign
P002511,TCP,IoT,Off,ME,1,0,6952.14085252096,8089.04117000839,102.17317479697351,4,FIN,3389,3,-76.9122773885288,user,0.4288314089566827,333.9978631661172,Benign
P002512,TCP,Workstation,On,APAC,5,0,6043.688440686631,7211.252273290937,165.23931559817936,5,SYN-ACK,110,2,-52.311291592008196,user,0.6534182351731475,319.2239632876725,Benign
P002513,TCP,IoT,On,ME,1,3,3987.5158350873617,5649.3345603825355,129.68274528507237,0,ACK,21,0,-60.08762457097665,guest,0.18558161829029485,264.0303738620929,BruteForce
P002514,UDP,Mobile,Off,US,1,1,5313.46916279465,9502.669676474536,84.25516336873264,5,ACK,53,0,-66.76740856757209,user,0.21463081747091226,269.31165354996085,Benign
P002515,ICMP,Workstation,Off,US,4,0,5452.706485109331,7944.896162557823,123.92686339028613,4,ACK,110,0,-73.13693136808425,user,0.215844908533842,307.1145390259411,Benign
P002516,TCP,Workstation,On,US,4,4,4976.340897978585,4697.465454105799,132.0599008251408,5,SYN-ACK,53,1,-60.534680250701484,admin,0.31467010093990444,294.8110233569845,Benign
P002517,tcp,Server,Off,ME,2,1,5640.953429477906,7561.8641689903325,74.24321587533495,6,SYN,110,1,-70.37081072995203,guest,0.3665177545216426,298.2418846759155,Benign
P002518,ICMP,IoT,Off,ME,5,1,7205.205757920253,6086.7966325946545,138.0651678275757,4,SYN,443,0,-63.75076748921628,user,0.2608056049040235,305.37004305884756,BruteForce
P002519,UDP,IoT,On,ME,4,0,6504.941627337759,5003.2431090942,79.6626516698652,4,FIN,443,2,-50.06896804090971,admin,0.38236608624164253,298.86859896142374,Benign
P002520,UDP,Workstation,Off,APAC,4,1,5793.875823125624,5578.4596614417205,103.94254993252382,2,ACK,80,3,-60.56302141385477,user,0.41371842455490787,283.92340298324996,Benign
P002521,tcp,IoT,Off,ME,3,1,4482.606094566004,4710.838449796898,117.08961801053317,6,ACK,3389,2,-50.89414932662661,user,0.2997369242010968,285.4862011414245,Benign
P002522,UDP,Mobile,Off,US,3,0,8046.9066872025505,6372.215998825058,121.98660491879912,3,SYN-ACK,143,1,-68.00052822472772,user,0.27060038329718444,317.99434790207596,BruteForce
P002523,UDP,Mobile,On,APAC,1,1,5338.424555316224,2705.5915471312474,106.40216572955893,2,SYN,25,0,-51.2506308207232,user,0.37759132782166405,275.79833399727215,BruteForce
P002524,TCP,IoT,Off,US,2,3,6815.000349886492,9447.401913866328,143.08541953620187,5,SYN,25,0,-60.477084352894046,user,0.5840552495708974,298.4723754027664,BruteForce
P002525,TCP,IoT,On,APAC,5,1,5134.314857532985,6562.6694796999745,135.41835392465637,4,SYN,110,0,-76.13704587035036,user,0.28643256224661345,307.90032903274863,BruteForce
P002526,,Server,Off,EU,1,1,6913.147531506308,2548.0599711642967,147.55575872545123,7,SYN,80,1,-67.44506240100937,admin,0.07176662517852764,299.41078583561153,Benign
P002527,udp,Server,On,ME,0,0,6978.640327811561,5744.184275137807,101.8797657721364,6,FIN,143,2,-61.927996504516905,guest,0.2665591553103859,302.56804162551447,Benign
P002528,ICMP,IoT,On,APAC,1,2,2542.832352754627,2649.6615784801684,104.00740023372924,7,SYN,143,1,-50.66461985002496,user,0.2134563032146055,270.97206801271733,Benign
P002529,UDP,Mobile,Off,APAC,1,3,4608.568344211453,5311.114374912828,92.55251376122271,5,FIN,53,0,-66.43563771983487,user,0.3615835132873832,254.29103703485112,Benign
P002530,TCP,IoT,Off,APAC,3,1,5972.14391296433,,150.91598426217075,11,SYN,53,1,,user,0.3157658021006085,320.31200578722564,BruteForce
P002531,TCP,Workstation,On,EU,0,3,4247.321090251056,5254.513990972818,125.21091769332315,6,SYN-ACK,21,1,-75.15222524582187,user,0.31089649289917004,301.1843606399804,Benign
P002532,tcp,Server,Off,ME,3,0,26151.411346211586,8789.20475952473,147.96745468476584,5,SYN-ACK,22,1,-67.65892496112775,user,0.30446739466616857,320.1454804209054,Benign
P002533,TCP,IoT,On,US,2,0,5425.161590269345,5666.605599102789,135.42657836191808,8,SYN,22,0,,user,0.3921523468545605,323.487297233379,BruteForce
P002534,TCP,Server,Off,ME,4,1,4388.110863824376,7861.361624982877,135.828171368117,4,SYN-ACK,80,0,-56.314639741699246,user,0.48187944057165505,311.61577722709967,Benign
P002535,,Server,Off,ME,2,1,5125.551845774014,8022.900446358559,114.46338953419587,6,ACK,22,0,-64.76964047983678,user,0.29707383624261746,284.31146710547506,Benign
P002536,TCP,Server,Off,APAC,6,0,5218.546872874915,4400.596816293491,126.13084266548162,6,FIN,443,0,-60.88387455531877,user,0.09688147959598617,321.3358692950807,Benign
P002537,udp,Mobile,Off,EU,3,3,4451.187984921993,7300.2803448625455,94.9137534096364,4,SYN-ACK,53,2,-67.13962991866107,user,0.6379627976729976,278.3754773158063,BruteForce
P002538,TCP,Server,Off,US,3,0,1522.2022679023066,5255.310073486584,80.7233136500453,10,ACK,22,2,-56.179138154735085,user,0.1543595564247928,253.07958765828494,BruteForce
P002539,TCP,IoT,Off,EU,1,1,5815.509977050222,7013.605813525936,157.3277230708831,5,ACK,21,0,-62.40639226817067,admin,0.12056263292262964,302.28419832663013,BruteForce
P002540,TCP,Server,Off,EU,3,2,5830.77581220928,7799.4589904840295,121.51645318113106,2,SYN,53,4,-42.986158815638305,user,0.2224315794633762,300.12586011703223,Benign
P002541,TCP,Workstation,Off,APAC,1,0,4959.887122613061,2660.1277196819537,114.27057312108005,5,ACK,80,2,,user,0.1302199886083421,315.3977027014054,Benign
P002542,ICMP,IoT,Off,EU,1,1,4221.566678770175,6654.750717713142,76.94115590488231,4,FIN,3389,2,-55.910846648526515,user,0.07699319017302347,254.76448224285542,BruteForce
P002543,TCP,Workstation,Off,US,2,0,6522.301982983838,2912.6919734813823,141.99614718950764,4,ACK,22,2,-54.115887125879944,user,0.18341149843303445,286.16544555952333,Benign
P002544,UDP,Workstation,Off,EU,2,1,4991.534817061484,7150.058418676768,106.48685875152647,4,SYN-ACK,3389,0,-72.06303954285923,user,0.38133534907794725,298.6012167505414,Benign
P002545,tcp,Server,Off,EU,2,0,4405.021287729432,5412.675494090597,147.4124207227531,4,ACK,25,0,-67.13764795538478,user,0.25983669322398917,332.80895378960696,Benign
P002546,TCP,IoT,Off,APAC,3,0,6440.521853019363,7634.679678483735,89.91863305568148,4,SYN-ACK,53,2,-73.93173817610253,user,0.04937848794430723,263.81836874788604,BruteForce
P002547,tcp,IoT,On,US,2,0,5413.115384486111,4331.320606600108,101.43884298485513,1,SYN-ACK,21,1,-61.39936559681568,user,0.3023403989014391,286.9085760610971,BruteForce
P002548,,Server,Off,ME,0,2,4815.654133576049,,94.60576449804735,6,SYN,143,0,-48.417565267352444,user,0.5620400092920121,288.8286502386168,Benign
P002549,ICMP,Server,Off,ME,1,1,5269.386397464413,2867.187408231628,94.71736569568225,4,FIN,22,0,-67.48581483274862,user,0.31153713411681094,285.5573151370804,Benign
P002550,TCP,Mobile,Off,APAC,0,2,6194.906378646054,5245.9732862620585,124.95122925533093,9,SYN,21,2,-49.95730960197722,user,0.15966949365196556,305.24341473046326,Benign
P002551,TCP,IoT,On,ME,0,1,6879.667670159304,7151.636093648585,103.67541499042487,5,SYN-ACK,22,1,-87.20325830064284,user,0.26351219336546405,286.46046693491087,BruteForce
P002552,udp,Mobile,Off,APAC,1,2,5578.137877238147,100.0,96.07388041763093,7,ACK,3389,0,-61.70097862525927,admin,0.27021835927153576,291.8666578202969,Benign
P002553,TCP,Server,Off,EU,2,0,4812.582890241873,5335.49051716285,100.1458177747117,6,SYN,25,2,-57.856931360558235,admin,0.2374526971228875,309.89555949278696,Benign
P002554,TCP,Workstation,Off,APAC,2,2,5435.453740409215,9400.621483630626,107.7136397620001,4,SYN-ACK,3389,1,-54.28916027618575,user,0.2864960170273331,264.3745813707679,Benign
P002555,TCP,Workstation,Off,US,4,4,5852.732545392617,2159.128574615118,82.71509402613104,4,ACK,53,0,-62.13376969665871,user,0.2918419894430508,257.1638502595532,Benign
P002556,TCP,IoT,Off,US,2,1,3719.750823781681,8003.500465570105,77.53646571621873,4,ACK,443,0,,user,0.22804103466305742,273.57791048275425,Benign
P002557,UDP,Mobile,Off,US,3,0,7639.176847824372,11035.024482343524,141.3915716626677,5,FIN,53,1,-63.343264084148224,user,0.3735382249905784,329.96872780472165,Benign
P002558,TCP,Server,On,EU,1,0,5249.632476237253,5001.7827110691405,156.91501190529183,5,SYN,53,1,-66.65829707505438,user,0.21726217009766907,319.025913838098,Benign
P002559,TCP,IoT,Off,ME,3,1,6345.100210981847,3476.204777002253,133.4096845323989,3,ACK,443,2,,user,0.11744220127212053,289.5431074032704,Benign
P002560,TCP,Mobile,Off,ME,1,1,657.6500215781671,11577.209979336294,176.22573343980991,11,ACK,22,0,-51.89678604001455,user,0.5561478449709911,326.70743203096447,BruteForce
P002561,TCP,IoT,Off,APAC,3,4,3801.172579000741,6156.343950378171,149.3598088792845,7,FIN,53,0,-61.52901962019035,guest,0.15724866172929428,302.4290723221972,Benign
P002562,udp,IoT,Off,US,3,2,3279.7355971278976,4603.118957105176,57.686635106777274,1,SYN-ACK,143,0,-50.95100647870249,user,0.7448836997886278,230.32280608155781,Benign
P002563,TCP,Server,On,ME,2,1,7936.304277012482,2939.7692514691767,122.91052851327895,3,SYN,25,3,-69.76318262170648,user,0.3689534474282702,303.7477720928718,Benign
P002564,TCP,Workstation,Off,US,1,1,4920.604073861098,9110.282932400123,141.87629865261022,5,SYN-ACK,3389,2,-48.126011852736106,user,0.22347615165073365,291.74589891763463,Benign
P002565,TCP,Mobile,Off,US,0,0,3699.840959820664,7462.54850591928,150.702765249227,6,ACK,21,0,-57.77755232148521,user,0.3027660216149178,298.0544936583192,BruteForce
P002566,TCP,Server,Off,APAC,5,1,4823.484294488965,6726.4304783022035,121.99384320553372,7,FIN,80,1,-65.67578198347083,guest,0.2813377135383221,308.97131988588455,Benign
P002567,TCP,Workstation,Off,ME,0,0,5317.488879307316,5011.17949464607,65.92097737796902,4,ACK,3389,1,-48.291009041297436,user,0.20306530591674682,265.2263400277961,Benign
P002568,tcp,Mobile,On,US,3,0,5337.36461002208,7864.353457490584,118.93310272486406,2,ACK,53,0,-59.13014798878805,user,0.10966002469654944,289.18633966793374,Benign
P002569,TCP,Server,Off,EU,2,1,5539.965972106029,3731.012103217892,103.7447715934809,6,ACK,22,1,-56.85740015592762,user,0.15831218626198618,277.15460655673877,BruteForce
P002570,UDP,IoT,Off,EU,4,2,5068.81158106786,4180.860972837462,101.02415723850123,2,FIN,53,1,-51.54184454806344,guest,0.3057522872902555,284.03462254078346,Benign
P002571,UDP,IoT,Off,US,4,1,4963.693331238526,8858.306478955748,110.98640044196141,7,SYN,22,1,-52.12974220432571,guest,0.2770603169197107,309.37964419382155,BruteForce
P002572,UDP,IoT,Off,ME,2,0,6922.618716591198,2448.7510652255974,139.86710121515512,3,FIN,143,1,-74.14743881647155,user,0.10102747582810015,302.00079888075084,BruteForce
P002573,ICMP,Mobile,On,APAC,0,1,5380.037459118668,4174.656547856851,92.09936007318039,1,SYN,25,1,-67.04633894449593,user,0.31798718609004145,281.5770449268469,BruteForce
P002574,UDP,IoT,Off,US,0,0,4414.682692041238,7555.926671923812,76.13148233673085,7,SYN-ACK,443,2,-60.770071385076115,user,0.23265386846761932,291.5973572277501,Benign
P002575,tcp,Server,On,APAC,5,2,6194.035280373066,5535.594884493875,132.2566424019283,4,FIN,110,0,-57.63745455183782,admin,0.22043127464539097,322.43640231580974,BruteForce
P002576,tcp,Workstation,Off,US,0,3,6078.913587139693,7439.816952416373,98.232140395063,4,ACK,143,0,-48.74776105413433,user,0.5173962098397964,272.9201865421572,BruteForce
P002577,ICMP,IoT,On,EU,1,3,3904.3300276821865,2702.77104482329,139.04000731843138,4,SYN,443,2,-59.43714908232463,user,0.3929884023528358,286.668433360356,BruteForce
P002578,TCP,Server,Off,APAC,4,3,5991.670213528922,5001.96381390501,110.53756583728783,6,SYN-ACK,143,0,-40.640784053174315,admin,0.4028160267165897,276.08387930866695,Benign
P002579,TCP,IoT,Off,ME,2,1,4361.021441158138,5363.884902587896,84.30301663987106,3,SYN,3389,3,-51.149934790753264,user,0.25280424577884697,247.25062564409106,Benign
P002580,TCP,IoT,Off,EU,1,0,2667.2978083390817,8512.89472041334,126.44443439489923,6,SYN,143,1,-50.086476195902684,user,0.40925106406845835,309.315268349068,Benign
P002581,,Mobile,On,APAC,1,0,5232.8262533832885,6526.03272191393,112.1805911006648,5,ACK,25,0,-53.38333503968881,user,0.5076671846025643,293.5295073506045,Benign
P002582,ICMP,Mobile,Off,APAC,0,1,8856.668078796965,11488.892669216199,107.57511121457068,3,FIN,25,1,-60.186621539350156,user,0.23260309063639356,312.6837710580963,Benign
P002583,udp,Server,On,APAC,1,0,3694.9061407207882,4851.484341306289,120.3804375613857,7,ACK,80,1,-48.956390398811976,user,0.13505664675022952,285.44940823679326,BruteForce
P002584,TCP,Server,Off,APAC,3,1,5173.896560501833,,91.28312494486983,5,SYN-ACK,110,2,-73.27443592411205,admin,0.09771984152504505,270.21012898060707,Benign
P002585,TCP,Server,Off,ME,1,1,5320.0054218285695,6614.0641798758425,110.75877294157036,6,ACK,22,0,-64.5684981646609,user,0.0661509223515082,310.3028279727373,Benign
P002586,tcp,Mobile,Off,ME,1,2,4423.745607339864,6135.36977280714,61.11756145458225,7,SYN-ACK,22,2,-40.899404091897914,admin,0.29365949329808017,242.37688820295162,Benign
P002587,TCP,Mobile,Off,US,2,1,3492.579047590433,5846.063175063653,102.64516924817545,5,SYN-ACK,3389,2,-59.25547596334027,user,0.14048687994165615,282.570775256954,Benign
P002588,UDP,Server,On,APAC,1,3,3127.76377752963,2507.8979884675077,79.70959797436302,2,FIN,110,0,-56.23442090611873,admin,0.19032945652766717,237.8929789053125,Benign
P002589,udp,IoT,Off,APAC,2,0,5498.63973961405,7031.769890507929,148.47127015303028,2,SYN-ACK,143,1,-64.38095892617307,user,0.4153085541081922,301.6666374511898,BruteForce
P002590,TCP,Workstation,Off,APAC,1,1,4649.4060350912005,7834.563816196519,120.4077037484571,7,SYN,21,2,-70.89590771882206,user,0.004843653580548283,296.5537253288119,Benign
P002591,tcp,IoT,Off,APAC,2,0,4045.1111271745854,7535.552414458605,173.09232982148396,8,FIN,443,3,-75.54097441370729,user,0.20095307464880222,345.99030284397406,Benign
P002592,UDP,Server,On,APAC,1,0,3771.1246462191557,5643.432209845941,155.70865077824337,7,FIN,53,1,-62.52849194048247,user,0.5811292237591104,289.8037220056441,Benign
P002593,UDP,Mobile,Off,US,2,0,3827.3667504052173,,59.35727976486158,6,SYN,25,2,-69.34805822325198,user,0.061276007577381664,290.60416024257916,Benign
P002594,TCP,IoT,Off,ME,4,0,7823.742122271458,4524.945124195797,88.83888204164396,8,SYN-ACK,80,1,-61.21674410877985,user,0.22209887721678526,291.61462461898475,Benign
P002595,udp,IoT,Off,US,3,2,3423.4640806503085,4017.464300501031,73.36392200766451,4,FIN,80,2,-62.64388944752124,user,0.3352856959739782,253.89820340196053,Benign
P002596,TCP,Mobile,Off,US,0,1,5932.43330461378,2914.3333257345384,108.95057569204174,4,SYN-ACK,53,3,-64.8832713427182,user,0.2854882717507188,280.52306198074797,BruteForce
P002597,udp,IoT,Off,US,2,1,4579.232878567779,1704.533465957209,141.0516054715331,4,FIN,3389,3,-65.03741750499077,user,0.1715881697065007,262.0870286987009,BruteForce
P002598,TCP,IoT,Off,APAC,3,1,4178.767075095439,8089.424820586881,136.53749125828068,5,ACK,80,1,-63.632808121040945,guest,0.19957247798204542,272.01836035790535,Benign
P002599,TCP,IoT,On,APAC,1,0,2487.973003704796,6547.504541913944,168.56276420107366,6,SYN-ACK,3389,3,-62.68909030530278,user,0.1589738296539925,295.65900010219246,BruteForce
P002600,ICMP,Mobile,On,US,2,0,4083.8275201662905,5725.474574690903,110.37328925601707,7,SYN-ACK,21,0,-51.50056708333194,user,0.1647396620946058,293.6323300764119,Benign
P002601,TCP,Server,Off,US,1,1,6061.435660725628,4791.761728640766,127.53393790142073,6,ACK,80,1,-71.2077096774055,user,0.5411224577231784,306.6989126252407,Benign
P002602,TCP,Server,Off,EU,4,0,6031.478921764679,8860.289932273332,129.03926127373575,6,ACK,53,0,-50.81823346402795,user,0.48359682765789486,311.99224105795133,Benign
P002603,TCP,IoT,Off,US,2,2,3842.5581234311076,5790.491864492187,72.59863051620059,5,FIN,22,2,-78.42075268164301,guest,0.0336143078904139,250.03989646932945,BruteForce
P002604,TCP,Server,Off,US,1,2,6443.197133658574,4882.352791713309,121.50925624304705,5,FIN,110,3,-55.815404425479926,user,0.4302468170374019,281.1808591165015,Benign
P002605,ICMP,IoT,Off,US,0,0,5316.527972946428,6893.585927073773,131.5270123047406,5,ACK,110,0,-59.33233323738869,user,0.026086861382708368,309.42768347254173,BruteForce
P002606,ICMP,IoT,Off,ME,2,0,4482.829177497377,8178.385087475636,116.51371045337946,0,SYN-ACK,25,1,-47.434217937177976,user,0.29835184602702663,284.87240359869276,Benign
P002607,TCP,Workstation,On,US,2,1,6255.319828065281,5790.114132610417,94.91791227968501,4,ACK,3389,0,-57.379706665375416,user,0.015841924800348336,287.74120122096707,BruteForce
P002608,TCP,Mobile,On,APAC,3,1,2976.401837920389,4736.363293773014,127.81184086972794,6,ACK,21,4,-68.98107301325292,user,0.17333885687522002,274.5816749650591,Benign
P002609,UDP,Workstation,Off,EU,2,2,6309.142373212972,3959.111387992746,139.15342204237928,9,SYN,3389,2,-45.15421815772464,user,0.16083431197845297,307.12938421345535,BruteForce
P002610,tcp,Server,Off,EU,2,1,6186.6973464103485,6196.086146768911,129.73491087760698,4,FIN,443,0,-57.694212172052175,user,0.21854326533813975,298.8031518869232,Benign
P002611,TCP,IoT,On,US,1,1,6616.799597698335,7317.435769385509,138.75137670673328,9,SYN,110,4,-52.34327037772086,guest,0.1129996271083224,313.8895387665274,BruteForce
P002612,UDP,IoT,Off,APAC,0,5,7235.395900095816,7448.211168173921,132.80027350079948,6,ACK,80,2,-61.54800612392093,user,0.07453192714026326,276.7907017070963,BruteForce
P002613,udp,Mobile,Off,APAC,1,0,6823.953550164903,3341.5649743974573,140.71302106731434,4,FIN,80,3,-65.79436894573499,user,0.23292654410926678,298.5217443716643,Benign
P002614,UDP,Mobile,On,ME,4,2,4584.431198905933,9386.597123836083,151.56459307531983,3,FIN,53,0,-55.2206300006664,user,0.29849465602111147,312.5360659324506,Benign
P002615,TCP,Workstation,On,ME,3,1,3793.485950024159,6967.580976680505,118.93714344969074,6,ACK,443,0,-58.25184541433613,user,0.3351036689222083,281.38799857441506,Benign
P002616,UDP,IoT,Off,ME,2,1,6798.388191404026,6852.159070464263,91.52291067483338,6,SYN,53,1,-61.9013726736746,user,0.20532708958035173,293.54472572948634,Benign
P002617,udp,IoT,On,US,2,2,5782.101049416919,7850.453268704696,176.06470460326736,3,SYN,110,0,-50.26187181327929,user,0.26453856838176276,322.93273947598095,Benign
P002618,TCP,Server,On,APAC,1,0,5574.748324945263,4014.387244876537,114.65108751335094,6,FIN,143,2,-74.83378817945881,user,0.41314898372791037,311.84658690303985,Benign
P002619,TCP,Workstation,Off,EU,4,1,7128.398723296503,7490.3720267094905,78.95078744996249,6,SYN-ACK,143,0,,user,0.09404395330615296,305.4030684842686,Benign
P002620,TCP,Workstation,Off,ME,3,0,5865.275319115689,8327.20409530631,147.59468744433207,5,FIN,80,1,-68.0610486723288,user,0.2707977663684516,305.3529840978524,Benign
P002621,TCP,Server,Off,ME,8,0,6708.497120141812,7083.586372022398,176.01453108920958,6,SYN,143,1,-68.13379524197262,user,0.14600884376267972,347.5084148425115,Benign
P002622,ICMP,IoT,On,APAC,1,0,5162.917861691627,2357.6637699074886,130.7927739359831,3,ACK,443,0,-76.32651046753503,guest,0.33923095184514285,316.79747209685416,BruteForce
P002623,TCP,IoT,Off,EU,3,2,5647.822340745004,5327.713481843436,126.591909171324,2,SYN-ACK,443,3,-65.8005915106438,user,0.06664102259611682,325.36610692507406,Benign
P002624,TCP,Mobile,On,US,1,2,4635.4213832955975,6052.561803580922,107.64219313841637,4,ACK,143,1,-56.982937491111244,user,0.33752210617927375,269.5159460519851,Benign
P002625,TCP,IoT,Off,EU,2,1,4602.277127826491,8292.462323020323,118.414452045858,5,FIN,3389,0,-72.79319723693618,guest,0.2595751060306049,281.7478799013408,Benign
P002626,ICMP,Mobile,Off,ME,1,2,6527.423379502132,2793.785926231647,118.7244567525233,7,SYN,22,0,-66.45758815965635,user,0.41327488320542766,271.7663822400478,BruteForce
P002627,,IoT,On,APAC,1,1,4880.416295503219,6770.907957259304,164.02274471594532,4,SYN,22,0,-70.34346425277562,admin,0.06818357102387561,319.96347650129184,Benign
P002628,ICMP,IoT,Off,APAC,4,0,2160.8736290122565,9267.807344307728,113.52917857074313,3,SYN-ACK,143,0,-40.22456507769423,user,0.39205823428813,265.56416099721525,Benign
P002629,tcp,IoT,On,EU,3,0,6912.217798656135,10428.840633844733,111.06451646074461,3,SYN,22,3,,guest,0.09141471749844772,311.6811131507714,BruteForce
P002630,TCP,Server,On,US,5,1,7349.824329721065,4175.381752354528,117.55569807778083,6,ACK,53,2,-73.04042600614811,user,0.35793546079047794,303.6522672607061,BruteForce
P002631,TCP,Workstation,Off,EU,3,1,6920.023718932965,7397.584488307174,75.90602128351495,6,FIN,21,1,-67.64839638482475,admin,0.6751401890411053,266.43015889539805,BruteForce
P002632,udp,Mobile,Off,EU,2,2,5237.129987372825,8460.444792792423,112.3658628536434,9,ACK,110,0,-49.209638154796,guest,0.03873243509449455,298.0833448029557,Benign
P002633,TCP,IoT,On,EU,0,2,4865.194100853269,7788.314617914638,138.67288787764858,3,ACK,80,2,-49.565266187451755,user,0.4294518288973528,312.094343771432,Benign
P002634,UDP,IoT,Off,ME,2,1,4015.714502719395,634.0837162904345,150.30157701595508,5,FIN,143,1,-58.37055854557733,guest,0.050844924597779166,326.0240250575586,BruteForce
P002635,TCP,IoT,On,EU,1,0,3422.6386416234673,6571.711530558193,74.3497006985982,3,ACK,110,1,-73.08045098248417,user,0.30317257011206716,298.45446119327437,Benign
P002636,TCP,Mobile,Off,US,5,0,5958.995530220043,3246.1673596478145,119.53044383600536,5,SYN,443,1,-69.24805935433561,user,0.11068786715828552,315.0780809800846,Benign
P002637,TCP,IoT,On,EU,0,1,5399.2712680156665,7741.756328037566,85.44516360551127,4,SYN,143,0,-57.69114989130135,user,0.21082794686802062,283.60061514549125,BruteForce
P002638,UDP,IoT,Off,ME,2,0,2842.0586356082663,6732.974476042175,152.57033507424106,10,SYN-ACK,25,1,-40.235175764289295,user,0.2253455636080764,318.1800125607877,Benign
P002639,UDP,Server,On,APAC,2,2,4616.636893235277,7940.598833832479,49.79249221647541,5,ACK,25,1,-72.89397098387789,user,0.28357215475775005,263.0745447501496,BruteForce
P002640,udp,Workstation,On,APAC,2,1,3444.5710791520833,4478.512761219178,97.89715721229808,1,ACK,143,0,-71.85455571466116,guest,0.4988612358072555,280.8099872539665,Benign
P002641,UDP,Workstation,Off,ME,1,1,4509.824009465586,6330.759796729424,104.66579974792162,3,ACK,22,1,,admin,0.4690858477464722,249.8502329939813,Benign
P002642,UDP,Mobile,Off,US,2,0,2647.6663713565276,5846.722332431062,135.47149697123612,5,FIN,53,0,-68.92053166297706,admin,0.5216245027005247,284.80497839637974,BruteForce
P002643,UDP,IoT,Off,APAC,2,1,5683.057817212504,5160.039539357652,150.91609804890473,1,SYN-ACK,443,0,-45.049787806492965,user,0.43821449394194945,302.7004707023723,BruteForce
P002644,tcp,IoT,On,APAC,3,1,6030.749643936091,3723.094801364119,86.76572189407474,9,SYN,25,3,-54.559025897859726,user,0.18363973783215864,283.83261599811453,Benign
P002645,,Server,Off,EU,3,0,4451.894882367433,7327.884817523,35.54408802178256,5,FIN,25,0,-57.427842894071766,user,0.16913650935044713,259.4304249810081,BruteForce
P002646,tcp,Server,Off,ME,1,1,6113.70712314165,9582.778221764755,114.15950272343322,2,SYN,143,3,-55.171215192101144,user,0.49492120310746013,306.66597325418786,BruteForce
P002647,UDP,IoT,On,APAC,1,0,5928.262598920741,5518.222852018789,87.47828966263194,6,SYN-ACK,21,3,-44.702088431274504,user,0.5322577790528182,304.54516918813016,Benign
P002648,UDP,IoT,Off,US,2,1,3741.257467078557,,114.89963036032194,5,SYN,443,0,-56.263786674116425,user,0.3183163504770101,322.60389299320155,Benign
P002649,TCP,Mobile,Off,US,4,0,4169.35315539268,7999.501055657891,131.40444750633853,8,SYN-ACK,53,1,-65.2863016957459,user,0.4431361933039599,298.4773267002436,Benign
P002650,TCP,Server,Off,US,3,2,3491.694178066492,9967.515863853734,161.41600911322786,2,SYN,53,2,-73.11377069744202,user,0.11331025333642741,294.4378557678229,Benign
P002651,udp,Workstation,Off,ME,0,3,4867.723443349928,6155.496245891556,108.20667920759888,1,SYN-ACK,110,0,-71.1682081235558,admin,0.261521522346582,274.46607192430025,Benign
P002652,ICMP,IoT,Off,ME,2,2,5454.2954874232,5631.738917324299,38.84129061962702,3,SYN,25,1,-73.69097003815875,user,0.3108584052808122,269.61001207921026,BruteForce
P002653,UDP,Server,Off,APAC,5,1,6059.724341248722,5336.825932020569,133.00387228946482,4,SYN,21,2,-69.32651267427387,user,0.12834120686993492,331.4580708265733,Benign
P002654,TCP,Mobile,Off,EU,2,0,6964.038309182946,7049.485277090912,190.83515375115618,2,ACK,21,0,-53.89436752957642,user,0.06369035740893496,323.63866749388814,Benign
P002655,ICMP,Mobile,Off,ME,3,2,6543.533240840077,5594.734705247325,121.76815006772318,2,SYN,25,1,-42.11468205545643,user,0.3442539972156634,262.44542964687076,Benign
P002656,ICMP,IoT,Off,EU,0,1,3249.278943179316,5122.891968010882,108.87417373038258,5,SYN,22,2,,user,0.38399690629542904,274.513339371941,Benign
P002657,TCP,Server,Off,APAC,1,0,6892.86635850007,,151.24293365800966,8,ACK,3389,1,-57.27741061311863,user,0.45735274247669483,319.84827676840274,Benign
P002658,UDP,IoT,Off,US,1,1,4832.45381252386,7512.245716321198,109.85808282967004,3,ACK,22,1,-49.72648773162831,admin,0.291378179637763,289.1881025302815,Benign
P002659,tcp,Workstation,Off,US,2,1,2432.84734742929,4449.860045576988,73.03070831890328,6,FIN,3389,1,-57.141537417155455,user,0.41421537350239196,270.42831813348363,Benign
P002660,TCP,Workstation,Off,APAC,1,2,3142.2693850339415,4142.041358164255,103.08669526294489,2,FIN,110,2,-52.95502069914595,user,0.3900138404173953,268.3586673339942,Benign
P002661,ICMP,IoT,Off,EU,1,1,4816.829574509128,5476.329305556802,124.22648046917132,7,SYN-ACK,443,2,-69.70060319465675,user,0.2639284323717861,281.1011816728823,Benign
P002662,ICMP,Mobile,Off,US,1,1,7162.51177867417,1888.5594583471666,154.10700659346088,6,SYN-ACK,443,2,,user,0.2320688827416982,323.7560155246142,Benign
P002663,,Mobile,On,EU,3,2,4144.205597327117,4502.182139456385,109.09437538314337,5,SYN-ACK,143,0,-64.16695875845039,user,0.2325374976228318,288.84586963235347,BruteForce
P002664,tcp,Mobile,Off,EU,1,2,4706.606768209409,6549.917968846268,178.02682336711595,2,SYN-ACK,110,1,-62.24605420957143,admin,0.11008035349582522,316.8310194815726,BruteForce
P002665,tcp,Mobile,Off,US,3,1,5149.066395961102,7109.742633989807,103.92259995702919,5,FIN,25,0,-59.73894174695467,user,0.31077758177680304,268.9508603733822,Benign
P002666,UDP,Server,Off,EU,3,2,2837.2844948324537,4253.358991344386,132.67410916679495,4,SYN-ACK,443,2,-51.759788314523476,user,0.4288139710992851,279.1922357342719,BruteForce
P002667,ICMP,IoT,On,ME,0,3,5283.624804433513,5376.967150056953,190.22860098559823,4,FIN,25,2,-76.19018917751565,admin,0.06728749157873437,330.69986604142764,BruteForce
P002668,TCP,Workstation,On,ME,4,1,3921.905240368316,7941.7181542243525,121.81218517772116,2,SYN-ACK,21,0,-67.79997679985982,user,0.5538192424374768,278.07571856785916,Benign
P002669,TCP,Workstation,Off,ME,0,0,5244.966321882599,,118.03718177380584,2,FIN,53,0,-57.41639979326025,user,0.5950502380064041,289.67539128879827,Benign
P002670,UDP,Mobile,Off,EU,0,2,1390.6441150799342,4927.848541754987,548.0785140324871,8,ACK,143,0,-56.49660640411951,user,0.02157173639263778,255.7694276630988,Benign
P002671,udp,Workstation,Off,ME,1,1,3803.2843406903075,6709.79413276979,116.40016499527209,1,SYN,443,2,-57.08349438369132,user,0.26472257046682274,278.85315070806,Benign
P002672,TCP,Mobile,Off,ME,4,2,4804.574495629918,6455.518595836264,143.19687634337407,6,SYN,53,3,-52.57165458615041,admin,0.016009067071941732,309.450567563172,BruteForce
P002673,udp,Server,Off,US,0,0,4495.153648969432,5098.903723825095,137.59764665284604,4,SYN,25,1,-66.4189357722932,admin,0.203918581474936,311.7085463891241,BruteForce
P002674,UDP,Workstation,Off,ME,2,1,3689.0591475964193,,110.07395857266404,5,SYN-ACK,21,0,-48.88090931534538,user,0.01620915419022468,283.24130431040936,Benign
P002675,tcp,IoT,Off,US,1,0,3569.053582282402,2848.272018428759,60.285707466407395,3,ACK,3389,1,-60.084258531185796,user,0.31170512545421986,272.72334385961915,Benign
P002676,ICMP,Server,On,ME,0,5,4136.901976179951,,98.26615598737585,9,ACK,21,1,-63.89169436034917,admin,0.16191083169747172,270.41734367946196,Benign
P002677,TCP,Mobile,On,US,1,1,4441.150819549501,5568.922726572365,70.89617267044238,2,SYN-ACK,3389,0,-72.71236605119854,user,0.61012492101389,247.49032847718038,Benign
P002678,,Workstation,Off,US,0,0,2579.5090718708097,3188.6178720648127,137.286511581624,2,FIN,443,1,-53.37438122453787,admin,0.25238659018348447,274.35597643267,Benign
P002679,tcp,Workstation,On,ME,4,0,3871.1779455452033,7848.696663174856,137.0759673612582,8,SYN-ACK,25,0,-57.62884800969613,admin,0.42909687807075797,329.6536919909916,Benign
P002680,udp,Mobile,Off,US,1,1,4952.084793422014,8901.342206254334,109.37466600469713,6,FIN,443,0,-69.21877558924758,user,0.05083743222871938,278.1543247153828,Benign
P002681,TCP,IoT,Off,EU,2,1,3277.964902519399,6352.72818222129,107.50706403407952,3,SYN,443,0,-52.04704886958968,admin,0.052753175226601556,277.8170651098941,Benign
P002682,TCP,Server,Off,ME,1,0,3483.774855051136,4629.110098741228,108.92118237475808,3,FIN,25,1,-58.226519988630486,user,0.2595610690585143,279.58584829131456,BruteForce
P002683,ICMP,IoT,Off,EU,2,3,3120.148688552438,4805.120084114712,156.2169279929813,8,ACK,110,1,-59.43401772663335,user,0.09290477374895902,287.64179662341746,Benign
P002684,TCP,Mobile,On,US,1,1,1368.9190243278672,5208.8088275331065,100.68565061589409,8,SYN,110,2,-68.40726487831253,guest,0.25695983462480787,279.9505619942098,Benign
P002685,UDP,IoT,Off,EU,2,0,3397.0549089969377,4725.418313382041,183.27627900447436,7,SYN,143,1,-68.00078228145631,guest,0.166463774492804,328.4348592060219,Benign
P002686,UDP,Mobile,Off,ME,1,1,3051.21967213664,4448.362885732693,72.49397637803213,5,ACK,22,1,-48.79719701041182,user,0.12150848993175321,230.3575538617906,Benign
P002687,UDP,Mobile,On,EU,3,1,6216.344272473281,6680.899692547226,116.5610512149262,9,SYN,25,1,-65.41038829243581,user,0.40757444157626105,302.048630721977,Benign
P002688,tcp,Mobile,On,ME,1,1,9105.019908240512,3876.674803740433,162.04749333550478,3,FIN,22,3,-49.01596833731567,user,0.4499252291561641,323.9291275263387,Benign
P002689,TCP,Server,Off,ME,1,1,5340.268565733663,10666.512229688778,160.34035942167134,3,SYN,80,1,-46.96086695425938,admin,0.45462575556184953,293.39805564291083,Benign
P002690,udp,Server,Off,US,4,0,8868.56099348592,7356.929897842796,82.70674166110967,6,SYN-ACK,22,2,-51.43878401417631,user,0.13874959635172013,283.10005183241225,BruteForce
P002691,tcp,Server,Off,APAC,1,0,1826.8347180899495,5630.689162339794,189.03046716788953,5,FIN,3389,1,,user,0.31067617659196434,310.35923257141803,Benign
P002692,UDP,Mobile,Off,ME,1,0,3267.8822937059576,4068.5296883718197,118.1687801841739,4,ACK,143,2,-60.53967214209335,user,0.5694924551855214,295.6962904270039,Benign
P002693,TCP,Workstation,On,ME,2,3,6511.548856850456,6702.284890828774,134.92103197580363,6,SYN-ACK,22,2,-59.791518535211516,user,0.5380926864435859,310.4072403146775,Benign
P002694,,Server,Off,EU,2,0,4961.478156480351,8486.016559467182,89.98934254604319,4,SYN,21,1,-61.41326634587838,user,0.11039755683857087,293.91914786352976,Benign
P002695,UDP,IoT,Off,ME,2,2,3607.9754292950706,6227.946638783749,141.39696455529378,5,SYN,443,0,-60.062804965631784,user,0.36105495570061974,292.5042064615754,BruteForce
P002696,UDP,Workstation,On,APAC,1,1,6479.049476499087,6081.718110990534,89.15304480786403,3,SYN-ACK,22,0,-56.485136359705685,user,0.4449458413976309,260.04276377913953,Benign
P002697,TCP,IoT,Off,APAC,3,2,3301.5955098612667,3679.4047073051147,146.81385145318382,4,SYN,21,1,-82.60221840097925,admin,0.4252461824441343,299.5114277355208,BruteForce
P002698,UDP,Workstation,On,EU,2,1,2332.052530067229,7204.252557441983,192.9333694634584,3,FIN,53,0,-64.25422776402227,user,0.2608225301196122,300.42296050338234,Benign
P002699,TCP,IoT,On,APAC,3,2,6061.785434085994,6836.4598499275135,157.24931677077439,6,FIN,21,1,-64.52995560647784,user,0.10599210590176503,319.85014610645743,Benign
P002700,TCP,IoT,Off,APAC,0,0,5893.142206971166,4935.53570813329,104.41188297754356,3,SYN,22,2,-57.88236778668262,admin,0.6373065345045827,277.06903348288,Benign
P002701,TCP,Workstation,Off,ME,4,2,4604.909251973885,4529.576757737992,73.84146402506616,2,SYN-ACK,25,0,,user,0.11516114104260695,262.32909187805603,BruteForce
P002702,TCP,IoT,Off,ME,2,0,6034.775449921185,8443.8906166549,82.1565484429384,4,ACK,21,3,-76.96569456944445,user,0.3040681791186214,298.8905093243931,BruteForce
P002703,UDP,Workstation,On,ME,1,0,3844.4115520264454,8355.610251984483,91.50452292608487,4,SYN,21,3,-79.13501335093838,user,0.35310702866428306,267.0491256568108,Benign
P002704,tcp,Server,Off,US,2,0,5597.200475932126,6311.607684423941,156.82026660602762,8,SYN-ACK,25,1,-66.47735071745029,user,0.03731070354222257,303.58752216160735,Benign
P002705,UDP,Server,Off,ME,1,2,3107.858415019633,4841.909920067579,112.2093125186644,3,SYN,22,2,-56.391814954661506,user,0.03369059038052211,280.40268911734427,Benign
P002706,udp,IoT,On,EU,1,0,4503.983744758508,,132.5148397451657,5,SYN-ACK,80,2,,user,0.047271044012706424,332.2838510156663,Benign
P002707,UDP,Workstation,Off,EU,1,1,6112.466782901554,5302.37829389935,153.9502933571374,5,FIN,25,0,-74.33347075409205,user,0.19592642316771844,302.2675906687471,BruteForce
P002708,TCP,Workstation,Off,APAC,1,0,5470.622853739625,4827.181573045822,62.8991285212815,7,ACK,443,1,-67.6014014446829,user,0.12576087308837797,275.4813236433002,BruteForce
P002709,TCP,Mobile,On,US,1,0,2787.7827020560817,6062.32185465251,152.5733366864507,4,FIN,53,1,-50.50333917960023,user,0.6079248630103764,293.14992441970855,Benign
P002710,tcp,Server,Off,APAC,1,0,5854.54540042771,3225.8663164856503,142.5300994691937,6,ACK,22,0,-80.82229803859082,user,0.14254813862219654,333.80432803208413,BruteForce
P002711,ICMP,Server,On,ME,1,1,5196.673508251584,4579.24015995133,762.3841872034543,7,FIN,53,0,-50.375413027617896,admin,0.24640591069202472,322.153426551584,BruteForce
P002712,TCP,Workstation,Off,EU,2,0,5707.768162676629,3731.4797814996095,72.04341043198616,7,SYN,80,2,-59.491442221916316,user,0.15031282702920964,303.74299691766936,Benign
P002713,TCP,Workstation,Off,ME,2,0,4116.196637121844,5907.233836372649,81.81187877291359,7,ACK,3389,1,-67.85402999294121,user,0.2043083550798162,269.6212976792021,Benign
P002714,udp,IoT,Off,APAC,1,2,4218.418156938979,,72.1363982295776,5,SYN,143,3,-85.6292997464512,user,0.12945465524028257,232.26807375482264,Benign
P002715,,IoT,Off,APAC,1,3,5808.594212837231,5790.596568163095,72.61947387035363,7,FIN,80,3,-66.29611877905336,user,0.230735910832594,279.78334272823383,Benign
P002716,tcp,Mobile,On,ME,3,1,5176.006116913777,8521.03586222475,139.46385748168302,8,ACK,22,1,-51.55696984110355,user,0.3806692318940665,307.20337105874233,Benign
P002717,,Mobile,On,APAC,1,1,3130.214879635546,5793.7017498568375,191.0606450616553,6,SYN-ACK,443,1,-70.35645669202525,admin,0.22395067744474087,344.51788630323074,Benign
P002718,UDP,Workstation,On,US,1,0,5398.036006085587,7793.636739909124,139.73766461854507,4,SYN-ACK,53,2,-49.962708003047844,user,0.29501846768943146,307.359287251225,Benign
P002719,tcp,Server,On,ME,3,0,3916.0493234318437,3823.066638846361,105.78422672061986,6,FIN,21,1,,user,0.32437572350643257,294.6938087770455,Benign
P002720,,Server,On,APAC,0,3,5944.752540398415,6320.39002536365,109.78041973309416,5,ACK,21,1,-51.15738747645791,user,0.5761301421628444,297.33484534648574,Benign
P002721,TCP,IoT,Off,APAC,3,2,6902.34196778554,7129.09879647153,122.68113506855526,8,ACK,110,0,,admin,0.35242916676946473,317.08411718107527,Benign
P002722,,Mobile,On,US,2,0,3603.9816940226337,4516.365800957012,56.82602519496576,7,SYN-ACK,80,1,-58.93571031275332,user,0.2583984822887745,262.60733941584533,Benign
P002723,,Mobile,On,APAC,1,2,3731.7364847772383,2733.8869186649,135.00250564077356,4,FIN,22,1,-61.13388870594939,user,0.1819054101770766,288.5801937584945,Benign
P002724,TCP,IoT,Off,EU,1,1,3708.315670419869,3512.814464700277,146.06228886998264,3,ACK,25,0,-56.06535218241558,admin,0.27355117925742684,288.7092252360379,BruteForce
P002725,TCP,Mobile,Off,EU,4,1,4479.014250605257,6097.899582832457,101.33833363215842,4,FIN,53,3,-47.63157054962246,admin,0.3577068304085655,250.82699494303327,Benign
P002726,UDP,Server,On,EU,1,1,4987.6679160600515,5191.826074147004,68.57519754002061,5,SYN-ACK,110,1,-56.250520404833,admin,0.5940966720427668,274.78637069379016,Benign
P002727,,IoT,On,ME,1,1,4626.821771159991,4925.000748811149,136.80503305990305,2,ACK,110,1,-75.82008514877273,admin,0.3106261326750516,289.3964761465819,Benign
P002728,UDP,Mobile,Off,ME,3,2,3863.630175692151,8596.300754002805,179.98797668243554,6,SYN-ACK,3389,1,,user,0.23959607880277567,276.98230101192655,Benign
P002729,UDP,Server,On,ME,1,1,4956.547991769785,6665.158584548504,173.7445262036689,5,SYN,143,0,-55.487850500899455,user,0.36258773447730286,318.0960738581587,Benign
P002730,TCP,Server,On,US,5,1,3089.0018794220723,3019.3234600316982,115.29209853314266,5,SYN-ACK,53,1,-58.85706013705316,admin,0.03321063555377004,293.03475652922,Benign
P002731,TCP,Workstation,Off,US,3,0,4059.3069657138703,2771.0118562376883,115.143172162012,0,FIN,443,0,-66.83761728734366,guest,0.42867354063679564,293.6198087398037,Benign
P002732,,IoT,Off,EU,0,1,5089.251555244443,6381.464537962513,174.47546569467292,3,ACK,53,2,-67.66147530349791,admin,0.49529155211451553,341.85696402998326,Benign
P002733,TCP,Server,Off,APAC,3,0,3004.3837229251976,6650.688109995397,143.67000274719476,3,SYN-ACK,80,2,-56.00222736849315,user,0.6529291668759442,311.1931258275948,Benign
P002734,UDP,Server,On,US,2,1,883.4825131361586,9102.437761195391,135.39881610372194,6,SYN,22,2,-63.86393945327301,user,0.5146591456956696,270.828917415592,Benign
P002735,TCP,IoT,Off,EU,3,3,4899.1369350013565,2766.2580615703537,205.85010418050794,4,ACK,21,1,-52.52348334798252,user,0.21495630047670422,361.5228970314463,Benign
P002736,TCP,IoT,Off,EU,3,3,5984.536968383041,5129.765808017494,96.66865126746521,1,SYN-ACK,3389,1,-69.32552206689385,user,0.6593028717282591,262.61193618437954,Benign
P002737,UDP,Mobile,On,US,3,1,6380.850545433378,7982.7240487877025,119.25835260948878,9,ACK,53,0,-68.39511370656996,user,0.5200080245477244,298.68514031021584,Benign
P002738,TCP,Server,Off,US,2,3,5597.138222177384,4496.351546992367,82.588274111641,2,SYN,80,2,-79.56694991627798,admin,0.044405627046800754,287.45136810333724,Benign
P002739,TCP,IoT,Off,US,3,1,4533.444830817708,5640.735258374215,109.53958753643514,5,SYN,80,1,-64.3797244834597,user,0.056427095226387426,283.32066424753083,Benign
P002740,ICMP,Workstation,Off,ME,2,2,4493.027375570862,7184.257258957139,125.28755098528318,6,FIN,443,1,-39.63751561819462,user,0.25368135931390945,296.8525729691519,Benign
P002741,UDP,Server,On,EU,1,2,5745.730657955543,5445.183113273456,125.89576475620973,6,ACK,53,0,-41.671231998792294,user,0.17782036242532726,247.23292479734505,BruteForce
P002742,TCP,Workstation,Off,US,5,1,4954.785280167668,6151.02712016347,125.03910398287594,5,ACK,80,0,-49.312378614514046,user,0.3330604725635326,283.45137556206873,Benign
P002743,UDP,Workstation,Off,EU,2,1,6449.85395621268,8919.194812307884,109.3467715844093,4,SYN-ACK,22,1,-61.032709291866624,admin,0.24341649336678078,287.0545324283621,BruteForce
P002744,ICMP,Workstation,On,APAC,2,2,4508.165506845776,960.3766118553531,123.58889237736378,7,SYN,3389,0,-60.77598778187197,user,0.3686435372110502,291.39772178142715,Benign
P002745,UDP,Workstation,Off,ME,4,1,5616.363186612177,4326.315050578977,119.92140943553254,4,SYN-ACK,21,0,-52.35899001361034,user,0.17707410097483725,262.8170098032169,Benign
P002746,TCP,IoT,Off,US,3,2,4688.7120690128,5462.47947117835,117.14249182736376,4,SYN-ACK,143,1,-70.90941195481209,user,0.2345656719214181,293.98506109665226,BruteForce
P002747,tcp,IoT,Off,APAC,1,0,5510.085419450269,6896.994518250941,97.00387088735378,3,SYN,53,0,-44.093114067433476,guest,0.1400947052785834,268.8668790648885,Benign
P002748,UDP,Mobile,Off,ME,1,0,4502.260749342922,5847.844351204527,753.7789261067464,7,SYN,22,1,-59.92235417513494,admin,0.27955324828985373,292.9364207184811,BruteForce
P002749,TCP,Mobile,On,EU,0,0,6251.043895667997,3540.2851727145407,94.34848486226858,10,SYN,21,0,-77.98422709006162,user,0.19804914331324583,282.1294139892442,BruteForce
P002750,TCP,Workstation,Off,APAC,1,2,3077.204818705096,4705.424540922235,115.50487963635338,2,FIN,22,0,-69.74153367994914,user,0.6712680244739854,274.86492619089853,Benign
P002751,,Mobile,On,ME,1,0,6550.490542553023,7023.000558893107,126.08677712674339,5,FIN,3389,3,-66.34200171023076,user,0.44490701471193767,309.43761055416866,BruteForce
P002752,TCP,Server,On,ME,2,2,6630.513302475576,2350.891568303647,110.11609514686027,5,ACK,80,1,-78.45226697618644,user,0.511238877501264,277.93181932691687,BruteForce
P002753,ICMP,Mobile,On,EU,3,2,2110.973615655138,7315.324182852483,115.0727435187561,8,SYN,443,0,-60.81545057759551,user,0.358299191171982,264.016514372479,Benign
P002754,,Mobile,Off,EU,4,1,6570.519388260371,,116.74107452347569,5,SYN-ACK,21,3,-59.569636220802415,user,0.49077475832737594,281.35493792119564,Benign
P002755,TCP,IoT,On,EU,1,0,4958.253795995056,9135.18461962872,95.69484742915499,5,SYN,21,1,,user,0.3054235048770284,283.51512407868233,BruteForce
P002756,TCP,Mobile,Off,APAC,3,2,6184.8534586515625,6205.847825076685,145.65568340905583,7,SYN-ACK,22,1,-54.452840159675766,user,0.299996445463219,304.7399181053152,Benign
P002757,tcp,IoT,On,US,1,4,2391.8398426114463,6069.809566320991,128.43799522758712,5,SYN-ACK,21,0,-50.62774555085647,user,0.20427286733114094,277.3948310202689,Benign
P002758,TCP,Mobile,On,APAC,1,0,4583.548656986616,6658.207510198266,135.59906402970185,3,FIN,3389,1,-67.97483391799067,user,0.24540369481593927,279.53563795481114,Benign
P002759,tcp,IoT,Off,EU,2,2,3372.487702694243,3699.5634618413255,130.3432336400185,10,FIN,110,0,-55.992381189540254,user,0.34070977675073516,287.35456990670326,BruteForce
P002760,TCP,IoT,Off,APAC,3,0,2212.13870142682,5197.093385903241,122.48516783234828,0,ACK,22,0,-57.4110652713549,user,0.24515516936742626,254.2155445870385,BruteForce
P002761,UDP,Workstation,On,APAC,3,3,6499.233187872849,,66.6765281472976,7,FIN,110,0,-46.93386889469591,guest,0.4903723654189829,287.6362840041245,Benign
P002762,TCP,Server,Off,ME,4,0,5152.522340494524,,186.11431805406738,5,ACK,80,0,,user,0.10335577357987497,291.37786555319246,Benign
P002763,TCP,Mobile,Off,US,0,1,3047.1251706019784,7573.173729375209,132.532118786724,4,ACK,21,3,-54.39698547489137,user,0.16217777740460962,290.2083219604755,Benign
P002764,TCP,Workstation,Off,US,1,1,6020.813699726099,6020.030566010188,124.85394489847789,4,ACK,80,2,-53.82336385205098,user,0.30201586329084945,288.2910300600346,Benign
P002765,tcp,Server,Off,EU,1,2,4421.166214895539,3642.905190250122,167.72850419349564,3,SYN-ACK,80,2,-56.67038257544591,admin,0.14760606749232105,296.24482080033744,BruteForce
P002766,udp,Mobile,On,EU,3,1,4207.075022059549,5900.8062730615875,133.38678755872147,5,ACK,143,3,-65.56497967702742,user,0.2934797771107742,294.96736851352813,BruteForce
P002767,TCP,Server,Off,EU,4,3,6373.247674638487,8706.488669676866,137.88258261129212,4,FIN,22,0,-48.6686732096647,user,0.4328374530013689,309.2562625833263,BruteForce
P002768,UDP,Workstation,On,US,2,0,5142.78190653192,3346.6480190093116,124.81115607579613,5,SYN-ACK,22,0,-68.18783376013519,user,0.39554592771549957,278.71886406829424,Benign
P002769,TCP,Mobile,Off,APAC,4,0,5709.147754634367,,131.68913644210858,10,SYN,80,0,-63.35080201835928,user,0.3828381822044619,302.35535321093994,Benign
P002770,UDP,Mobile,Off,US,4,0,6240.657598930573,5101.951288812154,95.5732263830451,2,SYN-ACK,21,2,-83.95236257322681,user,0.1705772856032762,274.25669648157253,Benign
P002771,TCP,Workstation,Off,APAC,4,0,3812.141934198495,4945.926702241318,83.53877945914464,2,ACK,143,1,-56.764458253346454,user,0.14524916584654066,267.88746858515196,Benign
P002772,ICMP,Mobile,On,APAC,3,1,7017.2052841480545,5481.795327814939,151.29971265186583,3,ACK,22,1,-40.77402031182863,user,0.4147069844610177,312.42243697906207,Benign
P002773,TCP,Workstation,On,EU,1,1,6133.19541624714,6351.106150800046,138.5667124804882,6,SYN-ACK,25,1,-56.852244397711246,admin,0.30397848290481516,302.3736242207366,Benign
P002774,UDP,Server,Off,US,2,1,4615.829516868133,2879.263238919732,91.5133617827677,6,ACK,22,2,-51.25520318010392,user,0.26458661482072887,285.0717521021924,Benign
P002775,TCP,Workstation,Off,ME,0,1,7256.597998200576,5117.772761631806,55.87786728476239,3,FIN,53,2,-37.557963748012654,guest,0.09483905410021834,252.65861929280675,Benign
P002776,tcp,Workstation,Off,APAC,1,1,3481.8931449299125,7205.65494035409,142.81292821704574,5,SYN,53,0,-55.997181178452095,user,0.22736979892019749,307.90836364030065,BruteForce
P002777,TCP,Workstation,Off,ME,1,1,5076.511585898633,5094.151858408996,85.02812686248191,3,FIN,21,1,-53.367606780048256,admin,0.47593833387760126,298.82866868986673,Benign
P002778,TCP,IoT,Off,US,0,0,4527.138451329006,,107.689037750698,5,FIN,443,2,-73.01054277078515,guest,0.07471602633975429,294.1256320006304,BruteForce
P002779,UDP,IoT,Off,ME,1,0,4711.912137706835,6302.5953072079865,150.6353117203342,9,SYN-ACK,143,2,-55.62459492611403,user,0.14920581578111927,328.19750724500443,BruteForce
P002780,TCP,Server,Off,US,3,2,3485.9227074688224,4661.745564703421,72.87980430746263,7,SYN,143,1,-64.1732927865477,admin,0.360577434355827,266.91083751999065,BruteForce
P002781,TCP,Mobile,Off,ME,3,0,6023.298174927467,1319.1646477027944,200.76336664874975,7,ACK,25,0,-53.300688175071286,admin,0.34729537890240386,375.3617222103225,Benign
P002782,ICMP,IoT,Off,EU,1,1,7034.053518108065,4981.565180370464,81.50111944611098,2,SYN-ACK,21,3,-51.33184106672257,user,0.1403056637387907,270.9899493809662,Benign
P002783,TCP,Server,Off,ME,0,2,3236.697264638122,5877.872469684143,159.7025221043379,5,ACK,22,1,-59.67177144265669,user,0.2565251569130874,293.39965721122036,Benign
P002784,ICMP,Workstation,On,APAC,2,2,6935.8903721230745,7825.018781543193,99.34679583269875,4,FIN,25,2,-75.03990901316685,admin,0.27380674677976957,262.0172888562911,Benign
P002785,ICMP,IoT,On,ME,1,2,5389.854409834524,6787.479280514643,814.0015653118228,2,ACK,21,0,-76.70228080300382,admin,0.2927020182513441,289.14776994489023,Benign
P002786,TCP,Mobile,Off,ME,0,2,5399.438929188686,5278.477797596218,114.13356932780265,7,FIN,143,2,-66.32717374702618,user,0.2045667568860423,273.79624044815637,Benign
P002787,UDP,Server,Off,ME,1,0,3699.1333632749083,7907.544690061984,120.56666927803441,9,SYN-ACK,110,0,-73.78397882827925,user,0.26478291657723824,339.8835194948078,BruteForce
P002788,TCP,IoT,On,EU,4,1,5641.84353355974,6350.307195409586,117.3523792104857,7,ACK,110,0,-61.13454643351015,user,0.3169729587576555,305.08352077728637,BruteForce
P002789,TCP,Mobile,Off,ME,1,1,5196.647319502141,6059.871449642324,156.84680036221857,7,SYN-ACK,3389,1,-60.32191121367442,user,0.5477708916262114,325.96194623191127,BruteForce
P002790,ICMP,IoT,Off,US,0,1,3395.9518609989937,6708.142670772045,118.04805493125495,4,ACK,25,0,-44.35480117277309,user,0.2888528828941986,268.6594591792089,Benign
P002791,tcp,Workstation,On,US,1,0,4304.420579063018,6619.106160727808,188.92673763528467,7,SYN,25,1,,user,0.33339956452041125,324.0851022093459,Benign
P002792,udp,Mobile,Off,EU,2,1,6259.494404485917,4056.574295505904,132.1140301943521,5,ACK,143,1,-57.99407204269978,user,0.2715208032459677,280.5892786924351,Benign
P002793,UDP,Mobile,Off,APAC,3,1,4802.12151624436,2640.312997222565,151.6686087256664,1,ACK,80,0,,user,0.5971374172314742,296.2702411507641,Benign
P002794,UDP,IoT,Off,ME,3,0,2002.8589608903762,7205.070162718618,122.43621827706266,5,SYN-ACK,22,0,-46.15965378160253,user,0.2606742340249318,260.9330506754169,BruteForce
P002795,ICMP,IoT,Off,EU,3,0,5076.277158227821,3065.010782862567,211.75763900427813,6,FIN,143,2,-64.71288489826435,user,0.27269488590506674,361.0925608307581,Benign
P002796,ICMP,IoT,Off,APAC,5,1,6687.131000410319,6677.853755856902,88.25839240935284,6,SYN-ACK,110,0,-64.44513811361858,user,0.25321567372825765,279.6015634516441,BruteForce
P002797,TCP,Workstation,Off,US,2,1,7348.546443342653,4066.5010505392056,164.74111287088903,6,FIN,53,2,-56.38872310331878,user,0.03837034950605345,326.31127129973265,Benign
P002798,TCP,IoT,Off,ME,2,1,3417.468008928566,6810.193974898898,146.44554196251468,6,ACK,143,0,-48.55618764450578,user,0.18613900498583572,332.94213000160926,Benign
P002799,UDP,Server,Off,US,5,0,4267.796536912544,6074.476855216924,206.3665491481451,6,SYN,143,0,-55.52835070882532,user,0.5444417121114503,311.5429394157491,BruteForce
P002800,UDP,IoT,On,ME,2,4,6083.940377499642,5625.895949092889,140.64693235592677,4,SYN-ACK,25,1,,admin,0.4104312545633204,296.0710873095863,Benign
P002801,ICMP,IoT,Off,APAC,0,1,4277.996896090554,1434.267220264056,93.89056405586723,3,SYN,53,0,-56.83405322261916,user,0.41574899802772936,275.0705647587249,BruteForce
P002802,tcp,IoT,On,US,4,1,5394.3224122701085,9342.778362424351,102.86964148926467,5,ACK,21,0,-52.21091223677298,user,0.3237228831334501,311.7878914375308,Benign
P002803,TCP,IoT,Off,APAC,3,1,3761.1715099600065,6749.375730396814,118.6701867715051,7,SYN,22,2,-55.081771531686655,admin,0.679997400565189,282.921588190601,BruteForce
P002804,TCP,Server,Off,APAC,1,1,5379.412351308546,6605.837519790813,122.54229737542613,6,ACK,25,1,-56.83221788750971,admin,0.16459710462719365,308.46576880622575,Benign
P002805,ICMP,IoT,Off,ME,3,2,6089.355024390481,5684.021961495412,131.2140490536658,7,FIN,21,0,-51.445583168903276,user,0.44775495996538595,300.7035886279918,BruteForce
P002806,UDP,IoT,On,APAC,4,0,4169.151797286224,8036.3949402999715,122.10876628340274,4,SYN-ACK,22,1,,guest,0.5973731936948715,291.5016408639192,Benign
P002807,TCP,Workstation,On,US,1,1,4837.024041633445,6552.71043477666,72.44058165193698,6,FIN,25,0,-74.80146610550591,admin,0.32166458260194547,257.7685636435815,Benign
P002808,UDP,IoT,On,ME,4,2,8803.496639015879,7210.1843460556465,128.96710264803792,8,FIN,22,2,-45.507837371261814,user,0.3839951425973713,315.6832704610075,Benign
P002809,TCP,Server,On,ME,2,1,5114.8070318813425,7970.533199981419,121.52721231103222,3,FIN,22,5,-59.23516913107568,user,0.2465098213728066,278.51753920409203,BruteForce
P002810,TCP,Workstation,On,EU,2,0,4713.864731107192,3184.1593142221604,133.2329596539287,5,FIN,53,1,-51.670579238096394,admin,0.3670254858466469,293.6784845038057,Benign
P002811,TCP,Workstation,Off,US,4,1,6805.679169617814,4160.082694320042,106.93915350521925,5,FIN,3389,0,-58.53740168396595,user,0.41389891956443164,316.20619564428597,Benign
P002812,UDP,Mobile,On,US,1,2,2494.9569952030747,8908.463910467972,120.8816106059058,4,FIN,25,0,-41.1838136808299,user,0.30340331215075905,273.6522626695128,BruteForce
P002813,,Workstation,Off,EU,2,0,3259.3707539097695,6408.432687536933,97.18477478408491,6,SYN,21,0,-74.4325602138433,admin,0.7165742739489984,243.89148928126096,Benign
P002814,TCP,Mobile,On,US,4,0,4951.849797479424,6396.220474124989,120.76503377016986,8,ACK,443,2,-74.28210857421712,user,0.2571636890221114,301.58070413425577,Benign
P002815,UDP,IoT,Off,US,4,3,2804.0266065998608,6861.843202774932,129.2280272675012,4,ACK,21,4,-61.365534197579244,user,0.18611150004933516,291.0820728096038,Benign
P002816,TCP,Workstation,Off,EU,0,1,6637.4484246171105,4653.143757888357,107.13579910355449,6,ACK,110,1,-84.13620482187297,user,0.3168263000425032,304.0032861288965,Benign
P002817,UDP,Workstation,Off,ME,6,3,5500.612903776267,5104.990066755634,129.50635263406195,2,ACK,80,0,-54.79041994736099,user,0.19825224018136334,314.15804794404323,Benign
P002818,UDP,Server,On,APAC,2,4,40332.311351637174,6741.760877203137,128.01345565617893,8,SYN,21,2,-65.02912211105432,guest,0.24689818471835542,299.58398198439295,BruteForce
P002819,UDP,Workstation,Off,US,2,2,5472.481391784353,7555.739117834792,87.61783417273492,7,FIN,143,0,-61.16900006347508,user,0.37500160441080366,281.2056509197364,Benign
P002820,udp,Server,Off,EU,0,3,4580.109328532143,5137.010767486714,151.6440696806653,5,FIN,3389,0,-56.52830484822177,user,0.8000983279720448,306.1412504973636,Benign
P002821,TCP,Server,On,EU,0,1,6136.246418303515,5439.964647464343,111.88521045756849,4,SYN,25,4,-56.82199009048116,admin,0.2923644232147647,282.3153300987832,BruteForce
P002822,TCP,Mobile,Off,EU,0,1,5720.657812838676,8845.869954324651,113.25767337401172,5,ACK,3389,0,-67.12294012689276,admin,0.12824595964766403,338.31070335190054,BruteForce
P002823,,Workstation,Off,EU,1,0,5342.570613903521,7194.682018884019,101.33737710954037,8,FIN,25,2,-67.40260125849383,user,0.6060058907626691,268.9158177412222,Benign
P002824,TCP,Server,Off,US,2,0,6305.498394727554,6715.929625895282,75.84650176895664,3,SYN,110,3,-63.80567230917563,user,0.4412063528403566,279.15660372243303,Benign
P002825,tcp,Workstation,Off,APAC,1,1,3945.778821450809,3272.1450954011166,93.06296809985724,3,FIN,25,2,,user,0.09656671438263861,283.5029886034851,Benign
P002826,UDP,Workstation,On,EU,1,0,6965.861102669499,2831.1939555592385,110.56808958096815,6,SYN-ACK,53,2,,admin,0.1522194180338279,313.6304545989526,BruteForce
P002827,ICMP,Workstation,On,APAC,6,1,5363.548045492595,7105.59911522817,135.38831729753468,7,FIN,25,1,-55.11588755863207,guest,0.37295473750308344,309.4462889581046,Benign
P002828,UDP,Mobile,On,EU,0,0,5505.37563229209,7191.14349073629,148.0413676358073,5,ACK,143,0,-62.49633735903682,user,0.1526597169837519,307.60063694394955,Benign
P002829,UDP,Workstation,On,EU,2,0,4619.913884738729,6540.16735524924,122.80935935998242,3,FIN,110,1,-57.51108555264296,user,0.012616774526705073,290.65232550232463,BruteForce
P002830,TCP,Mobile,On,ME,2,0,4465.780237401382,6725.910618790673,104.65841238521604,3,SYN,21,2,-64.60636975205057,guest,0.10600233975968593,321.0577002001317,Benign
P002831,TCP,Server,Off,US,2,3,6722.187992880121,5528.857412693433,130.17295563250755,8,SYN,110,1,-27.63216641174595,user,0.16262571912527415,326.72692640980756,Benign
P002832,TCP,Server,Off,ME,1,2,7759.168214813231,7164.833724472466,36.71119560467095,1,SYN,25,1,,user,0.2614275202159776,241.51312051654722,Benign
P002833,TCP,Server,Off,US,4,1,4121.46892265685,6493.173606350679,85.08559784292677,2,ACK,22,1,-58.678513688880514,user,0.020808001475637244,256.73281463886997,Benign
P002834,ICMP,Server,On,ME,3,3,3710.322512261018,4636.422289766548,129.09406459640547,2,ACK,443,0,-90.89124314144624,user,0.5094626029737453,276.91730048405077,Benign
P002835,TCP,Server,On,EU,2,1,4210.501349902728,,127.66935294547314,3,ACK,21,1,-81.04185801236599,user,0.14152130442755742,272.94318473142505,Benign
P002836,UDP,Server,On,ME,1,2,3854.6534968833057,6238.044371391296,61.73153687447241,6,FIN,110,2,-46.51333188739893,guest,0.34689206104661574,271.0646791720539,Benign
P002837,udp,Mobile,Off,EU,2,2,5126.791368411723,3691.346193613887,82.52559239296056,8,ACK,110,2,-57.753127962935736,user,0.09643392073741215,252.33221952478468,Benign
P002838,,IoT,Off,ME,1,2,4458.086488808824,6010.279091452203,130.116176903594,1,SYN-ACK,443,0,,user,0.5336749628474764,302.4718845057122,BruteForce
P002839,UDP,Mobile,On,APAC,1,1,3854.501452276858,6801.9074404972125,153.67815584084886,7,FIN,110,0,-70.69504736535119,admin,0.44530616567640513,310.3371229950969,Benign
P002840,TCP,Server,On,APAC,3,1,3779.541995204252,10074.414464991394,146.1838469424659,8,SYN,53,2,-66.53971282855008,user,0.16958924928946642,301.51104626553837,BruteForce
P002841,UDP,Server,Off,ME,1,1,4361.038921999701,6796.240011360755,74.96847883194081,5,ACK,80,2,-55.257652409114215,user,0.24565863783233796,286.8542079834341,Benign
P002842,UDP,IoT,Off,EU,1,1,4642.1869450519025,1971.3493404687547,125.11489571696391,5,SYN-ACK,443,2,-56.62642553764712,admin,0.4366217226934497,291.2334446099065,BruteForce
P002843,UDP,IoT,Off,ME,1,1,3910.899307844884,3740.034502182423,164.91998513979848,5,FIN,80,1,,user,0.5826713759800561,296.8875630584252,Benign
P002844,UDP,IoT,On,US,2,3,4077.535902550931,8277.654145531369,103.79499330538854,6,SYN,3389,0,-67.16345710772218,admin,0.15262098644088207,301.2130939760471,BruteForce
P002845,tcp,Mobile,Off,EU,1,2,5891.19482289636,7987.291816259796,102.15921837536916,2,FIN,53,3,,admin,0.28901689514835127,307.0761412978523,Benign
P002846,ICMP,IoT,Off,US,2,1,4318.8535460449975,8520.138155209212,106.23626129828213,3,ACK,80,0,-55.19787202967063,user,0.5070404353032725,301.2131441131976,Benign
P002847,,IoT,On,APAC,2,1,5225.792228072558,6827.520173024601,138.72447143116358,2,FIN,25,3,-67.41046849906144,user,0.51954077545166,317.60946902536983,BruteForce
P002848,UDP,IoT,On,APAC,2,3,2290.834880754429,4281.430939551814,112.03636472362072,9,SYN,22,0,,admin,0.31554089262168555,314.7586035758436,BruteForce
P002849,TCP,Mobile,Off,APAC,1,0,4545.666231641632,5987.848513855814,61.179600014142444,5,SYN,25,0,-51.08030518975594,admin,0.234855319873097,256.62237847298235,Benign
P002850,,Mobile,Off,ME,3,1,6265.1500196769575,8033.031903669476,136.05340054407765,4,SYN-ACK,80,1,-63.15349407136727,user,0.5798041628446732,312.58329547390406,Benign
P002851,ICMP,Server,On,ME,0,0,4866.337769716797,4292.586544406628,127.41775870485439,5,SYN-ACK,143,1,-68.62413966396569,user,0.17850024114239985,284.9009855464547,Benign
P002852,UDP,IoT,Off,ME,3,0,7464.181953459101,8518.492475823487,67.1367980856055,5,FIN,53,1,-36.81541253265256,user,0.4899598235100217,276.5382302196374,Benign
P002853,TCP,Mobile,On,US,1,1,4948.88253881461,9827.617332995671,93.86259550733035,2,FIN,80,2,-72.7691073948072,admin,0.5540093363990449,294.1024254716988,Benign
P002854,UDP,Mobile,Off,EU,2,1,4772.859774065043,6664.6853578632645,76.5484630936216,5,SYN-ACK,110,0,-67.75952051001126,user,0.2680615734699975,269.6026022624076,BruteForce
P002855,UDP,Mobile,Off,ME,1,2,4515.761039450751,7169.095962376862,108.12018364531377,3,SYN-ACK,443,2,-64.40284409621924,admin,0.4408386251520955,277.8208311738711,Benign
P002856,TCP,Workstation,On,US,1,0,3638.510070755151,3907.924277832036,98.01294337980715,5,SYN,110,1,-52.50375469875324,user,0.4185555996067095,277.5393934383369,Benign
P002857,udp,Mobile,Off,APAC,2,0,5412.0566980355425,5154.665901858744,101.45716792253128,7,FIN,21,2,-60.902397185661414,admin,0.29833472054518956,274.0099268227244,Benign
P002858,TCP,Mobile,Off,EU,1,2,5286.076904641153,6939.2347640892585,118.12369719107672,4,SYN,443,2,-56.151706595116494,user,0.31043093643256897,265.99132455878845,BruteForce
P002859,TCP,Mobile,Off,APAC,2,0,5097.666622749657,6231.801467945129,119.70280353636137,3,SYN-ACK,21,2,-56.464574503422774,user,0.1338261884864621,284.710075727819,Benign
P002860,ICMP,Server,Off,US,1,2,5463.374486339027,4979.243346773837,133.41037162387332,6,FIN,53,0,-58.84019333395076,user,0.3685996537161431,306.42523722138446,Benign
P002861,,Server,Off,US,2,2,6232.489576502698,5487.4144317008295,137.6913656355389,2,ACK,22,2,-51.90351068106117,user,0.11753312809601214,302.00787356472483,Benign
P002862,TCP,Mobile,Off,EU,1,0,7911.211042199544,6073.8184927091925,81.05060725804805,4,FIN,3389,1,-48.189785891954045,admin,0.1610595693849518,291.81569624102923,Benign
P002863,udp,Server,Off,EU,4,0,4556.101224673399,6097.9133185512255,120.41486917850439,7,SYN-ACK,143,0,-63.81719641566995,user,0.11222185015913418,316.9283208237082,Benign
P002864,UDP,Workstation,Off,APAC,1,1,2719.4123755040036,,97.32120337572958,7,SYN-ACK,3389,2,-69.35556880695277,user,0.14161449257685546,284.7367806486461,Benign
P002865,TCP,Server,Off,EU,2,0,4697.5558260073085,4995.873770851095,140.37995073022543,4,SYN,110,0,,user,0.4440137625200219,315.0243715310556,Benign
P002866,tcp,Mobile,Off,EU,4,1,5675.098680058628,7618.896552136783,110.95938822301098,6,FIN,110,0,-63.66138520632646,user,0.4567536433789272,266.94944995498076,BruteForce
P002867,UDP,Mobile,On,ME,0,1,4772.648687413022,2671.2840008673274,118.5838257241483,7,FIN,110,0,-52.83827026303203,user,0.25254489264702,313.94992386039263,BruteForce
P002868,TCP,IoT,Off,ME,2,0,5273.863149688151,7115.953753014803,105.59507599815718,4,SYN,25,0,-59.32225547830531,user,0.16783586005172368,287.3549086733415,Benign
P002869,udp,Workstation,On,ME,2,2,5887.09261917197,5685.772353396542,71.6992222244331,8,FIN,143,1,-55.544713739571215,guest,0.2637610501481817,276.5253428829442,Benign
P002870,TCP,IoT,Off,US,1,1,4469.79786171048,5351.749961452825,114.02632917905305,9,ACK,22,1,-51.17961038883218,user,0.13319511366487857,260.4475479258417,BruteForce
P002871,UDP,Server,On,EU,0,0,4876.664047267617,4976.671529848942,61.974423797840274,3,ACK,80,0,-36.13148627471777,user,0.14692374861424504,285.74394834621245,BruteForce
P002872,UDP,Workstation,Off,US,1,0,2900.1247271829284,3837.524997469769,119.83583955909326,5,FIN,22,2,-50.86786623166293,user,0.1693180485916559,284.04975971828304,BruteForce
P002873,TCP,Server,On,ME,3,1,5555.705133128917,7763.147818281145,128.554986604495,3,ACK,25,1,-46.71844599875233,user,0.40900312807295575,301.7350112196595,Benign
P002874,TCP,Workstation,Off,EU,1,1,3642.3150333970743,7458.337937069003,88.78394406368841,4,SYN,443,3,-64.82808542139338,guest,0.06837413793199582,270.4070688323987,BruteForce
P002875,udp,Mobile,Off,ME,0,1,3922.6109555340963,8067.312181131755,103.5097552050452,3,ACK,25,0,-67.94201997874455,user,0.25059151868672414,258.3775811721425,Benign
P002876,udp,Mobile,Off,EU,0,0,6732.175338521467,8730.306918655459,159.55345425113273,3,SYN,21,2,-61.732548769676576,admin,0.6021721464440806,324.87140828232225,Benign
P002877,udp,Workstation,Off,EU,1,1,6643.943822620789,4941.329766414207,113.67014905164498,8,SYN,110,1,-53.4789535799375,user,0.4588663989076004,288.7071091818811,Benign
P002878,ICMP,IoT,Off,EU,1,0,5688.205739859492,1935.7367340477667,63.355734369201535,8,SYN-ACK,21,1,-62.71602851386551,admin,0.28498718679059004,313.7173712383975,Benign
P002879,,Mobile,Off,EU,3,0,8592.907108885043,8698.18518654654,111.34579140869644,2,FIN,25,0,-61.92052372583036,user,0.2874223808116244,300.81710458228,Benign
P002880,TCP,Workstation,On,EU,2,1,4749.103978951593,6841.7228698060935,150.31275437718335,3,SYN-ACK,143,2,-64.25085294273006,user,0.08507294918692875,314.29328548642684,BruteForce
P002881,TCP,Mobile,Off,APAC,5,2,6752.398468483533,,84.19702803872559,5,FIN,25,1,-55.95499650469947,user,0.2174855537823659,278.5553727481794,Benign
P002882,TCP,Mobile,Off,ME,4,2,6694.629812385776,8925.087170816116,145.5908533486838,6,SYN-ACK,80,0,-58.60920439410695,guest,0.06048220012311235,321.67112490412103,Benign
P002883,ICMP,Server,On,US,1,2,5408.031913112888,7819.170534979838,105.21056087887148,4,SYN,21,2,-57.89627230446527,user,0.24821396388550482,270.80288222847616,BruteForce
P002884,ICMP,Workstation,On,APAC,0,1,5684.645512471912,6104.172317303597,122.74947434762684,7,ACK,443,0,-63.70122994284364,user,0.27423725223911827,287.84962757130154,Benign
P002885,UDP,Server,On,EU,2,0,7548.586635033302,6909.483819901206,122.90611363052757,3,SYN,80,0,-60.84542857864494,guest,0.3219362828523885,301.7970250628693,Benign
P002886,UDP,Server,On,APAC,2,0,2179.94803811554,2983.917839589997,62.52695203040601,4,SYN,80,0,-64.20312524477967,user,0.11568269439758991,262.4999922180967,Benign
P002887,ICMP,Workstation,On,APAC,4,1,6555.29695324099,,125.20432147145945,4,SYN,22,0,-96.49866615332553,admin,0.3599568796576362,317.16234205786316,Benign
P002888,UDP,Workstation,Off,ME,4,0,7987.883163471746,6637.121486150526,110.21661003330551,5,SYN,443,2,-62.69999509053487,user,0.6154434606631906,307.02037329772185,BruteForce
P002889,UDP,Workstation,On,APAC,2,1,3402.212017133464,6545.906870444382,125.55565206716184,6,SYN,143,2,-60.08552390037566,user,0.5663436645640129,281.53003625427726,Benign
P002890,tcp,IoT,Off,APAC,2,0,2758.8357562461397,4165.344512594119,122.98144600535596,8,SYN-ACK,21,0,-73.16980451388416,user,0.2326139741180926,282.75279834683454,Benign
P002891,TCP,IoT,On,EU,6,1,5276.105628640829,5375.378075078479,110.60498183733554,5,SYN-ACK,53,1,-54.751398527348194,guest,0.3028589723721867,285.433053858869,BruteForce
P002892,TCP,Server,On,ME,2,2,6392.5151860781,10173.417557420154,128.13774444175098,4,SYN-ACK,143,1,-66.6616552630129,user,0.3867264104020749,294.39701152398726,BruteForce
P002893,ICMP,IoT,On,ME,2,1,2225.6015226378045,5543.5946001610355,118.19710814665864,3,SYN,3389,1,-48.04448548629121,guest,0.43725545449052255,283.56008321292586,Benign
P002894,ICMP,Mobile,On,EU,1,1,2565.29712487982,4160.454541988298,106.37380231748325,0,ACK,21,0,-54.962042061765,user,0.45939439419277056,273.0365474884478,Benign
P002895,UDP,Mobile,On,ME,0,1,4874.339541781409,5462.9800190105025,73.64664593433577,0,FIN,143,1,-67.61420075089305,admin,0.1012611235291352,271.9167432523983,Benign
P002896,tcp,Workstation,Off,EU,0,2,1772.3031681379425,7613.662738507032,144.1399721286963,11,SYN,21,1,-61.48135179436056,admin,0.277497076911464,284.497049427805,BruteForce
P002897,TCP,Server,Off,EU,0,0,6234.578531969471,4513.429216247638,117.7029886645269,5,SYN-ACK,25,0,-68.4899216836556,user,0.29918911705615414,322.17816574987035,Benign
P002898,UDP,IoT,Off,APAC,3,0,6166.290930624224,6815.993111551902,84.65859815573918,8,FIN,110,1,-61.674993954850166,admin,0.3368319154642297,285.5930519120059,Benign
P002899,,Workstation,Off,EU,2,0,1812.3929175081162,2575.3267447832577,135.01846851804027,5,SYN-ACK,143,1,-48.16387431338062,guest,0.4012089174230738,290.37932339139985,Benign
P002900,TCP,Workstation,Off,ME,2,3,3461.0080649676147,7061.323586086237,77.77354014810743,4,SYN-ACK,443,0,-76.31042837232317,guest,0.24753704432992027,280.1740548086181,Benign
P002901,UDP,Server,On,US,1,1,3774.8558604116706,5245.324457758412,143.931015516038,4,ACK,143,0,-61.72196704023653,guest,0.5134056627268011,286.23541959431424,BruteForce
P002902,UDP,Workstation,On,APAC,1,0,4504.100088199977,9577.682435202998,123.90897487759737,6,SYN-ACK,143,2,-41.69141264358519,user,0.3085657899536729,288.2406956306726,BruteForce
P002903,TCP,Mobile,Off,APAC,2,1,5540.274582887107,7710.503689243669,103.92010878531829,4,ACK,53,0,,admin,0.3249985562300648,315.09618865936113,Benign
P002904,UDP,IoT,On,EU,2,0,6438.777621996086,4732.648829338728,96.18646507432675,6,SYN,21,0,-52.68927821775079,admin,0.3082225074648927,271.34497168113245,Benign
P002905,TCP,IoT,Off,US,2,2,5917.891998575677,3241.0946733624455,139.80613815847798,3,SYN-ACK,53,0,-77.09639337506607,user,0.21777453474468958,299.1193721893938,Benign
P002906,,Workstation,On,US,2,1,5083.397915236226,5562.676253751627,127.4398503805927,5,SYN,53,0,-55.24780640285382,user,0.13927511525993072,276.7875811438518,Benign
P002907,UDP,Workstation,Off,US,3,0,3144.757885969578,4898.560914776361,132.59060950435895,6,ACK,443,2,-71.86704965615955,guest,0.509832256331971,301.91495165492273,Benign
P002908,TCP,Workstation,Off,US,1,1,4022.9041259773617,6747.345414762359,81.8227593588264,2,SYN,80,1,-62.874648823865606,admin,0.34589522355424485,267.3902389456318,Benign
P002909,UDP,IoT,Off,ME,1,1,6702.518075575184,4269.1847975577775,144.03245219350714,8,FIN,22,2,-61.38789374727193,user,0.06968110363035734,284.64798676643466,BruteForce
P002910,TCP,IoT,Off,US,1,2,3072.937563462964,7462.080893735849,67.92146669423127,6,SYN-ACK,21,1,-60.405155669294516,user,0.46820790570304127,245.4732089561503,Benign
P002911,TCP,Server,Off,EU,1,0,4023.4554187464414,5373.89982789333,128.5262296450185,2,FIN,25,2,-50.57727816312969,guest,0.6194486103838642,302.46334918872964,Benign
P002912,tcp,Server,Off,US,3,1,5393.915227766104,7542.651915616385,135.6884183158135,9,SYN,22,1,-50.47229397412871,admin,0.28469728962323076,307.95845771368005,BruteForce
P002913,UDP,Mobile,Off,ME,0,1,4463.213426707472,9350.815270836178,85.46310088264778,5,ACK,53,0,-44.392327524201214,admin,0.3565268909122917,262.046121818061,Benign
P002914,,Server,Off,APAC,0,2,6742.641711688136,,100.54762215384497,5,SYN-ACK,143,1,-45.08504408578051,user,0.33618561517371287,283.94265682566316,BruteForce
P002915,UDP,IoT,Off,APAC,1,0,3745.1995821089477,9185.460810405808,133.07315527821655,7,SYN,22,1,-68.19948092604098,user,0.25855546797805445,293.1568310571687,Benign
P002916,UDP,Server,Off,EU,4,2,5399.303074697462,4242.256053836436,103.45539039445461,4,SYN-ACK,110,0,-82.59232088409512,user,0.1916416069930932,273.2254771091866,Benign
P002917,UDP,Mobile,Off,APAC,1,0,3325.5215566935926,1745.770687150727,167.70021924601184,5,SYN,80,5,-45.49500656614652,user,0.09310993873574856,329.4742475702612,BruteForce
P002918,UDP,IoT,Off,APAC,1,1,443.97682242670817,10881.376767394711,100.00686441970147,5,ACK,25,3,-66.67958843425154,admin,0.04647541118057306,261.92933375541566,Benign
P002919,tcp,Workstation,On,EU,0,0,7415.725380203896,5162.360289604884,111.85967471001851,4,SYN,53,1,-35.15308347619943,user,0.2259470981985209,287.59191017080826,Benign
P002920,TCP,IoT,On,EU,1,0,4315.847081655143,1451.5653123668408,89.58799307608335,2,FIN,25,0,-43.60410465657715,admin,0.17304061183241454,282.78418056535514,Benign
P002921,TCP,Server,On,ME,2,1,3055.8804448633427,4172.9924027498155,115.66504611097841,4,SYN,80,1,-64.88328626446895,user,0.4334172234415233,269.6488219741841,Benign
P002922,ICMP,Mobile,On,EU,2,1,4117.723492791939,6928.473597482097,152.11465673122638,2,FIN,443,0,-64.73282244467667,user,0.25252959769842165,287.19702379916123,BruteForce
P002923,TCP,IoT,Off,US,0,3,4109.712429882164,5952.4001802374505,100.72507909582787,10,SYN-ACK,110,0,-58.781620863491455,user,0.20447368361619409,288.0031568596582,BruteForce
P002924,UDP,Mobile,On,ME,1,0,6799.598518524477,4506.109692606239,120.01891387508422,3,ACK,53,0,-67.59050179987437,user,0.25345908015902613,303.47977755937205,BruteForce
P002925,TCP,Workstation,Off,APAC,0,0,3156.553722700778,4128.442940649027,145.08515790253426,2,FIN,3389,1,-58.92767640981195,admin,0.36632059849227955,299.85514067178747,Benign
P002926,,Mobile,On,APAC,1,0,5116.6431669806025,,70.31793622344428,10,FIN,143,0,-78.40004883027761,admin,0.4596683868184078,277.17900848886944,Benign
P002927,TCP,Server,Off,EU,5,0,2243.536316011346,6569.89785821298,81.81608805203885,1,ACK,3389,0,-74.09642443691527,user,0.3263529453944368,236.7016656465765,BruteForce
P002928,ICMP,Workstation,Off,US,3,1,8013.847785649961,4483.277099675957,147.11774773073066,9,FIN,25,0,-47.807046171301856,guest,0.40820943391064746,325.66982420160724,Benign
P002929,TCP,Mobile,On,US,1,4,4839.665042973957,4063.8655297685827,112.07109157454052,5,ACK,21,2,-59.285410213113906,user,0.22904544532507545,272.6053048592698,Benign
P002930,UDP,Mobile,Off,ME,2,0,5277.868081505437,5323.908755152904,70.77708167501073,3,SYN,443,0,-50.655563117115896,user,0.3848820580035888,254.5565167502041,BruteForce
P002931,UDP,Mobile,Off,ME,2,1,5242.777465901147,7612.047815651791,119.91249835824772,7,ACK,443,0,-56.560581016819505,user,0.13712112981313798,314.01525914658754,Benign
P002932,UDP,Workstation,Off,ME,3,0,2514.869434409703,1462.4425967522902,135.12683544595936,1,ACK,110,0,-54.057246577584635,user,0.1364247133382992,284.6897717018858,Benign
P002933,UDP,Server,Off,APAC,4,0,4308.359886569931,2185.038487364992,128.20794817820376,2,ACK,110,1,-53.75061706613935,guest,0.4759886823716659,294.55180176135156,Benign
P002934,,IoT,Off,APAC,1,0,7645.96332835528,,136.53337495487477,5,ACK,443,0,-56.32448133847251,admin,0.49755065367287643,297.36046199058734,Benign
P002935,udp,Workstation,Off,EU,2,0,5571.731859885553,7302.351983983823,53.868514110082884,6,FIN,25,0,-60.482901169015285,user,0.3480528332812538,276.6125583897381,Benign
P002936,UDP,Mobile,Off,EU,5,0,864.0241335194078,,131.50246562809022,1,FIN,110,2,,user,0.18814313864446608,271.55024643158146,Benign
P002937,UDP,IoT,Off,US,2,0,4137.607560534792,6175.576196891309,103.9957454917511,4,SYN,443,0,-64.40306083615012,user,0.3940403838102713,253.72188835538532,Benign
P002938,,Server,On,US,2,0,2084.86818966235,,114.91752916949328,5,FIN,80,3,-42.173947614548844,user,0.2974198702248654,272.6648651497204,Benign
P002939,UDP,Server,On,US,0,0,4535.024080461285,,136.5541530740419,7,ACK,25,2,-49.7942218290311,user,0.2550159918750881,303.2493870860488,BruteForce
P002940,TCP,IoT,Off,ME,1,1,5253.859016869606,6467.953302283044,117.38173825080267,5,FIN,53,0,-59.633834069133414,user,0.23552656668477745,283.9572181170746,Benign
P002941,UDP,Server,Off,EU,2,0,4586.690968179427,,142.45289899428536,6,SYN,25,1,-51.03835245115114,user,0.19358219889799352,324.1874852849115,Benign
P002942,udp,Mobile,Off,ME,2,3,3727.649504096379,,72.33981754253436,8,FIN,25,1,-68.55210563968771,admin,0.2679327056221895,254.13128739943363,Benign
P002943,UDP,Server,Off,EU,0,0,5186.075099618535,,58.65521292241213,6,SYN-ACK,21,0,-69.95684842108284,user,0.05938459904996964,256.8170960066835,BruteForce
P002944,TCP,Mobile,Off,EU,0,1,3080.8877685000307,4862.86033797547,102.21894134450127,6,ACK,25,2,-59.14624066673604,user,0.1265760851134659,270.4662652262319,BruteForce
P002945,UDP,IoT,On,ME,2,0,4561.15607626906,,82.7291750357286,7,FIN,110,1,-64.43417497126283,guest,0.1443871588781138,260.84010678125867,Benign
P002946,TCP,Workstation,On,EU,3,3,6053.333981798209,4489.857491525878,131.29242567059555,7,FIN,80,1,-52.935906221986336,user,0.4868283044909737,312.3492831844166,BruteForce
P002947,tcp,Mobile,On,ME,1,0,7409.614048405347,3737.623908376836,117.64101003893792,5,FIN,53,0,-60.331091573806155,admin,0.2230873589281838,296.43521015168966,Benign
P002948,ICMP,Mobile,Off,ME,1,1,5444.592435175872,4914.5894289418775,93.34538924410832,3,FIN,53,0,-55.144784453780765,admin,0.36858816967157626,247.09049277751507,BruteForce
P002949,UDP,IoT,Off,EU,1,3,5013.614642900859,6137.563340383413,135.8197073311946,7,FIN,53,1,-42.258859359478905,user,0.23848939258309748,305.6918922892615,Benign
P002950,udp,Workstation,Off,EU,1,0,4898.1237910531545,,133.16192400946372,4,ACK,53,0,-38.52451574150308,admin,0.26812222788644774,314.0035718554684,BruteForce
P002951,TCP,Server,Off,APAC,1,2,7115.136981562161,6776.769730440238,129.47402595149177,2,SYN,25,0,-68.36761313611457,user,0.48315934892324847,309.7532313673016,Benign
P002952,UDP,Workstation,Off,ME,2,0,5897.728284688977,3036.0531157378196,103.83080795469401,8,SYN,53,0,-48.122224012184034,user,0.25324394637208525,291.71586114142093,Benign
P002953,,Mobile,Off,ME,2,1,6051.6082057257845,206.59519664171876,75.8944982027013,9,ACK,3389,1,-41.265992353513404,user,0.3809215148623558,296.95817969597783,Benign
P002954,ICMP,Workstation,Off,ME,1,0,3171.35542179026,6365.584581402117,136.5450730863211,2,FIN,21,0,-49.48976600545508,user,0.1651467618077178,286.7561770727149,Benign
P002955,UDP,IoT,On,US,6,1,2453.333406587494,6441.335414214748,85.92330081120247,7,ACK,443,1,-63.572249433954056,user,0.3292806463255012,270.68686813209223,BruteForce
P002956,TCP,Mobile,Off,US,5,1,5278.064003600777,5264.005971921048,91.01322965733429,4,FIN,53,0,-63.60184214948389,user,0.2979249337577618,284.3015775601782,Benign
P002957,UDP,Mobile,Off,APAC,1,0,5850.841402145192,6796.962312798949,116.84850512192183,4,FIN,53,0,,admin,0.6047342665059394,330.1026677445304,BruteForce
P002958,TCP,IoT,Off,APAC,1,1,6089.636954139658,9934.348333741025,115.95899914397597,2,ACK,21,2,-63.568523113407295,admin,0.3008855712142391,290.67388769735686,Benign
P002959,TCP,Workstation,Off,ME,1,0,7243.7671203505315,3801.999648920525,146.37457510404306,5,ACK,110,0,-50.24864705592314,user,0.2617627026239014,288.18718848902427,Benign
P002960,tcp,IoT,Off,APAC,1,0,7047.245840726252,2890.7798582481328,129.10670341112785,3,SYN-ACK,25,1,-48.32537163948803,user,0.25446407498023305,343.3032656465204,Benign
P002961,,Server,Off,APAC,1,4,3745.715924328259,3643.615399644212,148.93554703245854,3,FIN,143,2,-51.39065267810854,admin,0.2962197535293404,268.98075992569585,BruteForce
P002962,,IoT,Off,US,1,2,1987.0123499473693,4453.846835516648,20.894354029977507,4,ACK,53,2,-63.864246383927714,guest,0.5644694517025164,209.8290045179413,Benign
P002963,UDP,Server,On,ME,3,3,7801.904496112,4948.353538504734,106.19161821760683,2,SYN-ACK,3389,1,-65.22336494653693,user,0.4739432172916576,285.9530607851783,BruteForce
P002964,,Server,On,US,4,0,3214.4809318678713,,89.8510529834914,7,ACK,443,2,-64.4498938388046,user,0.4095173340261699,274.405048711837,Benign
P002965,ICMP,IoT,Off,APAC,2,0,4392.092238427229,7048.634498046899,54.227799244435715,4,FIN,22,1,-77.83193067681985,user,0.4577536454558533,238.9778597903941,Benign
P002966,UDP,Mobile,On,EU,1,1,3610.365258724196,4863.743502881772,124.88249551601793,2,SYN,80,0,-64.33581187071476,user,0.32879372289452063,286.7033655073744,Benign
P002967,udp,Mobile,Off,ME,1,0,6712.816151533184,4404.898752617831,165.41266861642103,3,ACK,22,1,-54.49943263296468,user,0.11750953568164596,314.36006039041456,Benign
P002968,UDP,Mobile,On,ME,1,1,2949.8400102949645,7880.230112467863,74.20678211532973,9,SYN-ACK,22,1,-75.40608127558832,admin,0.3039216605627499,279.46077248193234,BruteForce
P002969,udp,Mobile,On,ME,1,1,3900.8737303086527,1850.073156056842,109.67531623619475,7,FIN,443,1,-69.31196916569968,guest,0.043997874769512654,283.1636557097388,Benign
P002970,UDP,Workstation,Off,APAC,1,1,3355.4622112443863,8379.345867505825,116.07607137574406,4,SYN-ACK,22,0,-61.1582050588099,user,0.33138944064181114,268.6887913365525,Benign
P002971,TCP,Mobile,On,ME,3,2,2269.935036303798,,119.82823627822299,9,ACK,25,1,-55.72806385310493,user,0.11432506173815618,255.71153910265676,Benign
P002972,UDP,Workstation,Off,US,2,0,5952.788634102893,5274.074496735236,110.30513236053363,4,SYN,22,0,-45.73013495677922,guest,0.5158169993243948,281.4784415395078,BruteForce
P002973,TCP,Workstation,Off,APAC,3,1,4014.0056320276167,5013.358850582139,138.59086035435678,12,SYN-ACK,80,1,-68.34296173981414,user,0.22073014220078693,291.24138633846707,BruteForce
P002974,TCP,Server,Off,ME,1,0,5250.450121831299,8331.873797549908,116.52368576452842,3,SYN-ACK,22,2,-56.135469541322244,user,0.3326076424561286,289.150293202719,Benign
P002975,UDP,Server,On,APAC,3,0,4483.511881493679,100.0,151.26213056638542,6,SYN-ACK,443,0,-76.80049472200605,user,0.3825135399181104,311.4796715529007,BruteForce
P002976,ICMP,IoT,Off,ME,4,1,10997.941223087073,7233.049672287969,92.08942597118582,3,SYN-ACK,53,3,-69.64957502998217,admin,0.20849697908445883,275.9160884108185,Benign
P002977,TCP,Mobile,Off,APAC,5,0,5371.89102735506,6763.509742285386,106.06563256864804,0,SYN-ACK,443,2,-65.355787149825,user,0.2353043391454222,287.332372771358,Benign
P002978,ICMP,Server,Off,APAC,2,1,6554.859445547015,6561.1908469272985,128.82997060010274,5,SYN-ACK,21,2,-58.99548637857564,admin,0.4463817781354237,298.4627249517054,BruteForce
P002979,tcp,Workstation,On,ME,1,0,4488.418966219317,8189.768491391607,106.5046942585953,3,ACK,21,1,-52.952459291048704,user,0.3242571772766466,276.68122288016747,BruteForce
P002980,TCP,Server,Off,US,1,0,6956.682483896262,7015.754877320719,130.98105513727273,2,FIN,110,2,-42.84464304668115,guest,0.4481682001355992,293.71008430836525,Benign
P002981,UDP,Workstation,Off,US,4,1,5050.711580604623,5566.2333829305535,85.75595603486943,6,SYN,443,2,-58.367957776380734,user,0.09068790654645643,273.37900678136333,BruteForce
P002982,TCP,IoT,Off,APAC,1,1,5234.769488159604,6116.2291946144,119.12019004667849,4,SYN-ACK,443,0,-61.058895993443606,user,0.41081579589834444,287.1070675058512,Benign
P002983,UDP,Workstation,Off,ME,1,0,5726.916724875921,4307.144064876751,913.4118509856688,3,SYN,53,1,-46.290533506380456,user,0.14389163324297197,312.2240044294089,BruteForce
P002984,UDP,Server,On,EU,1,0,4780.903211774579,6108.666818614788,159.55124398476448,3,SYN-ACK,22,2,-49.71236151973326,admin,0.4403718568136216,319.4649126230319,Benign
P002985,TCP,Mobile,On,APAC,1,0,4332.457354369184,9899.647461201646,74.99827107917189,6,SYN-ACK,110,4,-54.05054516329183,user,0.3601991424204269,273.6396826295115,BruteForce
P002986,TCP,Workstation,Off,ME,1,1,4039.09188584746,1842.6783315157782,144.95083530143637,6,FIN,443,0,-63.53226166779011,user,0.22558024303225074,324.0624647035688,BruteForce
P002987,tcp,Workstation,On,EU,3,2,4421.310335030874,7181.625706889809,121.98429253734514,9,FIN,443,0,-50.43778164817897,user,0.32662141526088523,310.8267908261425,Benign
P002988,TCP,Workstation,On,ME,1,2,5195.6874744976385,7792.815010776598,127.70850331324786,7,ACK,22,0,-47.62297427821326,admin,0.2745950886782063,296.01797241104896,BruteForce
P002989,TCP,Workstation,On,APAC,5,2,2792.4717465655594,4707.066204600489,106.32143532479341,4,SYN-ACK,53,2,-60.52948807810764,user,0.42286420246948175,242.46048035400167,BruteForce
P002990,ICMP,Workstation,Off,ME,1,1,7299.340634674497,,79.85604328031499,2,FIN,21,1,-58.19580731527459,guest,0.3331383906449335,247.47081325221504,Benign
P002991,TCP,Server,On,ME,2,0,5849.090342483213,4494.458644514243,114.04551403871884,12,SYN,53,0,-58.08060548533439,user,0.5815624475271375,301.06871638451656,Benign
P002992,TCP,Server,Off,APAC,1,3,8690.918688610102,6351.851928313642,116.97679142674097,10,SYN-ACK,3389,2,-63.84624763235606,user,0.03902605145966274,327.8586453183321,Benign
P002993,TCP,Workstation,On,APAC,2,3,6001.782208141001,6452.618834452434,111.66304817469965,6,SYN,80,2,-59.00106719820747,user,0.2417269550966822,299.4871833524767,Benign
P002994,TCP,IoT,Off,US,2,0,3892.7952218776068,4601.135876795597,123.06840348831288,4,ACK,22,0,-78.1306580353688,admin,0.7289637578081715,276.44497629710054,Benign
P002995,ICMP,IoT,Off,EU,4,1,5642.380523971313,9959.298481058748,122.15773788043147,5,FIN,53,0,-71.28443236090324,admin,0.035827871677798065,284.54441715071476,Benign
P002996,ICMP,IoT,Off,ME,0,0,3571.688534442283,4915.730972542098,123.57355713207602,4,SYN,22,2,-54.75722768739115,admin,0.19653293446349357,284.02961684221754,Benign
P002997,ICMP,Workstation,On,US,2,2,5757.873522508285,6338.68500358273,178.19571835697172,6,SYN,21,0,-44.765363773115546,user,0.5399912453519408,296.878179037049,BruteForce
P002998,ICMP,Server,Off,APAC,2,3,3558.5270446458935,6912.051438871836,96.08896458930869,5,SYN,21,1,-68.66447519539096,admin,0.2914943462731812,252.0906960149005,BruteForce
P002999,UDP,Workstation,On,ME,2,2,7688.799666387586,,109.62813092382433,9,SYN,143,1,,guest,0.3192607935567035,311.57726155681667,Benign
P003000,TCP,Mobile,Off,APAC,3,1,2129.092236472139,9517.263717754317,155.32646626967778,1,SYN-ACK,25,2,-52.21024257929477,user,0.2106977451242022,297.8747976753376,BruteForce
P003001,TCP,Mobile,Off,EU,1,1,8480.650634871563,6819.393249782438,96.82701891983044,5,FIN,143,2,-57.17040797104624,admin,0.5147121342592238,282.9604831470653,Benign
P003002,tcp,Mobile,Off,APAC,0,0,4591.010832954851,4996.123861572989,152.47069015491184,6,FIN,21,2,-53.77267048977124,user,0.4783045592547508,307.3696557592628,Benign
P003003,TCP,Workstation,Off,EU,2,1,4956.550072364614,,88.46065172865292,5,SYN-ACK,443,3,-79.94804703043107,user,0.25910443224619206,243.4642168755979,Benign
P003004,TCP,Server,Off,EU,6,0,5686.682716989383,7796.2192864629405,121.51340419838766,5,SYN-ACK,110,0,-51.25432479662174,admin,0.06717684551371636,321.51765304982365,Benign
P003005,tcp,Workstation,Off,US,4,3,5929.15962853952,6537.15558682555,206.58803911374378,7,SYN,53,3,-75.52957240153712,guest,0.14275571642073806,356.82027601857175,Benign
P003006,TCP,Mobile,Off,APAC,3,0,6623.733194921058,7675.373600215131,93.53277758857851,6,SYN-ACK,3389,1,-67.25810274749148,user,0.6067538024399636,310.54551722696823,Benign
P003007,ICMP,Workstation,Off,EU,0,1,5334.522742883672,,124.08928557436813,4,SYN,80,1,-66.65269636280722,user,0.1204098877380687,289.9333837418926,Benign
P003008,UDP,IoT,Off,ME,1,1,6426.842018358191,6831.809437903495,83.49611745225133,1,ACK,53,1,-63.61936634312811,user,0.28953389073925984,280.76794548052686,BruteForce
P003009,,Server,On,ME,0,0,6078.433138277609,2737.3441817386392,176.27734030133217,2,FIN,443,0,-67.63589673894006,user,0.23140886378834843,324.83657268587183,Benign
P003010,,Server,Off,APAC,3,1,6417.970719971073,6562.857250201812,154.0825626908677,3,ACK,21,1,-65.26071149526192,user,0.3962894983905567,301.310366011849,BruteForce
P003011,TCP,Workstation,Off,APAC,2,1,5332.0643785803995,9716.707779565786,122.69208697377772,6,FIN,22,1,-46.65740981936331,user,0.39290422259177227,271.9437775935476,BruteForce
P003012,TCP,IoT,Off,US,3,0,6615.955793288641,7688.247890199648,120.04504206230646,3,FIN,110,0,-58.27093334050447,admin,0.46403143828242477,312.5714528122183,BruteForce
P003013,,Server,Off,EU,1,1,4709.04240303783,6344.991309018158,143.73795641701986,8,SYN-ACK,143,1,,user,0.49673154945626186,317.27461704319694,Benign
P003014,TCP,Server,Off,EU,3,0,3437.138016420469,3396.8116140149596,87.19454237161378,0,ACK,443,1,-58.26785142721984,user,0.12599533565143714,267.5292150901329,BruteForce
P003015,UDP,IoT,Off,EU,3,0,3892.077274322014,7549.323337504244,167.7923212506851,3,FIN,22,0,-83.19458346127027,user,0.3696135002708373,279.76194571865364,Benign
P003016,UDP,Mobile,Off,EU,2,1,5508.494211856114,1611.3294012953593,131.9719194652902,4,SYN,22,0,-66.86430551012144,user,0.3487675548967103,326.506541557965,Benign
P003017,ICMP,Mobile,Off,APAC,1,1,4945.285975311934,4528.824264550825,108.59611434923919,10,SYN-ACK,143,1,-63.41303703780995,user,0.22886521136371737,299.2926120577901,BruteForce
P003018,TCP,IoT,Off,US,6,1,4684.066600348088,3989.332490529673,112.36806018882746,5,ACK,443,1,-53.025452127429055,user,0.09867968041788598,274.6996855639297,Benign
P003019,TCP,IoT,Off,EU,0,2,5796.4696739248275,5050.723609020909,152.10407172006683,8,SYN,25,0,-61.66818030532116,admin,0.3471785091254718,355.06308490333635,BruteForce
P003020,ICMP,Server,Off,APAC,2,1,1732.8467983757319,2690.208204509125,153.59402655798968,10,SYN,22,0,-62.76126209922974,user,0.18539304805276974,296.48596598929504,BruteForce
P003021,UDP,Server,On,APAC,3,0,4666.959250424568,4178.2268877895485,137.80416582103123,8,SYN-ACK,110,0,-56.72795168371749,user,0.47364972481574763,304.0714104948474,Benign
P003022,TCP,Server,Off,APAC,1,0,4378.150265833265,,97.96122067601249,4,FIN,21,1,-61.85483694361813,user,0.36223377394375283,292.2181321183771,BruteForce
P003023,TCP,Server,On,EU,2,1,6688.638191941373,8392.56504722059,150.37569924220855,5,SYN,25,3,-55.501749820267385,user,0.18274751890466712,308.77391098524276,Benign
P003024,tcp,Mobile,Off,ME,2,1,2635.7523955529127,7817.016869357301,61.29494741958569,3,FIN,3389,1,-77.58196240363228,user,0.07185757598456458,232.84116255408574,Benign
P003025,UDP,Workstation,Off,EU,3,1,6585.7008123923315,8321.783983992445,113.42659586861627,4,SYN,25,0,-54.15912852537657,admin,0.37999584449607443,297.27937230884646,BruteForce
P003026,ICMP,Workstation,Off,ME,0,1,7523.145264629942,9639.872877850905,132.05738107709794,6,SYN,143,1,-57.456631417481944,admin,0.37655030274941426,309.8027526208945,BruteForce
P003027,TCP,Mobile,Off,ME,1,1,1537.2757432053068,9036.653002276296,106.81497475866783,4,SYN-ACK,53,1,-56.218469148585804,user,0.05997938478560889,247.40634381316394,BruteForce
P003028,udp,Mobile,On,APAC,3,0,3779.826910979662,3126.9268601782296,107.7037783925834,6,FIN,143,3,-53.25821601157828,user,0.2534742957399166,253.9948304537325,Benign
P003029,,Server,On,EU,1,2,6951.4013344765945,6160.801705780468,116.06144594049478,9,SYN-ACK,143,0,-52.43311936593249,user,0.3674002881065557,268.5714801627254,Benign
P003030,TCP,Mobile,Off,EU,2,2,5126.525668596743,3862.7071134102507,129.4369222188663,4,ACK,443,1,-64.36391441460307,user,0.1271142652903177,281.56178929149405,Benign
P003031,UDP,Mobile,On,APAC,1,1,4523.686263732938,5451.1866510127675,96.45462796324327,7,SYN,143,0,-65.73097341543385,admin,0.34173347266236287,295.1300865460873,BruteForce
P003032,UDP,Mobile,Off,ME,0,0,5870.5944186316265,4799.588691959022,110.7815569575781,4,ACK,3389,1,,user,0.458859735791462,275.0436126676736,Benign
P003033,TCP,Server,Off,APAC,1,2,4167.965510517961,10855.539144640055,130.1854659621897,1,ACK,21,0,,user,0.04473106598522437,321.4015269466448,Benign
P003034,TCP,Workstation,On,US,3,1,6135.85491594273,,136.22516227229588,3,SYN-ACK,22,0,-54.013310720683805,user,0.28869029705857846,312.4196421260845,BruteForce
P003035,TCP,Workstation,Off,EU,4,0,6039.952466137996,6445.687817198799,158.52573421690133,3,SYN,3389,0,-67.08579790712795,user,0.15414563209578522,336.632825680983,Benign
P003036,TCP,Workstation,Off,US,2,0,4256.668428546965,5866.96603841114,171.82337296428287,1,FIN,80,1,-77.17955438084086,user,0.22437914686863056,317.8129099431415,Benign
P003037,TCP,IoT,Off,EU,3,0,6316.474620063808,5269.429565259461,49.29923394825596,4,ACK,110,1,-65.73522856023929,user,0.2298167040964047,272.04110553917195,BruteForce
P003038,TCP,Mobile,On,EU,2,0,6658.634910200566,7795.361192521864,104.44986096494645,4,SYN-ACK,53,1,-65.59870590166538,admin,0.3097552808250434,276.70959043613914,Benign
P003039,tcp,Server,Off,EU,4,0,34005.19001503554,7587.726832695162,88.04738673379158,5,SYN-ACK,443,2,-57.61547797446656,user,0.41946974100590845,271.85077669767907,Benign
P003040,TCP,Mobile,Off,APAC,2,1,4825.285471689669,8213.65663878074,93.82716378047643,5,ACK,443,2,,user,0.18496461120156654,297.4324652878488,BruteForce
P003041,UDP,IoT,Off,US,2,0,6157.967933024649,6338.234217229577,191.9949854559977,9,FIN,80,2,,admin,0.14320017307206118,354.5560430255384,BruteForce
P003042,TCP,IoT,Off,EU,2,1,6162.139445741253,6013.224299880947,121.54976856937027,3,SYN-ACK,21,0,-59.896184384067695,user,0.15532706588909545,316.2879149603481,BruteForce
P003043,TCP,Server,Off,EU,1,1,4750.572668841588,2897.2435734198425,128.19279139993205,2,FIN,22,0,-61.5444744939869,user,0.09317512633414304,287.47716411189236,Benign
P003044,udp,Workstation,Off,APAC,0,1,3640.6669308226546,5106.878662731211,167.0101621006025,5,SYN,53,0,-80.25113534229962,guest,0.1591582414355435,281.89166508135327,Benign
P003045,TCP,IoT,Off,US,1,0,5905.403737963647,7901.891337217574,73.24291201449358,3,SYN-ACK,443,1,-51.285474209897956,user,0.2907021839140028,284.94578008748647,Benign
P003046,,Server,Off,US,1,1,6106.925032461952,10287.07927879339,154.50270174491556,6,FIN,143,1,-67.4057035837757,user,0.2476632347114457,295.5681671232772,Benign
P003047,udp,Mobile,On,US,1,1,4225.576867497262,5973.575427001699,158.33582685492624,5,FIN,3389,0,-40.61903086156602,user,0.10883073076869144,311.7552132473221,BruteForce
P003048,ICMP,Mobile,On,US,1,0,5083.023983291946,,116.69726274546535,2,SYN-ACK,22,3,-57.8005289505111,user,0.04762283606307212,272.36711331524106,BruteForce
P003049,TCP,Server,Off,APAC,1,1,7276.244018683254,5248.046402796992,83.140142528268,7,ACK,143,1,-54.925873160143524,user,0.3896190256869923,282.24575993422155,Benign
P003050,UDP,Workstation,On,APAC,2,1,7426.1361280957535,6156.107983286011,154.76711086332926,5,ACK,143,1,-61.76128632053411,user,0.31100910792665315,326.01171164049435,BruteForce
P003051,UDP,Workstation,On,EU,3,0,4425.705006227557,1133.848007687553,111.91567281068357,2,ACK,25,3,-44.84523740412238,admin,0.04785525022707158,292.0861291781374,Benign
P003052,tcp,Server,On,ME,0,0,3834.7937413975264,4532.658754125752,139.84817528400603,3,SYN,443,1,-74.58682701586551,user,0.7166564961421856,276.6428271726607,Benign
P003053,UDP,Workstation,On,ME,1,1,5976.622722391402,10545.317594875116,62.496836213412706,3,FIN,22,3,-68.65290576508548,user,0.440839157046484,255.77212439427282,Benign
P003054,UDP,IoT,Off,US,2,1,3749.249362996088,,130.84627813412223,10,SYN-ACK,25,3,-54.28376125198149,user,0.4138652030673136,298.01652217359793,Benign
P003055,TCP,Mobile,Off,EU,1,1,6136.550633693423,8527.854503920671,89.4181122513024,5,FIN,143,2,-46.79661056146027,user,0.1469665589540913,299.78256635779667,BruteForce
P003056,ICMP,Mobile,On,APAC,1,2,3738.0258983682124,4882.530045790709,128.4884687710834,3,SYN-ACK,143,2,-56.04368631330938,user,0.18403462333782133,292.6679170170467,Benign
P003057,TCP,Server,Off,EU,0,0,2934.965609016814,,113.99027962678822,7,SYN-ACK,53,2,-39.39035261560541,user,0.6587142484457454,290.9212917103404,Benign
P003058,TCP,Mobile,Off,EU,5,0,3858.9745431817682,6767.827723336466,145.3725614606858,4,ACK,443,0,-47.640988516538556,admin,0.24976652566262716,310.5842098925548,Benign
P003059,UDP,Server,On,EU,0,0,4918.870385907571,2631.787087139201,100.54911629688678,5,SYN,110,3,-73.41939245747542,admin,0.40779670888351405,270.841135774594,Benign
P003060,,Server,On,US,1,3,4811.064313640805,,113.54427882843825,4,FIN,53,1,-57.807451663456376,guest,0.4017958306618749,273.8251201471603,Benign
P003061,ICMP,Workstation,Off,US,0,0,7229.0177372077815,4805.0562930628175,114.58838005535503,5,ACK,21,0,,user,0.1324461317972378,299.5900617886953,Benign
P003062,TCP,Workstation,Off,ME,1,0,4518.040972260368,5088.705860878138,120.67539930080042,5,SYN-ACK,80,1,-68.37237759844682,user,0.06891960067999926,310.3776639903403,Benign
P003063,udp,Workstation,Off,APAC,4,1,7729.789574684903,5224.930352946271,118.5306313782314,5,SYN-ACK,21,2,-67.18204694487937,guest,0.13027515170865267,330.221838528896,Benign
P003064,TCP,IoT,Off,APAC,3,2,6348.064619043421,6983.965903970917,108.80331736206482,4,SYN,25,2,-62.84583198524703,admin,0.5322167044390643,269.8276631588739,BruteForce
P003065,ICMP,Mobile,Off,EU,2,0,4442.131594904742,4941.942602475313,122.60543419694693,7,SYN-ACK,143,1,,user,0.25918089117495663,325.6801134087464,Benign
P003066,udp,IoT,Off,EU,2,1,4521.801460341418,5938.076667888825,73.30044214366558,6,SYN,110,0,-56.65653877515368,user,0.583203193330301,289.1437124234417,BruteForce
P003067,UDP,Mobile,Off,EU,2,0,4997.914244153871,3652.7017231881973,97.85424994378178,1,SYN-ACK,22,1,-64.2884894618424,user,0.3818529956136917,277.2654088091575,Benign
P003068,TCP,Mobile,Off,EU,5,1,5292.144652793256,5177.052086541782,62.687016737485585,7,SYN,22,2,-45.38206107094065,admin,0.1531124462642908,257.13155149647304,Benign
P003069,TCP,Mobile,Off,APAC,1,0,3908.364891426549,4975.738239612707,93.95458193936352,4,ACK,22,1,-59.515953579996065,admin,0.1562993560818615,286.73057756898737,Benign
P003070,TCP,IoT,Off,US,2,1,5294.520873002096,617.6456346745244,66.9515655760575,3,FIN,25,2,-48.80755933589706,user,0.14454844359238816,267.6911581617712,Benign
P003071,TCP,Mobile,On,APAC,2,0,6673.311736937562,6012.487999200292,615.5605672635479,2,ACK,53,1,-61.705237129714284,user,0.12012964651911728,321.0763249786323,Benign
P003072,TCP,IoT,On,APAC,2,1,4574.119300566866,7602.0182626529095,122.46515952443312,5,FIN,80,0,-63.60001798582494,admin,0.10250021146768393,297.7361739025481,Benign
P003073,UDP,IoT,Off,APAC,1,0,4105.493522950615,4278.709922791579,132.7096548079464,5,ACK,25,0,-71.0718252044449,admin,0.2677614021248359,281.267957640635,Benign
P003074,ICMP,Workstation,Off,EU,2,1,3319.833064458441,4794.645681249361,135.25327216027816,4,SYN-ACK,143,3,-53.91594581390747,user,0.23941580127545,316.8703937905978,Benign
P003075,UDP,Mobile,Off,APAC,2,0,4023.546205223867,,119.25041074985025,11,SYN-ACK,25,2,-72.33918477173022,admin,0.04458490677284868,307.9099960593139,BruteForce
P003076,TCP,Mobile,On,APAC,1,3,5153.245304457061,6971.468963446251,100.67052291227544,6,ACK,25,0,-74.02531670967686,user,0.17508188146461243,269.3867607161557,Benign
P003077,UDP,Mobile,Off,ME,1,0,7736.919681028465,6564.981576633302,106.66418608108833,7,FIN,80,0,-70.42375872508057,user,0.26451442740428116,282.16435099813424,Benign
P003078,ICMP,Workstation,Off,ME,1,2,32957.413908891554,5767.50641960031,139.35073324063816,3,SYN-ACK,22,0,-47.683044345919754,user,0.19983611566642817,323.4111237628725,BruteForce
P003079,TCP,IoT,Off,APAC,3,0,6867.434304145368,5938.367096780898,127.0821255404614,4,FIN,53,3,-59.30539415537455,user,0.3599677338974939,296.59207779445916,Benign
P003080,ICMP,IoT,On,US,0,1,3720.660971589678,2939.7705467557903,84.40410851429789,8,SYN,443,2,-56.30431542003316,admin,0.16637778797296585,275.6790797718741,Benign
P003081,TCP,Mobile,Off,APAC,2,0,6675.972167334624,4129.587073321555,125.8924259763425,7,ACK,25,2,-58.80044413867497,user,0.40212517542585063,312.84599158604004,Benign
P003082,UDP,Workstation,Off,APAC,3,2,3611.7590521348857,4413.7587181297085,119.7025606907956,5,FIN,143,1,-49.102759433642426,admin,0.5473472893934799,250.41286616900464,Benign
P003083,TCP,Mobile,Off,EU,1,3,6955.871056415445,6446.342436106172,109.03805042599609,4,SYN,3389,1,-52.6232860521479,user,0.30512811362671416,284.41431843882503,Benign
P003084,udp,Workstation,Off,ME,1,0,2487.8530400487216,8099.489206894599,147.6364325168808,4,ACK,53,1,-54.210718860438,user,0.27730990299742303,307.6369761944351,Benign
P003085,UDP,Server,On,EU,1,0,4590.787422352032,7215.29804819345,135.03884410621237,3,ACK,143,2,,admin,0.5260425279848969,319.94834879210214,Benign
P003086,UDP,Workstation,On,ME,3,1,6288.683751736888,2237.0379603978336,90.04394438489985,5,SYN-ACK,80,1,-48.86158584029215,admin,0.305650047324102,276.50515220475074,Benign
P003087,TCP,Mobile,Off,ME,0,1,3581.4116749899167,5665.9262465131505,101.48715464947723,8,ACK,25,0,-74.36483713111127,user,0.12626915186763732,289.97981814345974,Benign
P003088,UDP,Mobile,Off,EU,0,3,3856.753108864191,8761.297829516967,106.9175665238761,8,ACK,3389,2,-58.42654829507517,user,0.09356888252678243,280.1080674115471,Benign
P003089,TCP,Server,Off,US,3,1,4596.365746435407,6285.67752046095,94.947479527811,5,FIN,80,0,-47.738905561203424,admin,0.0559945543082586,306.06939561716933,Benign
P003090,TCP,Mobile,Off,EU,3,2,6111.734784400555,3777.780702579235,126.9191356811524,3,SYN,22,1,-77.32049579536235,user,0.15404071177416567,299.7799468316018,Benign
P003091,TCP,Server,On,ME,1,0,5110.645534105157,8670.029843009892,109.67463152184982,5,ACK,110,0,-50.36978613983395,admin,0.11934300734520115,318.8929918080483,Benign
P003092,udp,Mobile,Off,ME,4,3,4596.53190214314,2759.0825148967588,132.59637001660147,5,SYN-ACK,25,0,-57.08300033566974,user,0.18152463433784036,292.7766873452678,Benign
P003093,TCP,Workstation,Off,US,1,0,4084.198050959844,8629.487007354697,91.55588956986261,2,ACK,22,0,-65.0907975158491,user,0.06683659240640177,254.39294218325708,Benign
P003094,udp,IoT,Off,US,1,1,5447.513885675336,5359.727044036772,137.86340906296564,3,SYN,22,0,-62.35216304553673,user,0.17559148815262515,293.05125662349184,BruteForce
P003095,udp,IoT,Off,ME,2,1,4770.438831854492,7575.8962010930245,116.70610850196468,5,SYN,3389,0,-69.86223227130263,user,0.4844145865897505,281.51661392157837,Benign
P003096,ICMP,Mobile,Off,ME,5,2,6321.530759370716,2943.3529734595827,165.5502557144849,8,SYN-ACK,443,1,-52.658112930488954,admin,0.13638911305743773,335.9913180345492,Benign
P003097,TCP,Mobile,On,US,2,1,7222.202266082588,7195.690433198399,115.50272784235392,4,SYN-ACK,110,0,-66.18545262304845,user,0.1967745551996267,298.980942721744,Benign
P003098,,IoT,Off,ME,3,1,3873.889096749889,7536.0930164903675,67.18167386589428,7,SYN-ACK,80,1,-84.19936667302657,user,0.39044889449630976,250.0091980436716,Benign
P003099,TCP,Server,Off,US,3,0,4602.24346133436,9315.36113388129,149.20979919377297,2,SYN-ACK,110,0,-61.668648513191805,user,0.4790790814111255,300.72240413840797,Benign
P003100,udp,IoT,On,US,1,1,2844.5949289798623,7690.525448667363,123.32774639659735,7,FIN,21,1,-69.58910708294589,admin,0.5022160218977215,258.3525068461846,Benign
P003101,tcp,Workstation,Off,EU,1,2,2321.611819457291,4821.508468232629,157.97810062134548,4,SYN-ACK,110,0,-57.19719539043525,user,0.20575537254931103,290.56189681346405,BruteForce
P003102,UDP,Server,Off,ME,3,0,5432.911214419493,3323.525526222566,97.71969636925218,5,ACK,143,2,-55.04451581783994,user,0.5675361394909297,285.8432682052433,BruteForce
P003103,ICMP,Mobile,Off,ME,2,1,5799.140274576121,4431.252799603861,96.87756834203151,4,SYN,21,1,-51.01795721349545,admin,0.15223773042538866,280.67970977292623,BruteForce
P003104,TCP,Mobile,Off,US,1,0,4645.042849842379,4596.729464883793,140.91175268139745,4,SYN-ACK,143,1,-69.17663474104491,user,0.48548538868752883,314.145543130285,Benign
P003105,tcp,Mobile,Off,US,3,3,3902.880499070211,6237.038727003785,80.88857397616451,2,FIN,53,2,-78.70977045937725,user,0.5544389865763627,291.6070710631981,Benign
P003106,TCP,Workstation,Off,US,2,2,4110.655774389909,,138.21715432275008,6,SYN,53,2,-77.31625424552402,admin,0.3349381100705647,311.4330496073424,BruteForce
P003107,TCP,Server,On,EU,1,0,5355.018056013272,3416.750535565501,159.89912279958287,2,SYN-ACK,80,1,-66.11651527600836,user,0.23693612315442597,311.8625174795985,Benign
P003108,udp,Workstation,Off,US,0,2,3672.2088474012494,7082.707987415186,144.02162427964606,1,SYN-ACK,80,0,-49.834020469311255,user,0.43639010184680826,296.2709395411408,BruteForce
P003109,UDP,Mobile,Off,ME,1,1,6415.332460016472,8734.351231552648,151.53910061894732,2,ACK,53,1,-70.9757674276385,user,0.14461999072666026,305.3884205778785,Benign
P003110,tcp,Mobile,Off,ME,2,0,4410.89283544397,3160.379035430858,161.55786393319102,8,ACK,21,0,-55.95985617500348,user,0.1424179660343957,324.0840575238147,Benign
P003111,UDP,Workstation,Off,EU,3,0,4943.591019869138,,160.55679229711288,5,SYN-ACK,25,0,,user,0.5526187516561771,314.8318366271841,Benign
P003112,tcp,Mobile,Off,APAC,1,1,5984.971468627576,6703.812887924045,151.99419760090606,6,SYN,21,0,-56.578659478511675,user,0.21029592483912277,308.84655096343084,BruteForce
P003113,UDP,Mobile,Off,ME,2,1,2595.805727184006,4379.163070807086,149.39242016732177,7,SYN,3389,0,-59.25254064300156,user,0.2711462757175036,287.58091703013355,Benign
P003114,udp,Mobile,Off,APAC,3,1,4842.542245112109,5721.837762819263,80.41782551100695,4,FIN,21,1,-52.25394402829976,guest,0.1513362554364511,277.8027791213368,BruteForce
P003115,TCP,Mobile,Off,ME,2,1,3172.8419225820508,3982.060602997789,136.1478210087668,1,FIN,443,1,-63.64792956704379,user,0.4780321336708783,296.20538793053106,Benign
P003116,TCP,Workstation,Off,EU,1,0,5161.032568775756,5114.535334596946,153.50104767288303,2,ACK,22,2,-45.81636161282502,user,0.3693106236722702,298.87987524846744,Benign
P003117,UDP,Workstation,On,EU,5,0,4754.901577874491,5159.112298656812,161.96091901676203,2,SYN,21,0,-41.16177173690457,user,0.09902725782739488,313.0366180657304,Benign
P003118,UDP,Mobile,On,US,0,0,6165.8391537745665,,102.89036867441001,4,SYN,3389,0,-57.172783884274885,user,0.6198097271096117,298.6295860752448,Benign
P003119,,IoT,Off,US,1,0,4493.642569997561,6192.471305908895,115.01291759299428,1,FIN,80,2,-43.639165347221315,admin,0.1693640795041372,295.6047587968859,BruteForce
P003120,TCP,Server,Off,EU,1,0,6416.357208082432,1735.231969460232,190.6249358676227,5,SYN,80,1,-67.41632033877156,user,0.10234528353977204,332.21408787274913,BruteForce
P003121,TCP,Mobile,Off,US,4,0,7186.9646869435455,,71.46542782489479,1,SYN-ACK,143,2,-47.30983617396156,user,0.8263870330664367,284.7799322461801,Benign
P003122,,Server,Off,ME,0,0,6537.03836196377,4359.252460676869,110.47976311614528,7,ACK,110,0,-58.485319635594784,guest,0.44175285846082574,286.0493387613131,Benign
P003123,TCP,Workstation,Off,ME,0,1,4007.768603421216,,104.17272558383578,7,FIN,110,2,-63.27138414980191,user,0.0634582710339419,294.9458491977212,Benign
P003124,TCP,Workstation,Off,EU,4,1,4980.1840374046105,4989.210324703327,140.91371260297097,3,ACK,80,0,-40.22428931631667,admin,0.13215723742697585,260.9700220633371,Benign
P003125,udp,Workstation,Off,APAC,1,1,5486.731172078371,4835.370431548841,170.08189431642558,5,SYN-ACK,21,0,-79.41182989212062,admin,0.3680743126923698,310.85764583853495,Benign
P003126,UDP,Server,Off,ME,2,1,4814.38025538513,5529.658380851093,183.97171318376212,3,FIN,443,1,-66.84938335949872,admin,0.1308660643960488,301.4096922344886,Benign
P003127,UDP,Server,On,EU,3,0,4852.85714916716,4667.13370418095,81.96030064656914,2,SYN-ACK,80,2,-60.58482765124106,guest,0.40976180744752166,274.52615430264933,BruteForce
P003128,ICMP,Mobile,On,APAC,2,1,5580.210007648248,5345.218702494831,123.74174347018479,8,SYN-ACK,80,3,-72.11863087376861,user,0.32496473195584374,308.48313861031585,BruteForce
P003129,UDP,Mobile,Off,EU,3,0,5962.649800170551,9521.294368565123,150.81914305935766,5,SYN,443,1,-63.11787856792382,user,0.45057625824565745,301.8372313834152,BruteForce
P003130,TCP,IoT,On,APAC,3,1,4048.7048349522797,5665.980011186423,84.66073907267472,5,ACK,53,1,-63.11998148239098,user,0.5075834270267676,279.341549720816,BruteForce
P003131,TCP,IoT,Off,APAC,3,0,4822.1422303604395,3365.6279365433884,400.8541348730429,3,SYN-ACK,443,1,,user,0.21947671262814178,264.8551938009075,Benign
P003132,TCP,Mobile,On,EU,2,0,170.7980519622206,9081.377248231598,133.13812408222967,8,SYN,22,1,-80.32025773945831,admin,0.5875619081296539,271.01250142926466,BruteForce
P003133,ICMP,Server,Off,ME,2,0,5384.205489782948,9021.118064142316,99.75568790038605,5,ACK,21,1,-58.109628432925156,user,0.38534085062841333,277.388295097107,Benign
P003134,,Server,Off,EU,1,2,5493.373943278483,6103.7272156877025,126.18029033905546,5,FIN,21,2,-48.84566784206134,user,0.30231482850746166,286.4210668607635,Benign
P003135,UDP,IoT,On,EU,3,2,5265.101226884132,6230.952672253816,126.06306965680294,4,SYN-ACK,143,0,-62.17496718369123,user,0.15583552517463659,300.1479104885465,Benign
P003136,TCP,Server,Off,EU,2,0,1436.10533190271,4856.666341880488,120.12928889006065,4,ACK,25,3,-73.77539595772885,admin,0.17578631157999286,253.01653566579046,Benign
P003137,udp,IoT,On,US,3,0,4466.203198180074,7005.247963338912,107.37434404555378,4,SYN-ACK,53,1,,admin,0.4476281757846082,283.68572370900876,Benign
P003138,UDP,Workstation,Off,US,4,1,4987.20576164462,3493.2212777110412,84.03458117711943,5,ACK,25,0,-62.346178389364916,user,0.3896122434872631,285.83140896613764,Benign
P003139,TCP,Server,Off,APAC,2,2,6885.429704445078,6136.287557945558,81.59502257557008,6,FIN,21,1,-68.56776035820268,admin,0.6483959338449783,272.2398047539781,BruteForce
P003140,TCP,IoT,On,EU,2,0,5630.653934594674,5649.221880081533,101.28567617248318,6,SYN,53,2,-56.332100291614346,user,0.11981692355839882,286.4260653817029,BruteForce
P003141,UDP,Mobile,On,APAC,2,1,4245.948163282195,8946.738203614976,118.53360703267653,6,SYN,53,0,-74.99835988360121,guest,0.09093343895451078,317.9388030463066,BruteForce
P003142,,IoT,Off,APAC,1,2,4699.741610784795,3298.3666851675302,102.8587834194657,6,FIN,53,0,-42.33843601070909,guest,0.10222013071476378,273.05074713537874,Benign
P003143,UDP,Server,On,EU,4,0,3651.816378895439,3788.859554427504,109.14546143475746,2,ACK,110,1,-46.43909222128138,user,0.746298060508205,280.117416977704,Benign
P003144,,Workstation,Off,ME,1,1,3264.864069700357,8046.861376799859,122.67453337369359,0,SYN-ACK,22,2,-47.443764917500104,user,0.22316968115503777,263.4785799578562,Benign
P003145,tcp,Workstation,Off,ME,1,1,6865.065027726969,3607.5635285807793,100.67778762222132,1,SYN-ACK,25,0,-54.2874319820162,guest,0.16832609338843846,281.99200702954585,Benign
P003146,TCP,Server,On,APAC,1,0,5325.632634749546,4113.339497175419,40.33114339178499,3,ACK,110,1,-57.47092246289533,user,0.023296082583946835,251.35570008825098,Benign
P003147,ICMP,Mobile,Off,ME,0,1,5224.975120965459,4090.3108031452816,98.95983976442693,4,SYN-ACK,21,0,,user,0.480291167934203,278.7942706573587,BruteForce
P003148,TCP,IoT,Off,EU,2,1,6716.994816617218,5947.834780926989,96.81872249577431,5,ACK,443,0,-51.811783646084045,user,0.15650510860389155,285.97681166618185,Benign
P003149,UDP,Mobile,Off,APAC,1,2,5932.80718404228,776.2712203073906,131.49167873323586,6,FIN,80,2,-66.69290320494619,guest,0.07246241908673451,320.26755874376335,Benign
P003150,TCP,IoT,On,US,3,1,5155.634830327461,9407.931300636335,108.81580578915806,6,SYN-ACK,143,0,,admin,0.46690078286694037,285.9537117540871,Benign
P003151,UDP,IoT,Off,ME,1,1,3354.3737219242257,7382.547736319052,97.51163503042208,4,SYN,3389,1,-79.88166953080245,user,0.3673794898020134,274.01372701593704,Benign
P003152,TCP,IoT,Off,ME,0,1,4893.276656676494,6736.2820602553675,137.2463148737755,8,FIN,22,1,-59.810629091096196,user,0.17118131829079108,272.1770397509829,BruteForce
P003153,ICMP,Mobile,Off,EU,3,1,4249.445679375373,8873.052024699075,150.64971163620194,8,ACK,22,2,-55.27975426306307,user,0.022748516806535845,315.95720368366494,BruteForce
P003154,,Mobile,Off,APAC,1,0,4609.622349390342,6726.354872025326,137.83154727965237,6,FIN,110,0,-52.94667401587766,admin,0.12663902906313146,307.3737541977446,Benign
P003155,TCP,IoT,On,EU,3,0,4160.571289466221,8997.550125713064,66.55743963307113,3,SYN-ACK,443,0,-54.24280745492818,user,0.49520622896344385,268.62612320618933,Benign
P003156,TCP,Server,Off,US,0,1,5742.648486635845,6595.480034468718,110.14239609357772,7,SYN,110,0,-58.360001363985965,user,0.30878766423437704,304.11771180369607,Benign
P003157,tcp,Mobile,On,APAC,4,1,5074.80581660601,,100.3852285420526,1,FIN,143,2,,user,0.2786973828748195,269.6185686546106,BruteForce
P003158,TCP,IoT,Off,ME,1,1,1234.4491161469186,3889.1082093768587,111.65742416803376,7,SYN-ACK,21,1,-65.2670664276003,user,0.5304665494273527,247.01981658711293,BruteForce
P003159,TCP,Workstation,Off,ME,0,0,5096.9456236270125,5080.439652754592,755.4434329644486,5,FIN,143,4,-67.0885373239861,admin,0.250709007828783,303.9833677201829,BruteForce
P003160,TCP,IoT,Off,EU,3,1,7174.992051201249,3181.7180405735357,82.7617736228259,5,SYN-ACK,143,1,-65.20042100887194,guest,0.4795626965485062,292.65587674399904,Benign
P003161,TCP,Workstation,Off,ME,2,1,4797.78380340621,8210.185777848365,117.62854778557066,5,ACK,80,1,-71.52705768661598,user,0.42217870905227073,266.75572365938694,Benign
P003162,TCP,IoT,Off,EU,2,1,6901.550956644505,5120.675329446462,92.86665107648398,5,SYN-ACK,80,1,-60.16247347150727,user,0.23690768694246753,297.5638460206544,Benign
P003163,TCP,Workstation,Off,ME,3,1,4500.508544879715,,139.73509358581308,6,SYN,22,0,-59.35353068506379,user,0.32485901588915933,274.09667649803146,Benign
P003164,udp,Mobile,On,EU,0,0,2467.6502170068843,3868.4485819973997,98.96485588069528,4,ACK,25,0,,user,0.28764615977786134,297.3341548699283,Benign
P003165,TCP,Server,Off,EU,1,0,1984.8661103671757,7768.967154683922,104.61917506956057,3,ACK,443,0,-49.05113776521639,admin,0.3694318700181336,297.29232710100007,BruteForce
P003166,TCP,IoT,On,US,1,1,5398.7080508397485,6078.641998555936,112.64055796090175,6,ACK,443,1,-65.26462792343978,user,0.10640779474015492,301.8473296305683,Benign
P003167,UDP,Mobile,Off,EU,2,1,6562.145823428025,7320.1333755481155,132.71196792314842,0,SYN-ACK,80,1,-29.764546985702175,user,0.22955265708577074,276.13302843201666,Benign
P003168,ICMP,IoT,Off,ME,1,0,4987.851064162417,2722.6259075632606,35.79567294883965,8,SYN,143,0,-51.05330807721294,user,0.25043521538758645,247.23673140387547,Benign
P003169,UDP,Workstation,Off,EU,1,1,4585.721481614985,8562.531609086182,129.83463230834482,5,FIN,143,2,-64.47717354261475,admin,0.10670942464195067,288.4179694658146,BruteForce
P003170,TCP,Mobile,Off,APAC,3,2,4592.397657128938,5988.906290894763,125.91220395301454,6,SYN-ACK,80,2,-63.48312364810879,user,0.4083905475043834,283.69088980984566,Benign
P003171,TCP,Server,Off,APAC,1,0,3070.8202203619803,4437.3847717521385,90.44158526152572,7,FIN,53,0,-60.40056452704327,admin,0.395743643037857,284.84437225922966,Benign
P003172,ICMP,Mobile,Off,US,1,1,1159.3967216651845,1997.0592162279859,95.9739226236439,4,SYN-ACK,80,0,-65.1999458832405,admin,0.4334295845905865,256.70497298399397,BruteForce
P003173,UDP,Workstation,Off,APAC,2,1,4141.939822719255,5123.977740676874,102.48792699753427,4,ACK,443,0,-53.968769003315124,admin,0.1934299315391051,260.0739340365874,BruteForce
P003174,TCP,Workstation,On,ME,2,0,6673.9915100943745,9024.927014188528,70.59571065241042,2,FIN,443,2,,admin,0.19160037574884725,310.5805231568901,BruteForce
P003175,TCP,Mobile,Off,ME,2,0,6624.191677643116,5487.739788019854,128.81159238334976,7,ACK,25,1,-61.01000682879627,guest,0.20446012617723563,305.6159245515903,BruteForce
P003176,udp,Workstation,Off,US,1,0,5244.216357436441,2405.9977235688734,113.8704458960501,6,FIN,143,1,-57.58042114918855,user,0.11401321135599084,305.9634045164926,BruteForce
P003177,TCP,Mobile,Off,US,2,0,3093.214279521214,7456.01590491534,158.08992893905105,4,FIN,80,0,-54.776453972491055,admin,0.09779678104358917,307.8237228985682,Benign
P003178,TCP,Mobile,Off,EU,5,2,4625.467612205942,4648.366684028959,150.27000526635032,4,ACK,110,1,-53.578695210681275,user,0.6406186905733114,306.3538844191992,BruteForce
P003179,tcp,Server,On,EU,2,1,5297.100379871886,2533.3175860926913,131.67960173769188,6,FIN,80,0,-83.26135434779718,user,0.2921107827540029,288.9740512193927,BruteForce
P003180,TCP,Server,Off,US,1,2,3721.1918205170036,6061.044447744753,120.6848751592509,5,SYN-ACK,3389,1,-64.7080723955079,admin,0.2770205915903258,284.7527170517417,Benign
P003181,UDP,Server,Off,EU,4,0,4780.7651537167585,7644.872091405889,95.11622730336997,3,SYN-ACK,21,1,-56.36902471612404,admin,0.7213147033535675,287.08516738957087,Benign
P003182,tcp,Workstation,Off,US,1,0,4024.2695597648935,5548.213307258347,99.02883878767662,5,ACK,3389,0,-77.98647120738369,admin,0.5314374924467529,259.8332332811481,BruteForce
P003183,udp,IoT,On,ME,1,2,5143.971075312842,5141.183820469986,92.94914002332061,2,ACK,110,0,-79.27436618663475,user,0.5397052628820727,280.3449507148863,Benign
P003184,,IoT,On,APAC,1,1,4597.322536449716,6405.362950765427,177.7551407566074,4,SYN,21,1,-69.7941299671977,user,0.10239376700224381,305.69864713861097,Benign
P003185,udp,IoT,Off,US,2,0,7683.415669170095,7938.043213535559,27.887561616853105,4,SYN-ACK,22,4,-60.95353810592184,user,0.076956286052675,247.2106180435525,Benign
P003186,tcp,Workstation,Off,ME,3,2,5748.4047757429735,4124.188155320648,96.36542826637367,2,FIN,110,0,,admin,0.2606717348292397,273.4323857293779,Benign
P003187,UDP,IoT,On,APAC,4,0,4007.9870515118178,5329.931409692964,87.36309544375482,11,SYN-ACK,25,2,-81.6799784234104,user,0.3965784038809808,253.63859910348742,BruteForce
P003188,udp,Workstation,Off,US,4,1,6299.761103967683,3297.1711726768144,137.73470939598724,8,ACK,143,0,-58.937333271896954,user,0.4034456999443964,333.36702503917417,Benign
P003189,ICMP,Workstation,On,EU,1,1,6579.990350916985,5980.618605810257,94.030105572405,5,ACK,443,0,-67.24596773303345,user,0.4188526275749206,276.7826014203702,Benign
P003190,tcp,Server,On,EU,1,0,6043.309575778202,10166.634913862654,87.48765971095094,7,FIN,143,0,-50.747979923548215,user,0.3326490003717696,262.01654200318274,Benign
P003191,TCP,Workstation,Off,US,3,2,4321.891107697884,4009.3220584916708,100.99700955262607,2,SYN,22,2,,user,0.5901414559871372,268.32764080737127,Benign
P003192,udp,Workstation,On,EU,0,1,4035.534452473845,1844.0798507130585,149.5435196554033,11,SYN-ACK,143,1,-45.29759316106233,admin,0.24178881169058866,284.66235046006153,Benign
P003193,TCP,Workstation,Off,APAC,0,1,4872.826264216757,8215.525068585499,117.05642362335966,8,ACK,110,2,-73.45308208139046,user,0.061223048880069623,286.71154528004706,Benign
P003194,TCP,IoT,On,US,1,0,5403.929786705637,4572.812869709998,125.15533459713079,6,SYN,110,3,-53.7980847486162,user,0.18584994623397236,303.4261666059816,Benign
P003195,udp,Mobile,On,US,4,0,5326.671996183292,5334.4491333314145,73.75572674584258,6,ACK,110,0,-62.425957656818014,user,0.4872505001356497,280.49771348269445,BruteForce
P003196,ICMP,Server,Off,APAC,0,0,4699.868803577021,6886.929769157927,113.8141629821643,4,SYN-ACK,3389,1,-56.82640446967102,user,0.19112059775738247,304.65406961590656,Benign
P003197,TCP,Workstation,Off,ME,3,2,4813.433505093573,4159.479524693858,142.44561643230588,6,SYN,80,0,-48.416129919219,user,0.23373519466089282,277.7603885920068,BruteForce
P003198,tcp,Mobile,Off,EU,1,0,2240.83414145668,4086.2867650279704,147.54833300578576,4,FIN,110,2,-51.75239602996357,user,0.14245880459736143,284.0495297903653,Benign
P003199,ICMP,Mobile,Off,APAC,1,1,4260.367553969487,5370.812194974182,153.46821815444775,1,SYN,25,0,-51.74510046527408,admin,0.17469245605448605,278.75185171236126,BruteForce
P003200,udp,Workstation,Off,EU,1,1,6115.74122645019,5501.902860738478,73.09650470354032,5,SYN,443,1,-63.33860515569558,user,0.1936465134599108,269.89802431776724,Benign
P003201,UDP,Server,On,APAC,2,0,5070.224818154894,8852.360782542408,177.60240345404634,9,ACK,21,0,-52.14885819287213,user,0.12656698607117725,330.9032712461849,Benign
P003202,TCP,Server,On,APAC,2,1,4082.2991970318594,8199.22543514142,116.79991375883479,3,FIN,3389,1,-70.20808510349046,user,0.19653014421018009,263.8376814573652,Benign
P003203,TCP,Mobile,On,ME,1,0,3663.105179511161,9186.692184517236,136.77249217399012,6,ACK,21,1,-55.72199165287003,user,0.19621056482596919,299.3794216147963,BruteForce
P003204,TCP,Server,Off,EU,1,1,6405.204242623242,4801.140502647415,86.79578453588165,4,SYN,3389,0,-59.72081144865293,user,0.18675167866455794,285.17096061725493,Benign
P003205,TCP,Mobile,On,US,2,0,4537.678909212673,8185.2717746423905,96.99747883075375,5,FIN,443,2,-55.534907603321095,user,0.5885014939045997,279.12874604092644,BruteForce
P003206,tcp,Workstation,Off,ME,3,4,5481.889868416648,7877.987124414034,132.55470940091038,5,SYN,143,1,-62.07798204188612,user,0.0926421848366836,283.30751415223034,Benign
P003207,TCP,IoT,Off,ME,1,0,5691.099059749489,6131.663344493153,85.70259140352823,5,SYN-ACK,21,2,-66.09269987133426,user,0.3122251154552714,283.5877344779464,BruteForce
P003208,TCP,Mobile,Off,US,6,0,4342.7318317013205,11261.908038651643,99.22101381974778,2,ACK,110,0,-60.14819703545853,user,0.22137771773086468,267.28486593677377,Benign
P003209,tcp,Workstation,Off,EU,2,2,3480.4267873674726,5991.503850719103,98.13091308317074,7,SYN-ACK,143,1,-73.59258690433526,user,0.06921181370647986,277.6405579080952,BruteForce
P003210,udp,Workstation,Off,ME,1,1,4348.265448557748,,125.41290355970375,4,SYN,80,1,-41.65255454676401,user,0.2980270535849174,296.01933425632933,BruteForce
P003211,TCP,Workstation,Off,US,2,3,4563.645370257099,6895.773217591415,83.52746580557516,2,ACK,80,0,-54.125280872283724,admin,0.08572682150770518,267.7632391258006,Benign
P003212,UDP,Workstation,On,EU,2,0,4864.4395149755865,4063.963062315431,143.11753115662435,9,SYN,143,2,-59.05896564211439,user,0.4489629207961219,321.353196280084,BruteForce
P003213,udp,IoT,Off,ME,4,0,5210.732857947927,8442.053753930035,140.8036534069031,9,FIN,443,3,-63.82270910368645,user,0.1254166480270579,305.2814575453952,Benign
P003214,TCP,IoT,Off,US,0,0,4467.349206657238,5262.026783082101,92.9054766413337,4,FIN,53,1,-55.21677131169483,user,0.22155995498563288,273.54236445500186,Benign
P003215,TCP,Mobile,Off,US,2,0,34406.31688295096,4871.45923500298,159.9257311807026,5,SYN,22,2,,user,0.2506096909714979,293.5287217270882,Benign
P003216,TCP,Server,On,ME,1,1,4618.2386257450835,4917.673268810743,115.07950541499352,4,FIN,143,1,-60.82620514417623,admin,0.24245669447436655,300.74203107610185,BruteForce
P003217,ICMP,Mobile,Off,US,1,0,5694.079643839309,6881.342766805877,93.46265941227786,5,FIN,80,1,,admin,0.27652888547159504,284.8770077009401,Benign
P003218,TCP,Server,Off,US,0,2,4828.212448135509,6383.747893760024,146.33270571299542,3,SYN,25,0,,user,0.1756618589786769,299.94537844010824,BruteForce
P003219,UDP,Workstation,Off,EU,3,1,7898.932906219823,5008.755382313147,138.35711258402833,7,ACK,25,1,-69.82560846908537,user,0.18611204151182562,323.7276145561278,BruteForce
P003220,UDP,Mobile,On,APAC,2,0,6033.7300782941,2408.7222090915225,113.87110069646137,3,SYN-ACK,53,0,-74.29162633131438,guest,0.03858101312955991,287.0368197734563,Benign
P003221,UDP,Mobile,On,EU,0,0,4138.312280540536,7098.033504204393,171.18546729959644,7,SYN,22,3,-49.51183177514146,user,0.2983511241022574,325.5860499423824,BruteForce
P003222,,Workstation,Off,ME,2,1,3674.9605620058883,5011.684421433133,130.5969788301939,6,ACK,21,0,-48.92663344090417,guest,0.2203521506344573,284.03019245361054,Benign
P003223,UDP,Mobile,Off,ME,4,1,3319.03555071176,4969.191285257685,140.97180681282686,9,ACK,143,4,-57.26782250478594,user,0.43982089836597676,274.130153183577,Benign
P003224,tcp,Server,Off,ME,3,2,5705.66428430538,6183.778299915695,127.62024109968655,8,SYN-ACK,21,1,-81.92525637456752,user,0.2488236718534211,316.6541793437398,Benign
P003225,TCP,Mobile,Off,ME,1,1,4751.9045379475,2363.3913656167015,157.6336072222473,5,SYN,21,5,-49.320238329597956,user,0.677881421829826,293.0223364153043,BruteForce
P003226,udp,Server,Off,EU,5,1,4729.4173309264415,4166.886183177145,73.29572664762716,3,FIN,80,2,-67.62508188269194,guest,0.261738095002027,272.2666399475394,Benign
P003227,UDP,Server,Off,APAC,2,0,4983.243486442314,7783.156938070082,99.67270777397982,8,SYN,22,3,-60.21912440423135,admin,0.19971078835906592,283.89699741575834,Benign
P003228,TCP,IoT,Off,EU,0,0,3849.574354630453,6012.699077522357,124.81844077988902,6,ACK,22,3,,user,0.4091592216319727,315.5011821117766,Benign
P003229,tcp,IoT,On,APAC,2,1,5607.17521152355,,179.37388977403563,7,FIN,80,1,-72.20227672682012,admin,0.7539060662155025,320.9930721810869,Benign
P003230,UDP,Workstation,Off,ME,2,1,6286.299714969487,8659.410124390797,154.56314423922655,4,ACK,3389,0,-75.36343385783522,user,0.31424382410178375,281.8980534626232,BruteForce
P003231,tcp,IoT,On,US,1,0,5348.136347579239,5384.024468768246,177.1504799499685,3,ACK,21,2,-63.0785046711961,user,0.08388158689745598,318.0869215408491,Benign
P003232,UDP,Workstation,Off,EU,2,0,6583.997371128497,3085.393983336597,142.63532926343856,4,ACK,443,2,-45.20059893188791,user,0.5545240615648094,321.78010395170134,Benign
P003233,TCP,IoT,Off,ME,0,1,5266.287548016136,6073.982099614234,136.8077658699649,8,FIN,143,1,,user,0.3494446445992763,311.92558619149304,Benign
P003234,ICMP,Workstation,On,EU,4,1,5614.520966437707,4954.641881970681,77.95971092586221,5,SYN-ACK,143,0,-59.630828046181016,admin,0.08911671010183012,265.0904348048881,Benign
P003235,ICMP,Workstation,Off,US,2,1,4803.654636950268,7594.555446032385,144.98462350415764,5,SYN,25,1,-62.87227988582248,admin,0.16967399245831305,304.7403979643751,Benign
P003236,TCP,Mobile,Off,US,2,0,4811.160272564696,6019.9114972897805,134.9681270178849,5,SYN,53,0,-53.392153130526474,user,0.1501531387054924,296.0288069267383,BruteForce
P003237,UDP,Workstation,Off,US,3,2,1993.3508568312777,5354.9959005722885,112.35846264770466,2,ACK,80,2,-55.78097454919047,admin,0.11519711579256302,260.23117308074677,BruteForce
P003238,TCP,Workstation,On,EU,6,1,6490.85303673827,3154.8356657259005,87.90911529851275,4,FIN,110,3,-42.463045351858455,user,0.11313261886806615,261.9824991435568,BruteForce
P003239,,Mobile,Off,EU,0,2,3823.124632403799,5101.294137721981,121.00470884421232,4,SYN,143,2,-55.22265515552737,user,0.22337680567170112,245.89974372567522,Benign
P003240,UDP,IoT,Off,EU,2,3,4089.666263200408,7620.665503893637,118.39748619485614,7,ACK,53,2,-53.214283582247894,admin,0.2188888925776953,270.2815471079985,Benign
P003241,TCP,Server,On,ME,1,1,4142.112078590416,3025.9687710415556,113.04485062164446,8,FIN,110,2,-63.68719431504034,user,0.2562462021894897,292.4411081038884,Benign
P003242,ICMP,IoT,Off,ME,4,2,3246.397710959004,4610.3363940828785,125.39036448719764,5,SYN-ACK,25,0,,user,0.33659275154727747,264.69157930654933,BruteForce
P003243,TCP,Workstation,Off,EU,1,0,2950.4286148907577,9306.825510073919,123.32388040973723,6,SYN-ACK,25,3,-69.86485138432664,user,0.265834934105172,282.1331427319146,Benign
P003244,UDP,IoT,Off,US,3,0,6953.066232708366,5379.198078106376,173.83109291307034,5,FIN,22,0,-59.23483209896706,user,0.24293737731284648,337.40196592593566,Benign
P003245,UDP,IoT,On,APAC,3,2,9219.706242095996,5488.446716283519,88.0655140213431,4,SYN-ACK,443,0,-70.88079758226438,user,0.20382837103436272,290.3626251497563,Benign
P003246,,IoT,Off,US,1,2,4486.857019533703,5860.261705423693,126.61944664891209,3,SYN,80,0,-70.37855920787352,user,0.2346663544451032,272.4579505607849,Benign
P003247,TCP,Mobile,Off,APAC,2,0,6799.768309954301,5852.300362994724,123.18026331687874,6,SYN-ACK,443,2,-72.73436210934804,admin,0.0942953213507996,309.72715692638377,Benign
P003248,UDP,Workstation,On,APAC,3,1,5019.403832853512,3950.840194056809,116.8441149108962,7,SYN,143,2,-58.11158149628788,user,0.33058490153203096,275.75251427116547,Benign
P003249,,Workstation,Off,EU,5,1,2777.822389883499,5256.278682796276,65.70372621406182,6,ACK,22,1,-60.72229329204906,user,0.22412084905036667,253.30573440778562,BruteForce
P003250,UDP,Workstation,On,EU,1,1,2400.1256318868805,5257.193939386902,144.56421138314693,3,SYN-ACK,443,1,-57.85418173370133,guest,0.21601203719479523,306.4273139999001,Benign
P003251,,Server,Off,US,2,1,5215.687533805385,5198.839172286777,111.47839442874111,3,SYN-ACK,443,1,-68.97891124807757,user,0.3811810625060962,295.78498474438743,Benign
P003252,TCP,IoT,On,EU,2,1,5813.720071913955,3011.7421183177566,143.36252207028687,3,SYN-ACK,110,2,,user,0.14832644553663646,297.6073808098892,Benign
P003253,UDP,Workstation,On,EU,0,0,6910.961321246666,,160.99941359072022,6,ACK,22,2,-35.870484113162455,guest,0.20736047910000638,315.30158955013366,BruteForce
P003254,UDP,IoT,On,EU,0,0,1297.8553875158086,9374.831467673743,147.67883204277396,6,FIN,53,1,-49.60653225463933,user,0.3188212091084021,288.915378421208,BruteForce
P003255,UDP,IoT,Off,APAC,2,0,3066.2795058605097,6523.4726257816765,83.20300145251862,4,SYN-ACK,25,1,-64.52289054757115,user,0.009361015345083032,252.2889413904848,Benign
P003256,udp,Workstation,On,US,0,0,5574.394029217919,3492.9348329606355,97.9576184715438,5,FIN,143,1,-68.77820869365819,user,0.7529246791676518,274.21141963175455,Benign
P003257,UDP,Mobile,Off,ME,4,0,5429.741454740967,4282.074581305619,124.39645112425825,6,SYN-ACK,443,1,-51.647657449191,guest,0.1404887867218352,298.8256676482001,Benign
P003258,udp,Mobile,On,EU,0,2,2652.9711771505017,5171.436056019751,91.79481686070491,6,FIN,25,0,-57.711129751639675,user,0.12968953398696645,278.0365455258389,Benign
P003259,TCP,Mobile,Off,APAC,1,1,4649.650623820639,4371.804738365082,162.22927870364975,4,SYN,443,2,-48.62554393170586,user,0.40066725332294656,316.8184767695767,BruteForce
P003260,tcp,Workstation,Off,APAC,2,1,3398.084174465352,5799.697444141864,129.3060090268335,4,FIN,110,0,-60.643836507397424,guest,0.27083992655783506,282.79195913081924,Benign
P003261,UDP,Mobile,Off,ME,1,1,5875.6175074596795,3995.6799568791703,123.64888053021286,4,ACK,22,0,-73.74922781387754,user,0.15876826179752704,316.4673268957393,Benign
P003262,,Workstation,Off,US,0,0,3134.962047221182,5474.8096709105685,150.18825724360948,4,SYN-ACK,53,1,-74.88664604751179,user,0.1329818445223541,300.6460960659195,Benign
P003263,tcp,Workstation,Off,US,4,1,4446.721709054484,5240.559030747485,127.59098973753402,3,FIN,80,1,-50.52005360148497,user,0.4182518873671966,307.4954277244469,BruteForce
P003264,ICMP,IoT,Off,US,5,0,7586.701750695418,4880.854532408575,98.44375494727655,1,ACK,53,2,-71.02393456272719,admin,0.24675447530454656,286.2625028518468,BruteForce
P003265,TCP,Workstation,Off,ME,6,0,4450.200864246999,4303.470084342955,144.94109268462668,2,SYN,53,0,,user,0.25530016019638196,289.71990161718946,Benign
P003266,TCP,Server,On,ME,1,1,4149.523502578302,6983.493221262718,156.43588078219688,2,SYN-ACK,22,2,,user,0.27288677746865025,293.6327824980274,Benign
P003267,UDP,Workstation,Off,APAC,3,3,36076.34931403749,6808.199652098989,161.76241404591264,5,FIN,21,3,-61.464215328590875,user,0.3008203100423863,312.0246355939461,Benign
P003268,udp,Workstation,Off,EU,1,1,4222.606661609227,8353.627226370927,80.10706371236498,3,ACK,25,1,,guest,0.45021835366296725,231.38228905321466,BruteForce
P003269,TCP,Mobile,Off,US,2,2,5855.814131745327,6534.999875743348,89.28573371540739,3,FIN,80,2,-60.07366226913459,user,0.3883556661950175,257.84259720354333,Benign
P003270,TCP,IoT,Off,US,0,0,4227.87144138906,6524.125020556558,159.11951960891082,7,SYN,25,2,-67.90330759759719,admin,0.23738080457664346,347.2092509232766,Benign
P003271,tcp,Server,Off,EU,1,1,5071.294419591703,,143.7312993273666,5,FIN,80,1,-45.673946237910755,user,0.5860707981678913,283.97839468010903,BruteForce
P003272,TCP,IoT,On,APAC,0,1,2549.0911737938236,5630.968189740432,105.93890633303485,4,SYN,25,0,-59.38850995229529,admin,0.2287566306444318,286.81553740812643,Benign
P003273,ICMP,Workstation,Off,US,2,0,4562.445283095068,2557.051037637296,93.09341939244756,8,FIN,22,1,-52.42507741396317,user,0.04442955108844962,299.8277159134414,Benign
P003274,udp,IoT,On,APAC,1,1,2612.5487304547037,7588.0700304823895,132.13741018087265,4,FIN,443,2,-66.64403688936919,user,0.10775061791289607,280.4287710847212,Benign
P003275,TCP,Workstation,Off,EU,1,4,5824.151372939418,8369.599116579433,136.42905174810386,4,SYN-ACK,21,0,-52.46139989841558,user,0.12000075909594084,277.9361847008817,Benign
P003276,ICMP,IoT,On,US,1,0,4178.741800379952,,136.59865609838494,3,FIN,3389,1,-60.957283293741504,user,0.37687394355893833,294.5434025698658,Benign
P003277,,IoT,On,EU,1,2,3736.284427811259,9892.258073077155,125.29213125339982,7,ACK,80,0,-62.44941976566522,guest,0.3270397741265229,304.9970577459698,BruteForce
P003278,TCP,Mobile,Off,APAC,1,0,4558.421073303976,6738.309616763973,155.41948812048446,2,SYN-ACK,25,0,-65.99910740424777,user,0.30508375740754934,287.4587472953751,Benign
P003279,udp,IoT,Off,US,2,0,7107.8989582593695,6312.060893221409,522.3616609995515,1,FIN,143,2,-65.79088254757605,user,0.07616332620695859,276.7415630221253,Benign
P003280,UDP,Workstation,On,ME,0,3,2896.2620457173643,4505.402675298072,100.31306605621737,2,ACK,143,0,-44.46078398795316,guest,0.32836193205611924,260.81315475600053,Benign
P003281,UDP,IoT,Off,ME,1,2,6846.531357980567,5872.073374356602,132.5129467434807,1,SYN,21,0,-59.639167763426826,user,0.31012865095284187,310.0147439501096,Benign
P003282,UDP,Server,Off,APAC,1,1,6471.065096466796,6390.767133422319,114.93782171933508,1,ACK,143,0,-71.74322886515473,user,0.3762175787296706,299.9137288199537,Benign
P003283,UDP,Server,Off,US,1,1,5882.553959590257,4411.232701035307,123.70881085512302,7,SYN-ACK,25,0,-68.64720276647574,guest,0.4099146906696654,260.93971828915994,BruteForce
P003284,UDP,Workstation,Off,ME,3,3,3009.3659898625365,7911.858690224195,60.02118598353534,7,ACK,21,1,-51.07218767406056,user,0.2188058965185079,245.65184002616257,Benign
P003285,TCP,IoT,Off,US,1,2,5711.794659535272,7564.5418756935,102.18446743343779,5,SYN,22,0,-50.77540246496758,admin,0.049309932968885604,286.89890815034846,Benign
P003286,UDP,Mobile,On,US,3,0,33592.49048390321,8914.576486851935,153.0687165162617,6,SYN-ACK,80,1,-58.796818859836286,user,0.15999729583738728,323.08712979409455,BruteForce
P003287,udp,Workstation,Off,EU,1,0,6939.238502797438,3545.3228607506903,113.76146903510887,2,SYN-ACK,80,2,-48.59229761918165,user,0.383276898297193,298.9216084861781,Benign
P003288,UDP,Mobile,Off,US,0,1,5847.16221942586,,160.29959764265973,4,SYN,110,0,-64.9724613944295,user,0.0982582328913197,312.265479540758,BruteForce
P003289,TCP,IoT,On,US,6,0,5312.382466617624,4382.851773571829,135.34178180422614,3,SYN-ACK,21,1,-70.49253664541192,user,0.3925336626975679,257.10351085319206,Benign
P003290,TCP,IoT,Off,APAC,4,0,5203.691430383645,6212.860709424207,145.45793595757348,6,FIN,22,0,-86.24853993081457,user,0.20187654012260284,305.23523361732106,Benign
P003291,UDP,IoT,Off,ME,2,2,5043.915252651576,6227.043440161947,135.60645232723223,2,SYN-ACK,443,1,-57.18265417241199,user,0.16012541107236647,301.3502106068058,Benign
P003292,UDP,IoT,On,EU,2,1,5066.422251970475,7375.222161546573,125.78162877683891,4,FIN,3389,1,-57.97215963727049,admin,0.06519307366295134,304.5686452476811,BruteForce
P003293,TCP,Mobile,Off,ME,5,3,4073.1698510832375,,63.463241919817804,3,SYN,25,2,-44.15908209191,user,0.3003356379163841,257.79049770392936,BruteForce
P003294,TCP,Mobile,On,US,5,3,3935.7613917978956,8929.715908534727,126.62820411327348,5,SYN,443,0,-56.751709761196715,user,0.2447782066773835,310.3482431934556,BruteForce
P003295,UDP,IoT,On,APAC,2,1,6126.390467941329,8006.029737550368,112.10797464464882,7,SYN-ACK,80,0,-57.96786592342245,guest,0.12835992862149687,283.7852830717738,BruteForce
P003296,tcp,Workstation,Off,US,0,1,4843.7478976896755,6512.734282252384,100.7116649760203,6,ACK,110,1,-55.73513899074855,user,0.4401821914850147,267.9949808491074,BruteForce
P003297,TCP,IoT,On,EU,0,2,7647.90515444545,6043.115144179312,96.73790868037858,5,SYN-ACK,3389,1,-56.95089632742023,user,0.45308809007253376,260.3499244747315,Benign
P003298,UDP,IoT,Off,ME,1,3,4487.3976155015625,4560.151351287714,123.58485966618701,3,ACK,53,0,,admin,0.413471076443745,278.64457958679895,Benign
P003299,udp,Workstation,Off,APAC,1,0,1645.8916713191147,5231.219827333954,159.36845690185075,4,ACK,3389,0,,admin,0.4537236116837136,275.06222950857966,Benign
P003300,TCP,IoT,Off,US,1,0,4705.8987594889695,5609.841629489544,95.45425259438682,4,SYN-ACK,3389,1,-63.11952179947098,user,0.12460808491595546,283.812628313725,Benign
P003301,TCP,IoT,Off,APAC,1,1,5846.1340698090835,6228.903499968555,141.64681764620332,9,SYN-ACK,3389,0,-58.99803399446601,guest,0.4323156840432768,313.51390493319997,Benign
P003302,UDP,Mobile,Off,EU,3,0,8162.017027882794,5535.020405486371,105.80622879657352,5,SYN-ACK,25,2,-49.48303562155691,admin,0.39677025656115505,292.68140306073286,Benign
P003303,tcp,Server,Off,EU,2,3,4207.453897094537,2146.2472420045997,90.5372970927511,7,SYN-ACK,143,3,-55.931261034550396,admin,0.10729557085948256,269.60146607516026,Benign
P003304,UDP,Workstation,On,US,5,0,5708.9451470170325,10008.01803390534,90.12153428657898,6,SYN-ACK,80,0,-65.60968177682349,user,0.22836702839903866,273.4509465607146,BruteForce
P003305,UDP,Mobile,On,ME,1,2,5514.992620343028,1543.79968917913,118.94821410751189,3,SYN-ACK,3389,0,-44.73058018766618,user,0.6069287585781649,268.121795640712,Benign
P003306,TCP,Mobile,Off,US,2,0,7991.912408835264,8840.583043669249,126.01928379779943,6,SYN-ACK,25,0,-74.43383735882585,user,0.04209519682984141,314.13707848277494,Benign
P003307,udp,Workstation,Off,ME,4,0,4095.337174739834,9286.347587453718,111.15313515166545,6,FIN,53,1,-51.69042906213808,user,0.1372880087316599,266.6703365712556,Benign
P003308,,Workstation,Off,EU,4,0,6719.320874303466,6312.187405102301,76.72233751296127,7,SYN-ACK,25,0,-69.11018694513358,admin,0.14402078273629185,287.3138679229802,Benign
P003309,udp,IoT,Off,ME,5,1,4694.8328411181665,10428.3195251459,125.0898922188174,10,SYN,3389,1,-48.93622941429125,user,0.3303735752334786,282.5241259289555,Benign
P003310,,Workstation,Off,US,5,0,3663.2435347644823,9502.366496982446,119.60300907061132,3,SYN,22,0,-69.44001664963793,user,0.23603155489019895,276.4106634475748,Benign
P003311,TCP,Mobile,Off,US,2,1,7349.224480806549,2386.440499409057,119.11246702960273,7,FIN,143,2,,user,0.5291301929933426,289.86176530312645,BruteForce
P003312,TCP,IoT,Off,US,2,1,3160.018979843437,14261.0247347792,122.11914052204176,7,SYN-ACK,443,2,-53.78150888640742,user,0.2696149375622352,267.53699579663265,BruteForce
P003313,TCP,IoT,On,US,1,3,7567.297026842984,5020.902061241029,108.09746515998523,5,FIN,22,0,-63.090815313079304,user,0.21099092270051403,293.5782256215501,BruteForce
P003314,TCP,Server,On,APAC,1,1,6334.912717543536,8311.736116055414,122.30792404348684,5,SYN,53,1,-70.25052738818906,admin,0.1373500548970361,303.4176014664202,Benign
P003315,UDP,Workstation,Off,EU,3,0,5265.443151690514,7772.195140249366,117.28403798802404,6,FIN,22,0,-58.315462063482656,user,0.23924285582642274,279.7854489981182,BruteForce
P003316,TCP,Workstation,On,APAC,1,2,7507.263779980691,6989.759520808092,170.4332167927243,1,ACK,110,2,-61.293025237164215,user,0.42456622964391577,311.17045558217836,Benign
P003317,ICMP,Workstation,Off,ME,4,0,4777.62806369812,4671.1698478211765,128.544564378807,7,FIN,3389,2,-66.00927492771639,user,0.07750662771784922,266.2227714335294,Benign
P003318,TCP,Server,Off,ME,2,1,5149.846430110233,8791.47970397141,98.19222992232896,1,SYN,143,1,-44.12812714236055,user,0.30338926335497013,282.2406130955448,Benign
P003319,UDP,Workstation,Off,ME,4,2,5554.007203533421,7957.033594519437,58.74251549864507,6,ACK,25,1,-63.823854922685825,admin,0.18441451890301858,292.13273506091303,Benign
P003320,TCP,IoT,Off,ME,0,0,1262.9897857744963,6421.781404230212,123.03967861758932,7,FIN,3389,0,-50.57659952616717,user,0.4996840461825847,269.04288239680824,Benign
P003321,TCP,IoT,Off,US,1,0,4114.917343873703,5706.675972293489,200.93810025497535,9,FIN,443,0,-70.7756099563197,user,0.40632307828473035,339.52176817560917,Benign
P003322,TCP,Workstation,On,US,2,0,5699.4580980724395,6016.473057415099,63.759435609570126,7,ACK,3389,0,-52.78819886366811,guest,0.20077767972497446,303.698657570681,Benign
P003323,TCP,Mobile,On,APAC,4,0,6144.117266142676,7948.079795642916,84.80035870121978,6,FIN,143,1,-50.13404601648628,admin,0.18181764282566126,289.7331777602209,BruteForce
P003324,tcp,Server,Off,ME,0,0,5232.312547400016,4838.594800930093,159.98594730188728,6,ACK,110,0,-75.25225386622051,user,0.23042962517281032,321.9870227598599,BruteForce
P003325,TCP,Server,On,EU,3,0,2045.0376427849064,5549.270493253579,103.68296986768794,4,SYN-ACK,21,1,-61.00169119167972,user,0.3636809617965201,272.4956692049169,Benign
P003326,ICMP,IoT,Off,EU,0,1,6880.119494541108,8207.606005542744,112.58548899055342,6,SYN,25,1,-60.881530361758195,user,0.7475328823252558,316.21116217288437,Benign
P003327,TCP,IoT,Off,EU,0,0,3592.4001848970784,8797.2727253298,85.54127507511816,3,SYN-ACK,53,1,-48.713181787494634,user,0.27011921033610053,268.25000210822355,Benign
P003328,UDP,Server,Off,EU,3,1,5416.988807910903,4264.808628729453,135.0148488043039,4,ACK,53,1,-54.25999428935726,user,0.18147897634970636,287.32360652923194,BruteForce
P003329,TCP,Workstation,Off,US,2,0,5521.4053773133965,10258.877104948655,109.96588023800226,4,ACK,22,1,-54.49594276955881,admin,0.06390501858436388,293.9560712097641,Benign
P003330,TCP,Workstation,Off,EU,1,1,5426.975327811672,6768.81046149979,122.683063704978,5,ACK,3389,2,-77.7124957328359,user,0.2892055192044307,291.2046507698208,BruteForce
P003331,UDP,Server,Off,EU,8,1,5651.712460884397,4704.661851293766,84.91862689381682,3,ACK,443,3,-56.77684757065808,user,0.36980020068119834,270.69971319393267,Benign
P003332,TCP,Server,Off,EU,2,0,5177.749790839675,9299.269329357528,151.0138225994069,1,SYN,110,0,-59.541483545963246,user,0.2515664728369642,312.0551812084498,Benign
P003333,,IoT,Off,APAC,3,0,6683.752495924803,7365.427253560041,41.252469511523074,8,SYN,110,0,-57.371085793872766,user,0.2157636793667525,228.5867455447825,Benign
P003334,TCP,Server,On,US,4,0,3965.8962150811685,7309.224627044155,68.75339970121108,5,FIN,22,2,-40.74691343972041,user,0.0825594334911151,273.46183511249177,Benign
P003335,ICMP,IoT,Off,US,3,0,4835.181941257808,6527.721573162828,101.34655446556017,2,FIN,110,0,-54.14702634608229,user,0.26287261021771485,273.5595096510996,BruteForce
P003336,udp,Server,On,APAC,2,2,4171.044992024985,,99.37538237708371,9,SYN,53,2,-44.67486434040406,user,0.1065361292543934,290.6185349676884,BruteForce
P003337,udp,Server,Off,APAC,4,2,4877.953725256977,6367.3980599990855,170.02064597616192,7,ACK,21,2,-52.15150343275009,user,0.2821159179647379,331.28000979769445,Benign
P003338,UDP,Mobile,Off,APAC,3,0,3745.7345561139164,4259.683765631712,154.91094578758788,2,SYN,22,1,-69.07384630120823,user,0.2090573390841448,289.8676954069268,Benign
P003339,ICMP,Mobile,Off,ME,1,2,2787.1301844938866,6110.083682843527,87.11198153143094,7,ACK,443,1,-69.51613162205628,user,0.29975722035548047,266.1624675348757,Benign
P003340,,Workstation,Off,US,0,1,3053.1012237345767,7321.026362467805,105.66017624294972,4,SYN-ACK,110,1,-63.03229311264792,user,0.030449524869582384,266.9678069542452,BruteForce
P003341,tcp,Mobile,Off,US,2,0,5041.443490609563,4794.0558082504585,136.25125012248887,6,SYN-ACK,25,1,-61.56650017057886,user,0.3864470583769397,319.12056261055864,BruteForce
P003342,udp,Workstation,On,ME,0,3,5511.603266424503,5194.748300368205,116.70352014830546,6,SYN,80,0,-69.84399858366893,user,0.45686984543195536,289.50741571123,Benign
P003343,,Workstation,On,EU,3,1,6101.6101550548165,9321.862155243241,127.30996675042182,4,ACK,21,0,,user,0.38169168994613795,307.76803020243244,Benign
P003344,udp,Mobile,Off,US,3,0,4399.024627306971,2753.6472632805535,78.58117567241547,4,FIN,143,0,-84.04728802708016,user,0.31915352314417433,248.04016850718085,BruteForce
P003345,udp,IoT,Off,EU,4,0,6776.73849543056,7762.063865604512,150.20155783685615,3,ACK,21,1,-59.408102482871605,user,0.28190951859749097,302.8176698479646,Benign
P003346,ICMP,IoT,Off,EU,2,1,5298.108416550474,3639.4432060853405,130.48533439034495,4,ACK,25,0,-67.20673634752532,user,0.2537499298077768,340.95534514327716,Benign
P003347,UDP,Mobile,On,ME,1,2,7064.814895811163,8769.932762897814,141.97081171879182,5,ACK,143,0,,user,0.4428083268407625,328.0106387689145,Benign
P003348,TCP,IoT,On,EU,2,1,6544.454649704178,1972.3946542890853,102.84216864884489,4,FIN,3389,1,-53.245731269138766,user,0.5328484651310487,293.4838054643958,BruteForce
P003349,TCP,Mobile,On,US,1,0,5086.478723730826,2102.256296381919,127.36041101657622,6,SYN,22,2,-61.52387853563305,user,0.18892872324727641,300.4140005291754,Benign
P003350,TCP,Workstation,Off,ME,1,0,5852.8590840671295,5712.853762438333,90.88593507071977,8,SYN,25,2,-57.42068626358044,user,0.32228692974956213,295.30222357536144,BruteForce
P003351,TCP,Workstation,Off,APAC,2,0,3331.3474189701124,,108.06122797298204,3,SYN,21,1,-50.92519081954013,user,0.31730457670689644,281.542957940743,Benign
P003352,TCP,Mobile,Off,US,0,0,5207.946896598345,2119.7158358520646,137.45210392689236,6,FIN,53,2,-43.71115072523933,user,0.5172800977724957,305.6284826161054,Benign
P003353,TCP,Mobile,Off,EU,0,2,7381.61884324769,6560.763033486228,917.052514491033,6,SYN,22,3,,guest,0.20729559969780206,341.18215639820824,Benign
P003354,UDP,Mobile,Off,EU,2,1,5542.138788561995,6641.520837166118,121.79074725446017,1,FIN,53,1,-50.73796017674241,user,0.2042875526658926,297.9322667842605,BruteForce
P003355,UDP,IoT,Off,US,4,1,7476.563425499726,8136.872656265921,132.6921062620475,8,FIN,21,0,-69.53141948034016,user,0.457059311189037,290.287989907921,BruteForce
P003356,tcp,Mobile,Off,ME,3,1,5130.023976999699,6775.169966461458,144.86330867564396,7,SYN-ACK,3389,0,-40.52695968599271,user,0.6151048425561791,325.04643677552434,Benign
P003357,,Mobile,Off,US,1,1,4854.646699234326,5919.176741320377,106.84238866859323,2,SYN,21,0,-66.60222467187947,user,0.04145840335592581,298.694486392028,BruteForce
P003358,UDP,Mobile,Off,APAC,1,0,6054.063466828882,4570.004327671044,155.10779365327625,9,FIN,21,1,-64.05531389991783,user,0.08529014533995363,326.69204552120635,Benign
P003359,TCP,Mobile,Off,EU,2,3,4220.042292972204,6884.353189774027,97.76149983635088,9,FIN,53,1,-57.40462973726539,user,0.11900537036284342,288.76964872868064,BruteForce
P003360,UDP,Workstation,On,APAC,1,0,6774.349350636229,5249.247898016865,140.72094707101644,11,SYN,110,0,-53.53120324763757,guest,0.32849008378261785,362.37898987949075,BruteForce
P003361,ICMP,IoT,Off,ME,1,1,5854.293030804143,2330.128215764206,82.18436677051446,3,ACK,53,1,-74.13310706454224,user,0.36983608196265727,277.7848673688107,Benign
P003362,TCP,Workstation,On,US,2,2,5844.800101782239,5116.518090973731,115.87452785750598,4,FIN,25,0,-41.81742746133945,admin,0.07449177103805556,288.56720152492863,Benign
P003363,UDP,Server,Off,APAC,2,0,6114.449797195,4588.904562620755,134.3667663905347,5,SYN-ACK,25,0,-60.820662216811144,user,0.5521960106912195,318.78501175540396,BruteForce
P003364,TCP,Server,Off,US,1,0,4863.331042329046,3436.2952156132023,78.4955847324946,4,SYN-ACK,3389,1,-58.26545982043314,user,0.14546987066511152,294.65154577062117,Benign
P003365,TCP,Workstation,Off,ME,2,3,4611.1321577296385,7342.569958714578,96.34208774974843,4,SYN,143,0,-61.588514875832395,user,0.16716568574268606,265.4482175285483,Benign
P003366,,IoT,Off,ME,1,1,6614.71648664416,5952.839583456417,964.638633241269,10,SYN-ACK,143,3,-63.72246419042062,user,0.4131859195357465,323.69201706983984,Benign
P003367,ICMP,IoT,Off,APAC,3,2,4076.6257644647426,9527.376820459054,121.73703000802715,9,FIN,3389,2,-58.29048188346276,user,0.04700683927576596,267.80376601710327,BruteForce
P003368,ICMP,Workstation,Off,EU,3,2,6049.239586889014,5392.984794945774,110.43832475081491,7,ACK,443,0,-40.66464766958767,admin,0.20270014400762654,301.48242446656195,Benign
P003369,tcp,Server,Off,US,1,0,6004.0267461134945,6285.040363292499,112.89323032291949,6,FIN,22,3,-64.31578657281122,user,0.3058995304355815,308.0423740556491,BruteForce
P003370,TCP,Server,Off,ME,2,1,4633.832173956788,6888.066515197541,145.1359455626079,7,SYN,22,0,-71.03789779581653,user,0.41917198306846154,300.0429099228362,BruteForce
P003371,TCP,IoT,On,EU,4,0,5373.580957442655,6761.592819960447,178.13616357905363,3,SYN,143,2,-56.31913973327826,user,0.3241636467474578,322.0640432669663,BruteForce
P003372,ICMP,Mobile,Off,APAC,4,1,4538.700449003775,4569.3879818495825,94.05661667426453,12,FIN,3389,0,-58.47142238301219,user,0.2688105884908235,273.11472016569695,Benign
P003373,TCP,Server,On,APAC,2,2,3974.262199225198,7366.858089000253,142.41000737133677,5,FIN,3389,1,-56.52093776593007,user,0.32302799531943027,285.3794080123179,BruteForce
P003374,udp,Mobile,Off,US,1,0,2812.142967571655,,116.5925943005287,4,FIN,3389,1,-52.92656788924815,user,0.17133654538941975,273.0895368723103,BruteForce
P003375,UDP,Mobile,Off,APAC,0,0,4347.531341056096,7879.316283002224,111.14478267592263,4,SYN,53,1,-64.98130400094402,user,0.32894322559042805,277.82959055318287,BruteForce
P003376,TCP,Server,Off,EU,0,1,8956.493923980275,5073.102333362649,87.12038311841991,4,SYN-ACK,80,0,-55.24667542667469,admin,0.38441493414773287,309.17115437079985,Benign
P003377,udp,Workstation,On,APAC,4,2,6501.431948311658,4938.335769854795,138.90468641257317,5,ACK,53,0,-70.4619599873465,user,0.4282292086477725,287.48602151208513,BruteForce
P003378,,IoT,Off,ME,1,1,3601.2021050356147,9593.572507431649,102.50445529639447,7,SYN,21,1,-59.157249397742426,user,0.16003542989095373,278.23668133938594,BruteForce
P003379,UDP,Workstation,Off,EU,3,0,4943.338431829168,4818.171791788581,85.44610273820669,4,ACK,22,4,-45.801656536576544,user,0.3608751940330068,265.0857679074061,BruteForce
P003380,TCP,IoT,Off,APAC,2,1,3984.7174698461235,6331.988769072828,137.46639888280757,7,ACK,53,1,-49.58618413578108,user,0.19727672067022148,308.7188743248959,Benign
P003381,TCP,Server,Off,US,1,2,4526.374316584114,6057.760111425568,110.06097350291031,9,ACK,21,1,-62.122613469772666,user,0.41923568467296446,281.41165333215224,BruteForce
P003382,TCP,Workstation,On,APAC,3,0,5305.91776898985,6442.733292908801,125.0157197141758,5,FIN,443,1,-68.87327978692448,user,0.45939438820365674,337.5069956330449,BruteForce
P003383,udp,Server,On,US,1,0,6956.547832920498,10198.035959989124,82.67382330326241,3,FIN,3389,1,-86.93629118561614,user,0.5614471715218176,275.7457450352851,Benign
P003384,TCP,Server,Off,ME,3,3,4108.119043705242,4233.342284181428,96.48320321371628,5,ACK,53,2,-58.853964726557436,admin,0.1995560819522211,240.5475244185331,Benign
P003385,tcp,Workstation,On,EU,3,1,6495.781983140216,8608.07710989777,160.17720780524172,6,SYN-ACK,21,2,-58.78813858673373,user,0.08769534753345926,327.7690182393722,Benign
P003386,TCP,Workstation,On,EU,2,1,4269.702336210543,9446.948145587376,115.52383064029645,3,SYN-ACK,22,2,-65.31816576075094,admin,0.2774480298939485,285.96227361189545,Benign
P003387,udp,Mobile,Off,EU,1,0,5233.108534012196,4502.3783589861205,105.54789106048091,6,SYN,143,0,,user,0.3841219385565414,302.1819652595261,BruteForce
P003388,UDP,Workstation,On,ME,2,0,5617.932441562872,4651.040277851315,147.238214976637,4,ACK,21,1,-50.77890992680574,user,0.10084681009096597,301.447219931493,Benign
P003389,TCP,Mobile,Off,ME,0,1,4458.510665954016,5476.348007704959,122.67659739346554,5,SYN,21,1,-55.367601151901866,user,0.6785912708876877,273.0062051644616,BruteForce
P003390,TCP,Workstation,Off,US,0,0,7333.177178566307,11770.697343917833,133.43132844431025,5,FIN,22,0,-62.30291246530908,user,0.4510299924335272,313.00005999499,Benign
P003391,TCP,Mobile,On,EU,2,1,6695.415067600756,6565.167176743024,117.77769918105105,10,ACK,53,1,-57.341971777474555,user,0.3144197438786691,320.1121973646227,Benign
P003392,ICMP,IoT,On,EU,1,1,4382.272135707133,5212.2707379708045,56.20027704786479,6,FIN,53,1,-49.137518498516066,guest,0.3330284710890423,269.5638091383578,Benign
P003393,TCP,Mobile,Off,APAC,1,1,5504.174652553355,4095.483606844151,75.36126522979905,5,FIN,21,3,-51.967303207719695,user,0.17762917798314384,283.575535613882,Benign
P003394,,Workstation,On,APAC,1,3,4099.298994007855,4300.865092010814,169.4894851094183,7,FIN,21,2,-65.14414962650439,user,0.1947791143584057,305.17184680319633,Benign
P003395,UDP,Server,Off,ME,5,1,4472.3196554085,4889.572693267383,83.52826708544515,9,SYN,143,2,-50.42379183253848,guest,0.5732611084852607,292.5606452665777,Benign
P003396,udp,Mobile,On,US,2,0,3700.6498697488496,5897.981480561171,112.64106315256085,13,FIN,22,0,-50.41377535349916,admin,0.31357685702806926,278.8262744700437,Benign
P003397,UDP,Mobile,Off,ME,5,0,5480.0903482837775,3423.22714191811,88.95481888408001,4,ACK,53,0,-46.141683423860286,user,0.35983618673161966,287.03162135283554,Benign
P003398,TCP,Server,Off,APAC,2,1,2869.312657913266,5539.344171316123,117.52548282140167,3,FIN,3389,1,-53.85652372820426,admin,0.19235270166228643,290.82382343083555,Benign
P003399,TCP,Workstation,On,US,3,0,3399.6949685448753,10932.76616337829,134.23225235227758,4,SYN-ACK,25,2,-60.68680459130337,user,0.562575777375949,288.97095255245534,Benign
P003400,udp,Mobile,Off,ME,2,0,6175.24721170361,4187.546660777933,114.54933728093985,5,SYN,110,1,-52.68137859440161,user,0.316784346153707,304.19436498480735,Benign
P003401,udp,Workstation,On,US,4,0,4653.760515152604,9197.873883352317,67.04747589646817,2,SYN,3389,2,-67.09803569815872,user,0.32817828542730193,240.9255174839406,BruteForce
P003402,tcp,Server,On,US,6,1,2511.9041651862335,3744.114237529194,108.94450709227455,2,ACK,22,3,-61.75860918422329,user,0.2974892329322225,265.9819460610691,Benign
P003403,TCP,Mobile,Off,EU,2,3,5346.59289744799,5398.838258408663,91.50501719073418,6,SYN,143,3,-51.810096814428206,user,0.24984455072367273,278.65263475053627,Benign
P003404,TCP,Mobile,On,APAC,2,0,4699.8682098587715,6536.727353382712,127.64713799016924,10,SYN,53,2,-48.845328972588234,user,0.3971047900782615,324.9646895589853,Benign
P003405,tcp,IoT,Off,ME,2,2,4318.562621647066,5861.312538548867,92.21400813471192,1,SYN-ACK,443,0,-65.51948124880543,user,0.6331261378488987,264.9174472083143,Benign
P003406,udp,Workstation,Off,APAC,0,1,3670.1766345734823,4020.541047757764,115.80170993235586,1,FIN,21,0,-50.6448846680779,admin,0.14847501109095532,272.6344977414097,BruteForce
P003407,UDP,Mobile,Off,US,3,2,6468.237808411637,5802.253811357711,104.37636543953707,6,SYN,22,0,,user,0.3317681868014569,291.1617194125316,BruteForce
P003408,TCP,Mobile,Off,ME,1,1,5493.747838003129,5136.13993657467,98.99300618167615,5,ACK,3389,1,-53.4598745634769,admin,0.47399369285855597,278.2048736009041,BruteForce
P003409,UDP,IoT,Off,US,1,0,4737.854839261983,6281.083930853873,112.8724978614319,2,SYN,80,2,-62.34327878846919,admin,0.28341271510777016,281.0508898144711,BruteForce
P003410,tcp,IoT,On,EU,4,2,7527.901151720596,7169.645730765656,122.02845704406744,2,SYN-ACK,22,1,-57.45495201124455,admin,0.2479521279550672,304.9361294689941,Benign
P003411,UDP,Workstation,On,APAC,0,0,7318.402016396661,4425.056423445031,84.38534326610915,5,SYN,21,0,-51.266386154332984,user,0.21921808437185802,297.59130599995876,BruteForce
P003412,TCP,Mobile,Off,EU,3,0,4124.74610968233,7897.476698716622,110.09660633784134,5,SYN,25,3,-55.820281656032776,user,0.4521514310015201,259.2524695930114,BruteForce
P003413,,Workstation,Off,APAC,0,2,4220.776301389642,5078.258412403061,166.05602499756907,3,SYN,25,1,,user,0.3445391065313918,325.17561410488725,Benign
P003414,TCP,Workstation,On,EU,1,1,5879.054533821692,6312.232955210503,114.53649977464876,5,SYN-ACK,443,0,-59.77962981154151,user,0.20068205668770955,303.85176748287597,Benign
P003415,TCP,Mobile,Off,US,4,0,7706.338176338599,5964.27786097621,145.86118915382747,5,SYN-ACK,25,1,-50.300419792376374,admin,0.1509968089162203,323.8644803656588,BruteForce
P003416,udp,Workstation,Off,US,2,0,4451.657894374469,6891.501741074481,127.34146223033387,6,FIN,22,2,-56.94006428355705,user,0.2730533708848885,309.5876383804708,Benign
P003417,,Mobile,Off,EU,3,3,3227.206858864749,7976.097963742909,111.41044494051249,3,SYN,443,2,-52.054018756025314,user,0.38801396100560964,273.474998270682,BruteForce
P003418,,Workstation,Off,ME,3,1,3086.5844347470206,5184.103108676029,118.36715849278636,10,FIN,110,0,,user,0.6174651609834393,320.68780537677964,Benign
P003419,TCP,Mobile,On,EU,1,1,4787.661038292173,7479.342859725489,124.31420069617415,7,ACK,143,1,,user,0.06472808409627734,293.2934704449331,BruteForce
P003420,UDP,IoT,Off,EU,2,1,4098.983231697121,2488.1952721897446,105.03306649938685,6,SYN,21,1,-54.78246220152124,user,0.16886650132288158,293.44717911904763,BruteForce
P003421,tcp,IoT,Off,APAC,3,0,3087.387038206157,2501.9960497339757,101.44634326275299,6,SYN-ACK,443,1,-54.05188791321087,admin,0.12066470079018425,296.02727677558363,Benign
P003422,TCP,Server,Off,EU,2,1,3527.682136517393,3466.6102422528165,43.11160089310907,3,ACK,21,0,-55.907129553685635,user,0.30389471935548945,250.75238702597886,Benign
P003423,UDP,Server,On,EU,1,1,4008.0751143896114,,110.14507486102382,3,SYN-ACK,25,0,-64.9650232641907,user,0.2750385862000527,249.82219209057132,Benign
P003424,UDP,IoT,Off,US,1,1,6084.581431018263,6389.522341595151,60.493217565744914,6,FIN,53,1,-57.67568325164064,user,0.22289386440884115,267.1394294911883,BruteForce
P003425,TCP,Server,On,APAC,0,0,5130.833892711301,10313.362288840213,110.25699809056937,3,FIN,25,0,-61.640910622912884,admin,0.15474107187311292,282.6508602071543,Benign
P003426,UDP,IoT,On,US,4,1,3731.6106129087343,,82.92535847975358,4,FIN,53,1,-71.3787886868667,user,0.2595706168053697,255.5804262709136,Benign
P003427,ICMP,Server,On,EU,1,1,6180.371263637007,8131.8241914468545,169.57544127402707,2,SYN-ACK,143,0,-57.534363624334866,user,0.5295308179252675,344.393758402316,Benign
P003428,UDP,Server,Off,APAC,1,1,4337.663224652191,6225.954258873872,147.72270914988658,4,FIN,22,0,-74.1207735276925,user,0.07344171010451846,324.74288279989855,Benign
P003429,TCP,Mobile,Off,EU,1,0,8422.301792985276,,102.52639188650801,0,ACK,53,1,-49.46216573240275,user,0.4324010493921272,278.59743739313967,Benign
P003430,UDP,Mobile,Off,ME,3,1,4057.935441552727,5370.600935737833,139.1943891725455,3,ACK,80,1,-67.85295151353597,user,0.4034425370557579,277.66026290070175,Benign
P003431,ICMP,Workstation,Off,ME,3,0,3121.855067957975,7035.1243588373845,108.49623614401192,5,SYN-ACK,53,0,-64.77186408846866,admin,0.21238704994767407,282.1256349431364,Benign
P003432,tcp,IoT,Off,EU,3,1,7261.917933357516,5658.563777933297,143.74718477610645,3,ACK,21,1,,user,0.34844404361507486,320.2382224497754,Benign
P003433,,Workstation,Off,APAC,3,1,7133.288499320237,1911.4125009433697,147.43389391109787,3,ACK,110,2,-58.940435925278194,admin,0.1461217149144796,297.7126723500628,Benign
P003434,TCP,Mobile,Off,ME,1,3,2203.4048919069014,5402.570392275719,76.05742867058913,3,SYN,3389,0,-52.43912940919105,user,0.23802836339411312,198.96432222602522,BruteForce
P003435,UDP,Mobile,Off,EU,0,1,5318.321614186025,4747.5146283797985,170.3153431792065,0,SYN,443,3,-60.94082363671582,admin,0.2474469602156228,318.6194111705716,BruteForce
P003436,ICMP,IoT,Off,US,0,0,3631.9464477482443,4758.783545428393,115.26465470114383,5,FIN,3389,0,-74.57022447712042,user,0.19069023910269295,241.06648107072456,Benign
P003437,TCP,Workstation,Off,EU,2,1,6324.095510715271,5283.063750055396,105.22917496983979,8,ACK,53,1,-56.57581319667191,user,0.5332826865983633,317.4466319349405,BruteForce
P003438,TCP,IoT,On,EU,1,0,5724.757031727328,7034.293304642661,123.71483612233342,6,SYN-ACK,3389,0,-53.31249796735914,user,0.0205620626563376,319.7574157625466,Benign
P003439,tcp,Mobile,On,APAC,1,1,3809.8908613619233,4366.929459384345,118.96582788480897,3,ACK,25,2,-69.49280767743939,user,0.09965845393143911,270.6951665348917,Benign
P003440,TCP,Mobile,On,ME,3,1,6440.251902853744,4750.194373302366,118.93366036574122,6,SYN-ACK,80,1,-65.20660299504127,user,0.0854746832522645,290.20972219557797,Benign
P003441,,Workstation,On,EU,2,1,4149.56172966799,7555.1715519715635,119.37824311071716,3,FIN,443,0,-54.40925746603932,user,0.23203411621669057,291.12719045920636,Benign
P003442,tcp,Server,Off,APAC,1,2,7392.644189876135,7300.387787393176,148.8319138170507,3,FIN,143,3,-61.42411811484822,user,0.08104811037093403,299.03044954062955,Benign
P003443,TCP,Workstation,Off,EU,3,0,6551.209172517791,5798.958597541307,142.12411257379608,9,FIN,143,1,-76.50052380279833,user,0.2140749842726074,342.9474598613627,Benign
P003444,ICMP,Workstation,Off,ME,3,2,3815.796359437676,5904.2897469468235,121.69646410286792,4,SYN-ACK,21,0,-62.61465147192706,guest,0.2051727738993466,287.0877965546015,Benign
P003445,tcp,Server,Off,US,4,0,4573.95680119314,10038.213554208676,67.10430315089842,9,ACK,53,1,-51.72867366642026,admin,0.09227515592945527,268.7639617542956,Benign
P003446,UDP,Mobile,Off,ME,3,1,6440.285281940547,5694.143389122241,113.4307091197368,3,SYN,110,0,-64.82067031683206,user,0.5356646181077567,284.3472836167683,BruteForce
P003447,TCP,Workstation,Off,ME,0,2,4361.098314820311,9734.186153776795,133.72291450632048,3,SYN,25,0,-48.04533280420741,user,0.5026041241686453,278.54673464116263,Benign
P003448,,IoT,Off,EU,3,0,5241.082742082504,8717.3016964171,160.9684310788253,2,SYN-ACK,25,0,-70.5512096379695,user,0.3280989131834241,314.9170996186644,Benign
P003449,ICMP,Mobile,Off,ME,3,1,5251.241957822627,,167.67965721777094,3,FIN,3389,1,-69.19109602219747,user,0.38299365956461767,310.7473111525409,Benign
P003450,udp,IoT,Off,EU,3,1,1266.215357731572,2760.0074137055776,135.98285472670833,6,ACK,110,0,-55.28167856296997,user,0.15650362353793262,301.9946629634511,BruteForce
P003451,TCP,Mobile,Off,EU,4,1,2590.867609054572,8660.930154623169,99.31083330681619,5,ACK,110,0,-64.78549750337802,user,0.14734600219547497,273.66162336481585,BruteForce
P003452,TCP,Server,Off,US,4,2,3217.706123325455,5779.8850967004855,58.65688239978965,5,FIN,143,1,-72.78998656300188,user,0.2529200544009381,238.44503099863744,Benign
P003453,ICMP,IoT,On,US,0,1,6119.118632338431,,113.12356080589967,3,FIN,3389,2,-42.95321124677196,user,0.17702594670910582,257.53156060930297,Benign
P003454,,Server,Off,EU,1,1,4500.448246006913,7962.482164269171,86.95322256729906,6,SYN-ACK,80,1,-48.000362952645254,admin,0.4736127538150042,273.53008590901067,BruteForce
P003455,TCP,IoT,Off,ME,1,1,4833.366298922346,3247.3605646232136,146.44068851696318,3,FIN,80,0,-62.687662211676596,user,0.7999973601521836,325.48232415433273,Benign
P003456,,Server,Off,APAC,2,1,7362.926422982491,4959.380342959515,96.51932198220767,4,ACK,21,0,-42.61844758770899,user,0.20828518750712066,262.8708453290184,Benign
P003457,TCP,Server,Off,APAC,2,0,5409.431932516029,5871.904910030487,126.57884065823637,7,SYN,443,2,-55.84005085899224,admin,0.37979742839874847,332.28613676408355,Benign
P003458,,IoT,On,EU,3,2,5429.907382691992,7579.338775853037,127.12858189359748,8,SYN-ACK,53,0,-55.611362681769904,admin,0.17043888030697968,297.47114202402787,Benign
P003459,TCP,Server,Off,APAC,1,0,8373.524422819366,6363.010267185523,127.50260465122123,6,FIN,143,0,-63.7252754424539,user,0.05238607565522812,340.35290353554973,BruteForce
P003460,UDP,Workstation,On,EU,1,1,6621.662808612683,9566.078367155855,88.19955551022827,6,SYN-ACK,53,1,-80.26627916238655,user,0.30366737803237387,285.96953727740595,Benign
P003461,UDP,IoT,Off,ME,2,1,6832.180753117528,8455.497393330053,118.43887920642248,11,SYN-ACK,53,2,-43.098661490106785,user,0.6340719396988983,307.71882414112514,Benign
P003462,TCP,Mobile,On,EU,5,0,7084.794684699951,7082.160129383556,108.52265764662829,7,ACK,80,0,-68.35734268391906,user,0.19423016499433046,309.6682544474529,BruteForce
P003463,ICMP,IoT,On,US,5,1,3431.3211030993198,5580.421426488039,113.93439705910097,8,SYN,25,0,-55.162299306648805,user,0.4225419690846115,278.47006815953665,Benign
P003464,TCP,Server,Off,APAC,2,2,4469.686203654834,5645.1388796501,140.46365017113925,6,SYN,3389,1,-54.91743379677075,user,0.4104327992772556,281.89402780871376,Benign
P003465,TCP,Workstation,On,APAC,0,1,4481.369230819718,5107.125928217043,152.8746876484168,9,SYN,110,1,-60.64615893185385,user,0.3516205370777696,311.5861982470524,Benign
P003466,UDP,Mobile,Off,APAC,3,1,4812.7612602409845,5171.051556879543,105.53891575339071,4,SYN-ACK,80,0,-81.95867686245984,user,0.4009903865361183,273.68208200008553,Benign
P003467,ICMP,IoT,On,EU,5,2,3951.920284183962,4564.982500168182,87.14758563482891,5,ACK,21,0,-65.07120960103914,admin,0.17067183356120805,276.4740707545381,Benign
P003468,TCP,Mobile,Off,EU,2,1,6541.095983129481,4148.477590258601,107.17339057830844,5,ACK,143,2,-47.217939660565364,admin,0.22821734852429312,283.99048492767156,Benign
P003469,TCP,Server,Off,ME,3,1,5080.046830920934,7324.124734741265,117.71469135605001,6,SYN-ACK,110,0,-69.88134857899166,guest,0.08545282494865127,298.75748684334417,Benign
P003470,tcp,Workstation,Off,US,1,0,7682.31018725766,8054.634598682791,93.01027590783255,4,SYN-ACK,22,1,-43.92599569418868,user,0.5339005552527702,280.5389919310168,Benign
P003471,tcp,IoT,Off,APAC,1,1,2890.7842833943637,5656.61881361936,125.98804446991755,8,SYN-ACK,143,1,-63.28116865611002,user,0.4680317510841874,309.92783782498304,Benign
P003472,TCP,Mobile,Off,ME,1,2,5133.469088864775,7723.8556618891635,68.52293466158363,4,SYN,53,1,-52.59225178333821,user,0.210488180076677,276.4879349336971,Benign
P003473,UDP,Mobile,Off,ME,1,1,4271.372253585041,1391.50875077411,86.58824996216,3,ACK,110,1,-63.11056454081954,user,0.18573304139042157,252.43371872470874,Benign
P003474,TCP,IoT,Off,APAC,4,2,5368.183359014511,6249.180130611547,128.43345359457905,5,SYN,143,2,-54.695249309434054,user,0.23791426155426257,293.3681223472777,Benign
P003475,TCP,Server,Off,ME,2,1,5096.301287664369,6654.963999824509,162.71048064189898,6,ACK,110,0,-60.55266996283106,guest,0.49290718681412404,329.9280584380239,BruteForce
P003476,,Server,On,US,4,1,4752.539187368679,4129.591051384725,85.87170446696504,6,SYN-ACK,3389,1,-46.308926303347754,admin,0.49722574604446423,265.572104962534,BruteForce
P003477,ICMP,Workstation,Off,EU,2,0,5544.779955185446,8408.763135968478,134.63306008224606,4,FIN,25,1,-74.73517349069537,admin,0.046212323336579784,291.8940633692394,Benign
P003478,udp,Mobile,On,APAC,0,0,6693.26818538478,7074.9083900905,96.96943681873837,6,SYN,443,1,-71.19742583296613,admin,0.14259861553491074,310.1612380920361,Benign
P003479,TCP,Mobile,Off,EU,0,1,3294.289440755303,5481.15941660271,113.6031326195446,3,ACK,53,1,,user,0.17500093268112438,288.3192489869029,Benign
P003480,udp,IoT,On,APAC,2,1,2728.9941703239588,5042.062502730267,156.87548724724226,4,SYN,22,1,-55.60460557675498,user,0.3308539207685044,299.1969153185046,Benign
P003481,,Workstation,Off,US,1,1,5944.4175247061985,5090.8300835372775,141.21062642115683,3,FIN,22,0,,user,0.2299198795808319,301.94354120717,Benign
P003482,TCP,Mobile,Off,APAC,1,0,2692.248206993775,5896.591876372329,120.25423775339922,4,ACK,80,1,-76.87739494990099,guest,0.49553239597703924,254.2595862565914,Benign
P003483,UDP,Workstation,On,ME,2,3,28566.735857073367,5097.780722376856,133.0817864564164,6,FIN,110,1,,guest,0.5808862175436726,299.6795131923409,Benign
P003484,UDP,Workstation,On,EU,0,0,5218.957775455151,3370.1934246478795,114.87008299134749,9,SYN,143,2,-61.687833360540964,user,0.14598578655820604,292.22838339257237,Benign
P003485,TCP,Workstation,Off,APAC,1,1,4345.934600932874,9520.236546373517,75.2138769271167,6,SYN,25,2,-55.14790499697474,admin,0.24257432481546384,272.9467164284772,Benign
P003486,TCP,Mobile,Off,US,4,1,5380.131530582951,6522.86014233269,162.14242734729712,4,SYN-ACK,110,2,,user,0.1947669442199015,311.9337510419888,Benign
P003487,TCP,Workstation,On,US,1,2,7167.58630329336,2645.60394532634,185.30864709284106,5,SYN-ACK,22,0,-69.33466344189534,admin,0.3349709905165173,330.6441550368093,Benign
P003488,TCP,Workstation,Off,US,5,0,5904.444494673222,7090.72580866705,105.93089153447487,7,SYN,53,1,-69.92660504257162,admin,0.1898914825993823,282.5872984231389,Benign
P003489,ICMP,Workstation,Off,ME,2,1,4251.432944875064,5060.497023619523,101.55939786541728,0,FIN,443,0,-91.66604699485413,user,0.1488772257426364,264.18640677079276,Benign
P003490,tcp,Workstation,Off,APAC,1,2,5571.751757606211,4293.658268385299,119.32688321568645,3,ACK,443,0,-56.60983576835847,user,0.46357395343899005,301.3429111864464,BruteForce
P003491,udp,Workstation,On,EU,1,2,6358.3579270248465,4565.029255137787,129.63465757132323,3,ACK,53,2,-66.17428681163341,user,0.27468582019751453,312.22989601765926,Benign
P003492,TCP,Workstation,Off,ME,6,2,5394.748011645263,2961.163856848082,169.76417205616863,3,FIN,80,2,-43.74384651173365,user,0.5917411458739099,291.10147642719255,BruteForce
P003493,UDP,IoT,Off,APAC,2,0,9105.908709832194,6250.230579712479,114.75124317197299,3,SYN-ACK,3389,0,-67.92219899131908,user,0.4752208394203151,321.160975422385,Benign
P003494,TCP,Mobile,Off,EU,3,1,5166.8408923869065,7543.372322641245,120.13737710640554,5,ACK,22,1,-54.128648905731644,user,0.21105801404827804,295.1806898600357,BruteForce
P003495,UDP,Mobile,On,US,1,0,7828.151595950979,3317.6055144892293,109.67623131785167,5,FIN,110,0,-60.83824739607119,user,0.3947702298457642,291.4637039510761,BruteForce
P003496,ICMP,Workstation,Off,EU,3,1,3275.944500022221,5674.764496763719,176.9304515425353,2,ACK,80,1,-38.42478461177234,user,0.1274639938578954,305.6777515092956,BruteForce
P003497,TCP,Mobile,Off,APAC,3,0,4285.428831131438,8098.880983901619,124.45108337889494,7,ACK,80,0,-70.86161280455019,user,0.6090362509840785,334.7883445473515,Benign
P003498,ICMP,IoT,Off,ME,3,3,7127.4123402342675,8489.086645295265,103.93613762490267,1,SYN-ACK,53,1,-70.85342236986052,user,0.20002328463881755,272.7252956722982,BruteForce
P003499,TCP,Server,Off,EU,4,0,5724.226475656055,5365.285000778307,105.81225281857387,5,SYN-ACK,53,1,-57.985480921563266,user,0.29802643346604213,288.68495496047876,BruteForce
P003500,UDP,Workstation,On,APAC,2,0,2092.9735965946757,7776.175149846775,125.53062041764885,4,SYN-ACK,25,0,-64.12748804937314,guest,0.24241254530725045,277.64144929765075,BruteForce
P003501,ICMP,IoT,Off,EU,2,1,6330.078546858436,5205.368418010625,135.24746643995277,7,SYN-ACK,110,0,-74.86613390144723,guest,0.16153402074562465,299.3047959535298,Benign
P003502,ICMP,IoT,Off,EU,4,2,3391.2442469601983,,82.13361643199782,3,FIN,110,1,-60.72604071699173,user,0.3090405014812296,246.49327604708097,Benign
P003503,TCP,Mobile,On,EU,2,2,5763.18462173845,3603.142687746042,101.50454734377323,3,ACK,143,2,-55.139608466183745,user,0.1824416956661773,294.6731667782768,BruteForce
P003504,tcp,Server,Off,ME,1,1,2479.2579331832176,2880.5760597135136,120.60734042404367,7,SYN,22,1,-56.454714530400096,user,0.5353844008097092,267.1209260131008,BruteForce
P003505,TCP,Workstation,Off,ME,0,1,6823.899488050153,,134.07907973891864,5,SYN-ACK,110,3,-65.92184212824266,user,0.061887806612554726,307.6061092497432,BruteForce
P003506,,IoT,On,ME,0,1,6344.483474462376,3929.5796641428324,102.82547767333529,5,FIN,110,3,-53.62829764202084,user,0.22430985346970156,294.0029902236098,BruteForce
P003507,TCP,Mobile,Off,US,5,2,3857.1752931842366,5288.700038359587,138.70275982141283,7,ACK,3389,1,-46.88961066725863,guest,0.19546165100870788,275.7813454483114,Benign
P003508,ICMP,Server,Off,US,3,2,7635.783948875355,6481.3540800940455,136.5639557680241,5,ACK,25,1,-63.55700535604113,guest,0.30913875627144705,340.50531168546695,Benign
P003509,TCP,Mobile,Off,US,5,2,3670.207137641049,3699.8774844637596,118.81197987663244,5,SYN-ACK,22,1,-60.84062880265387,user,0.4765846078434231,288.7137171882491,Benign
P003510,tcp,Mobile,On,EU,2,2,3605.1739926376995,8796.649054294783,127.91461584107127,6,SYN,110,2,-77.14335307713587,user,0.12246081556229504,259.3092283776182,Benign
P003511,ICMP,Workstation,On,APAC,4,1,1245.5519049392483,6180.638683754379,203.19505856435399,7,SYN-ACK,22,1,-62.90379081960076,user,0.09491033815546714,319.2621022549783,Benign
P003512,TCP,IoT,Off,APAC,2,0,5327.000084514342,8742.929005949369,49.383138412758015,3,SYN-ACK,25,0,-70.11181010211259,user,0.10558745739583844,271.8795865649683,BruteForce
P003513,UDP,Mobile,Off,ME,2,2,4450.938324634772,7445.573433001589,108.14314074498427,4,ACK,80,1,-67.88419086728545,user,0.3753416493422341,274.3469043561188,Benign
P003514,ICMP,Mobile,Off,APAC,1,1,5365.671119879151,11781.360818987361,139.59328270168487,12,ACK,443,0,-71.30800954472286,user,0.22855098546480898,317.76320814078815,Benign
P003515,UDP,Workstation,Off,ME,5,0,2742.076698077012,3599.8517109239183,86.56545756541297,6,SYN,22,0,-61.016307948203725,user,0.16052100194366506,254.51423546668983,BruteForce
P003516,TCP,Server,Off,ME,3,0,3976.497273243829,4881.148090382895,129.04871759768812,4,SYN,3389,3,-68.2110488276878,user,0.1801073009138906,285.1295844252165,BruteForce
P003517,TCP,Server,Off,EU,1,2,2271.0008429839036,3566.237370943607,131.65502324166852,4,SYN-ACK,3389,1,-85.5806499396111,user,0.14414564496602078,295.13577965258065,BruteForce
P003518,ICMP,Workstation,Off,US,2,2,6238.495922895725,5260.743694784561,71.34446848090322,7,SYN,443,1,-74.68048018893401,user,0.23270739823343708,277.2057891783373,Benign
P003519,TCP,Workstation,Off,ME,1,1,6530.07052525493,2736.4461423718567,73.3022737994972,4,FIN,21,0,-79.74812625486763,user,0.3978311430896857,275.0791316637315,Benign
P003520,tcp,Mobile,On,US,3,1,4771.2594115648835,5573.029436701656,106.98506998151198,5,ACK,53,1,-60.09723097243832,user,0.06542522323974419,275.86050905187574,Benign
P003521,TCP,Mobile,Off,US,1,0,5726.758764257196,7810.345911108778,168.44631540275344,2,ACK,53,2,-60.28907567338526,guest,0.2155173882112016,354.802240516614,BruteForce
P003522,TCP,Mobile,On,US,3,0,3881.2893158597217,4136.219700247293,157.13699698488972,4,ACK,22,0,-48.787426219714646,user,0.046787307734111945,297.4837977613808,BruteForce
P003523,TCP,Server,On,APAC,5,2,5593.649168537933,6981.892592583251,126.55283671179471,8,SYN,21,1,-58.56867902903773,user,0.47847865382690996,293.93018129038654,Benign
P003524,TCP,Workstation,On,US,0,0,8653.00154685861,9097.317271065245,127.8613238997873,6,SYN-ACK,143,1,-48.52058275606344,user,0.5102822618278522,286.120513308639,Benign
P003525,udp,Server,Off,ME,0,3,7848.715899594141,5806.407159588634,93.5410470036683,4,SYN-ACK,80,1,-69.9081790940112,user,0.4736679818343266,288.5823697416725,BruteForce
P003526,tcp,Server,On,ME,2,1,7680.102360817025,8211.687201769273,122.91340008766741,2,FIN,143,1,,admin,0.17746615234138752,284.3885731785679,Benign
P003527,,IoT,Off,ME,3,3,6158.194277432952,6220.339615448457,126.10952099888037,4,ACK,443,0,-47.98785462571807,user,0.5592231939144466,286.31358964231777,Benign
P003528,UDP,IoT,Off,ME,2,0,4355.255516346891,,66.6566025293478,6,FIN,3389,0,-60.688167214866006,user,0.45962618446409015,290.0847530516654,BruteForce
P003529,TCP,Server,On,EU,1,0,5097.255335394101,3030.828353396071,90.91965017422645,3,SYN-ACK,80,2,-55.37302223680946,user,0.2829246842004773,274.81542271964,Benign
P003530,UDP,Server,On,EU,1,2,2787.73643132157,6726.818116590959,91.28784406891187,6,FIN,443,1,-59.99224496179339,guest,0.22654000034989472,254.26938121209386,Benign
P003531,TCP,Mobile,Off,APAC,3,1,3473.1284108540576,6079.13914737849,116.21415299507534,5,SYN,25,0,-59.83664255484132,user,0.10282423391358399,278.3506406014067,BruteForce
P003532,TCP,Mobile,Off,EU,4,0,8232.755710877882,12708.08679598284,167.33821148514932,5,SYN,22,2,-53.05995351370919,user,0.47225814374569874,336.0092951995111,Benign
P003533,TCP,Workstation,Off,EU,3,2,4032.9979074466837,3374.840477294393,134.03690794499695,4,FIN,143,1,-54.95283600752615,user,0.297060539786294,286.839907320185,Benign
P003534,TCP,IoT,Off,APAC,2,1,3625.6452020197503,8984.872244273072,102.32709964644565,5,FIN,22,1,-46.47553363340905,admin,0.020527298157118044,273.1296077582677,Benign
P003535,UDP,IoT,Off,US,3,2,4667.041359067779,,137.08187506557306,1,SYN-ACK,3389,2,-50.66236037037029,user,0.510615115945091,284.9757131408095,Benign
P003536,TCP,Mobile,Off,APAC,1,0,6269.927763455066,4521.059653751801,118.62626355746173,6,ACK,143,1,-46.61466466472189,guest,0.1722226266407683,311.1491123979893,Benign
P003537,TCP,IoT,Off,US,2,2,3391.4268210392215,3123.0552743546004,109.10744877971555,3,SYN-ACK,143,1,-77.47591802865932,admin,0.3332677553424411,274.9906864625404,Benign
P003538,TCP,IoT,On,US,1,0,7824.90667386771,4607.696978700433,129.85840928961255,7,FIN,110,1,-62.825767246193166,user,0.1519068699372553,313.0441936202301,BruteForce
P003539,UDP,IoT,Off,EU,1,0,7363.4001881917975,4000.5812484428084,115.10776763189689,6,SYN,25,3,-68.24431125027657,admin,0.07093327372528266,305.87532644826615,Benign
P003540,UDP,Mobile,Off,APAC,1,4,5369.154444147544,6690.0993357387315,163.90972381782345,5,SYN,21,0,-55.53870605699376,admin,0.4429323860573634,313.24011847527976,Benign
P003541,TCP,Server,Off,US,1,0,3899.499726978983,6600.534313327435,102.89521995048338,5,FIN,21,0,-64.54758570098011,user,0.33000718346527563,285.7500317528644,BruteForce
P003542,tcp,IoT,On,APAC,3,1,7817.417919280817,1909.8580292399624,76.61058363671057,7,SYN-ACK,53,0,,user,0.25533915318960865,280.19801883046443,Benign
P003543,UDP,Server,Off,US,2,0,2857.0269682446233,7182.5834142971,93.93696521744826,7,SYN-ACK,110,1,-51.51063223181424,user,0.21106220861610003,281.0831647556064,BruteForce
P003544,ICMP,Workstation,Off,EU,3,2,4682.887932956062,6179.609965137059,140.654855760214,4,SYN,21,2,-51.427018631134494,admin,0.6632073816261104,257.5326028650837,Benign
P003545,TCP,Server,Off,APAC,1,1,5260.916382103145,4195.078658058619,134.05496227901259,7,SYN,53,0,,guest,0.12635465373743746,303.2022243783025,Benign
P003546,TCP,Mobile,Off,EU,1,3,2761.5242135045573,3556.1456490671208,83.93352240863523,6,SYN-ACK,110,2,-54.87744069056009,admin,0.7132985321152551,267.6168903758725,Benign
P003547,TCP,Workstation,Off,EU,3,0,4822.9816715038705,4399.922754832821,140.37950906160057,5,SYN,53,0,-70.91566681222444,user,0.6892158038001203,298.92442684082573,Benign
P003548,TCP,Workstation,Off,ME,4,2,4424.987784394684,4949.268887045962,163.20441620718447,4,FIN,143,0,-64.72163702656168,user,0.2941973132633789,292.30369060202986,BruteForce
P003549,tcp,Workstation,Off,EU,0,3,6656.3523946727255,2746.2850555150644,140.62213905856476,2,SYN,21,0,-63.35044264002924,admin,0.27586616911499495,323.84208259632936,Benign
P003550,udp,IoT,Off,APAC,8,0,6285.700151546056,4933.506981955027,155.32507124649078,1,SYN,110,1,-73.82520871547828,user,0.37766218197756973,331.00523401484577,BruteForce
P003551,TCP,Mobile,On,US,3,1,3218.7480393844935,8503.56439192033,155.96096953662234,7,SYN,3389,2,-54.557389408372124,user,0.34123205335198364,302.930642818505,BruteForce
P003552,UDP,Workstation,Off,US,2,1,3600.4643222624836,7413.172327338975,141.61350526863362,6,SYN-ACK,53,2,-61.42268370730742,guest,0.3191560486131757,295.56027343915434,Benign
P003553,TCP,IoT,Off,ME,1,0,9436.79622904691,5801.781829987036,84.94630452591738,2,SYN-ACK,53,2,-68.03200723161865,admin,0.4860616143875897,283.1546873811778,Benign
P003554,UDP,Mobile,On,EU,2,1,4761.501031143216,4861.024986502129,53.71914839582409,4,SYN,110,0,-52.267592337446395,admin,0.18239986985902934,258.302436803284,Benign
P003555,TCP,Mobile,On,APAC,1,1,3459.0675032350446,8385.535336852858,161.94454716547062,6,SYN-ACK,80,3,-46.57640884107241,user,0.32707505365485606,287.61199132517413,Benign
P003556,TCP,Server,On,APAC,1,0,3787.201625229228,2992.4379750319026,121.65150754629956,1,ACK,143,1,-67.05235537053761,user,0.7993819578415711,266.88766417054205,Benign
P003557,UDP,Server,On,US,3,0,3236.145508407578,4569.4732666734035,147.92517384109902,9,FIN,110,1,-79.84482436622608,user,0.20282864886387664,296.8636972251574,BruteForce
P003558,UDP,Workstation,Off,APAC,0,1,6901.9088796468295,6184.999696841968,127.03038310731459,9,ACK,25,1,-70.09635782926091,user,0.551128210016842,317.9947065167286,Benign
P003559,TCP,Server,Off,APAC,4,1,3748.9712491578643,7704.695791365732,99.87926786915534,2,SYN-ACK,3389,1,-57.74856007167521,user,0.15359953181823502,261.2548167024858,Benign
P003560,tcp,Server,Off,US,4,0,5299.746651988095,6644.467281587215,104.04001294932787,6,FIN,22,1,-66.84335155483258,user,0.1979076851940949,251.65107882166416,Benign
P003561,TCP,IoT,Off,ME,1,1,4942.8207387132525,5703.940893789525,132.12658420232006,7,SYN,3389,1,-52.06072148659259,user,0.07613503525744572,301.812919425616,Benign
P003562,,IoT,On,US,3,0,5675.546072347768,2761.3263019508495,90.03443347777397,7,ACK,21,0,-60.592817400708945,admin,0.27829622090676065,286.6103835004606,Benign
P003563,TCP,Mobile,Off,EU,1,1,3957.339226785446,7090.445550396316,151.94780975944624,5,FIN,22,1,-71.72044289986633,user,0.15222604204440374,290.81855263893067,BruteForce
P003564,TCP,IoT,Off,US,2,1,5259.99893629674,3762.7479644297637,182.93043342123852,7,SYN,443,1,-53.857116605779886,user,0.2774483353384938,364.5631454721388,Benign
P003565,TCP,IoT,Off,EU,4,6,8038.247197818348,6621.092498081268,114.48944080169609,1,FIN,143,0,-53.00475280012824,guest,0.14032517754592827,269.23749076178734,Benign
P003566,tcp,Server,On,US,0,2,3569.584743941092,6737.878291381151,129.91255579701982,3,SYN-ACK,443,0,-57.59862006363173,user,0.24621310526336643,280.0024762446057,BruteForce
P003567,ICMP,Server,On,APAC,1,0,6536.88282252711,9158.596659697447,65.86408166808747,7,ACK,21,0,-69.97679185103644,admin,0.24898819428457405,270.37039281330004,Benign
P003568,TCP,Workstation,Off,APAC,2,0,4453.588085023383,6748.840260572142,98.34878229585436,10,SYN,22,1,-37.4271372642681,user,0.5305664080792697,313.73256387721176,Benign
P003569,TCP,Workstation,Off,US,0,0,4923.078080266589,7127.186665299666,175.63325978301253,5,FIN,3389,1,-50.80076021207483,user,0.3113450094830529,327.2761858037698,Benign
P003570,TCP,Mobile,Off,US,3,1,2595.326427190996,6920.20937373351,117.26220156064888,10,SYN-ACK,80,0,-60.60563217148716,guest,0.23552837702502827,302.32134201267104,Benign
P003571,tcp,Workstation,Off,APAC,0,1,6331.860495345145,4578.74324925132,123.2467210660824,6,SYN-ACK,80,2,-69.05638752449175,user,0.15786117944184358,300.6996600291811,Benign
P003572,UDP,IoT,On,APAC,3,1,4631.209453958371,6031.5191233167325,125.51199912441369,5,ACK,110,2,-65.31159697899378,user,0.08745927665620491,287.88214627976214,Benign
P003573,ICMP,Mobile,Off,EU,1,1,4072.8110728821857,5638.115228297428,204.4621112817601,4,SYN,110,1,-43.093895047666706,user,0.2289572955721716,320.0729239753659,Benign
P003574,TCP,Workstation,Off,APAC,4,3,5789.274882179799,4054.713246492138,156.19894509901678,1,SYN,3389,0,-62.819679142351454,user,0.3969723765362177,294.5700435394087,BruteForce
P003575,TCP,Server,Off,ME,6,0,4325.473746225648,5673.309246599063,85.4152789650658,3,ACK,25,2,-71.1131499359245,user,0.24071986895576333,281.3088834086865,BruteForce
P003576,TCP,Server,Off,EU,2,1,3773.8325609592825,5471.412337196024,91.02080108065304,0,ACK,80,0,-65.45679692734525,user,0.24294015648876588,255.88361685670714,Benign
P003577,TCP,Workstation,Off,US,1,0,5340.34532432228,7182.841615749205,149.5897050350041,5,SYN,443,1,-44.94636459801886,admin,0.14915304035533086,310.2468214915328,BruteForce
P003578,UDP,Workstation,Off,US,3,0,5169.69337516991,3886.7971676135858,136.28972959281506,4,FIN,3389,0,-67.9133065035159,user,0.3233841654723387,311.5357838277548,Benign
P003579,UDP,Server,On,EU,2,1,5308.069746362291,5300.20199466692,129.4913928282183,4,FIN,110,1,-64.42416208847048,user,0.02194994722079085,307.57520188869853,Benign
P003580,TCP,Workstation,Off,ME,1,0,5917.7346651359185,5693.050089498842,74.06916797652084,8,FIN,80,2,-69.06287807160521,user,0.03142149702224479,258.1392180313556,BruteForce
P003581,udp,Mobile,Off,ME,1,2,6427.0604615471075,8107.425942390637,112.64806488981495,6,SYN-ACK,21,2,-60.982892804914144,user,0.27054530424195555,281.2380343710676,BruteForce
P003582,TCP,Server,Off,US,2,0,4488.737426883958,5657.170132881704,140.21183182299202,5,ACK,21,0,-52.649376250412764,user,0.4065067900811093,308.805841350867,Benign
P003583,TCP,IoT,On,US,2,2,5374.979820781877,6474.22842324217,119.60075597111528,1,SYN,53,0,-55.019074454341904,admin,0.2450013640182846,281.6024980286644,BruteForce
P003584,UDP,Workstation,Off,ME,3,2,4618.029781284829,,147.34666026659818,3,SYN-ACK,53,1,,admin,0.1486784544879919,283.4252772965173,Benign
P003585,UDP,IoT,On,ME,1,2,7244.667971741386,7782.167550038714,92.1527384746337,8,FIN,3389,0,-64.89915753818896,user,0.4344555796860536,269.8693398460028,Benign
P003586,TCP,Mobile,Off,EU,0,1,3108.908248690802,6835.044912823781,108.02836554012359,6,SYN-ACK,21,1,-53.78535281180073,user,0.045842089666122784,255.60409233097016,Benign
P003587,,IoT,Off,US,0,0,5736.812150857583,5777.499131327832,127.91445470505154,7,ACK,25,0,-69.99764727970825,admin,0.5641462225723846,300.31117467454226,BruteForce
P003588,TCP,Mobile,Off,ME,1,1,7404.184454672077,4786.961853091896,123.7495534976883,5,SYN,443,0,-50.0779983210878,user,0.4123623131500805,294.2623361915773,Benign
P003589,UDP,Mobile,Off,APAC,4,1,3323.1982695095185,7299.593197775488,164.36457611398663,3,ACK,22,2,-49.45456741494777,user,0.3121972590855658,300.2110955163254,Benign
P003590,TCP,Mobile,Off,US,0,0,8592.2967709814,1647.1605725783193,84.78687588744486,5,SYN,53,0,-59.60475716953789,user,0.5316642478359817,291.30925529924343,Benign
P003591,UDP,Mobile,Off,ME,3,4,4988.324843267628,4408.206926941633,82.34850514414097,5,SYN,110,1,-57.85964255455593,guest,0.10648553985328542,265.1418807683245,BruteForce
P003592,TCP,Mobile,Off,ME,2,1,3325.2231213130754,,128.23516218114386,3,FIN,80,0,-51.575146812371976,user,0.28326916621283615,298.53296527130146,BruteForce
P003593,UDP,Mobile,On,EU,1,1,6946.462381489609,5860.188626037587,154.76080504936286,4,SYN,143,0,-51.310521049153046,user,0.3974154218290825,315.3399662338552,Benign
P003594,udp,IoT,On,ME,1,0,6599.828102929854,4195.429967596103,129.83937523925812,1,FIN,80,0,-58.830920481290995,user,0.28298904985914924,302.01009987378507,BruteForce
P003595,TCP,Mobile,Off,US,2,0,3366.1423079293486,7704.967610922548,109.67122012920164,2,SYN,21,0,-37.42309964215513,admin,0.3431315996030781,274.54989248311256,BruteForce
P003596,TCP,Mobile,Off,ME,1,1,6966.088834076037,5160.845789398618,50.214511416661026,2,SYN,53,2,-45.03519419647746,user,0.24155836322655017,253.56577337034977,BruteForce
P003597,TCP,IoT,On,APAC,3,0,3369.9271833528283,4070.1550856949675,161.58425681512125,5,SYN-ACK,22,0,,user,0.23576488550231542,326.1731308860266,Benign
P003598,tcp,Mobile,Off,EU,1,2,4160.964420857241,6174.616256583483,134.03384563527794,4,FIN,53,2,-72.44478704677815,user,0.11423300577649739,273.58926724564645,Benign
P003599,TCP,Workstation,Off,EU,1,1,6482.117195231205,3139.0497696109205,124.9308486615225,1,SYN-ACK,80,1,-49.18544032192881,guest,0.3708187704872213,292.08575567300505,BruteForce
P003600,TCP,Mobile,On,APAC,3,0,6195.041318120095,11013.899781065666,95.6601989215005,6,SYN,22,0,-58.501799353790524,user,0.11488494076358004,308.72142306186356,Benign
P003601,UDP,Mobile,Off,US,1,1,3898.8104076302484,7058.655318473669,109.18559413444679,3,SYN-ACK,143,2,-52.181174805872296,admin,0.3742034534564742,270.91080847108503,Benign
P003602,udp,Mobile,Off,EU,5,0,3099.382136325102,4289.548036959226,75.87960502797407,0,SYN-ACK,22,1,-44.73150311011533,user,0.08724702024060839,242.15424162687157,BruteForce
P003603,tcp,Workstation,Off,APAC,2,1,5172.579094358792,9051.706670034702,130.2365395168822,5,SYN-ACK,143,1,-64.55619897794813,admin,0.13943954100730574,289.8669081285575,BruteForce
P003604,udp,IoT,On,EU,2,0,2561.767109779695,7410.776821034228,105.05371373019507,6,ACK,110,1,-67.64653434003851,admin,0.4582714073810382,301.9701499635078,Benign
P003605,UDP,Mobile,Off,ME,0,1,5453.231124482883,6985.389248854162,111.6146541848656,8,SYN-ACK,143,0,-81.42717491711086,user,0.31027237161523524,276.2669594117825,Benign
P003606,TCP,Mobile,On,US,2,0,5298.811756035106,8270.672675391603,128.47855279477594,3,FIN,25,0,-72.47277160211965,user,0.5075049405812957,286.92731230350023,Benign
P003607,TCP,Workstation,Off,ME,2,0,6340.715244495546,4017.445797927403,121.27461651788829,4,FIN,80,2,-64.98822171275116,user,0.06320266635095168,287.1041639427156,Benign
P003608,ICMP,Mobile,Off,US,3,0,6635.575463001311,2936.672852964244,128.3992512326272,6,SYN,443,0,-53.39717266086175,admin,0.44753245220027216,320.8094162637032,Benign
P003609,TCP,Server,Off,ME,1,1,5331.444719446841,4553.063735814873,78.04400485112826,7,SYN,53,1,,user,0.19820016949677163,270.5821789008736,Benign
P003610,TCP,Workstation,Off,EU,2,0,6456.059670952559,8139.211204320825,91.44492486115166,8,ACK,3389,1,,user,0.37501512439209245,287.4990978061938,Benign
P003611,TCP,Server,On,APAC,2,0,3501.2394184030486,4180.912017755515,114.94757473112377,6,SYN-ACK,143,0,-68.45771882912061,admin,0.10349502168325388,290.00396762320025,Benign
P003612,TCP,Workstation,Off,ME,3,0,3898.2139156684043,11380.984287480358,118.33523371574682,5,SYN,80,2,,user,0.6355182626295793,295.79826589732073,BruteForce
P003613,ICMP,IoT,Off,EU,2,0,5517.968140274681,5094.228475596789,100.20295812641608,4,FIN,3389,1,-62.43544253336707,guest,0.05325046300456544,269.388776444553,Benign
P003614,ICMP,Workstation,Off,EU,1,0,3266.249384464156,6508.41014672269,129.02084862045345,5,SYN-ACK,22,1,-31.588820229922156,user,0.7015688886337509,291.24492041784475,Benign
P003615,TCP,Workstation,Off,APAC,2,2,5414.667122888173,7936.644981282012,50.003126851730954,2,SYN,143,0,-60.97979370997575,user,0.25769902902107406,244.64054539164962,Benign
P003616,TCP,Workstation,Off,EU,0,2,3952.5372267463463,5249.204540747792,82.5467353661435,5,FIN,21,0,-63.14092358650038,admin,0.1504764576064973,263.6085999730346,Benign
P003617,UDP,Server,Off,ME,2,0,4783.090911979548,5936.953179638581,93.43092087646417,6,SYN,25,0,-59.205591963468166,admin,0.16229794460489705,305.56183507227206,Benign
P003618,UDP,Server,On,ME,4,1,4808.029942152256,9926.3046418498,124.19479190443816,5,FIN,80,1,-61.000121841317736,user,0.22095095207939988,329.5129822486366,Benign
P003619,UDP,IoT,Off,ME,2,0,4904.1553191141475,4740.549154327755,95.69265462249933,9,SYN-ACK,53,2,-47.849176754300515,guest,0.11047519000731133,284.898002996814,Benign
P003620,tcp,Server,Off,US,4,0,6451.036796792685,9149.227389285845,96.09609788714978,11,ACK,25,0,-82.40648980718561,user,0.23580306184948518,329.58951532197284,Benign
P003621,tcp,Workstation,Off,APAC,0,0,2666.878157547553,7642.169707087116,113.1302162547894,3,FIN,80,2,-53.394507715162845,user,0.1382412489761803,252.11723131944981,Benign
P003622,TCP,Workstation,Off,US,1,1,5947.828229817318,5131.552791835495,122.24779465545095,2,SYN-ACK,110,2,-75.55896242673398,user,0.11616154216074277,288.4752261179684,Benign
P003623,udp,IoT,Off,ME,0,1,2704.8329536492174,,76.86166374922999,5,ACK,21,0,-56.53807675069496,user,0.2885286086094555,252.48595608027173,BruteForce
P003624,UDP,Mobile,On,APAC,1,0,3147.6538597038607,4679.02257915273,137.34365465345257,4,SYN-ACK,143,0,-38.114500940832734,user,0.29153428404212633,279.5567165849896,Benign
P003625,tcp,Server,Off,US,2,3,4610.573389142353,6662.1089106040845,168.72852701504956,2,SYN,110,1,-61.96556843344763,admin,0.3846019456989451,298.73113488547034,Benign
P003626,TCP,Server,On,APAC,4,2,4611.269526509262,5674.225283115604,92.9931454941814,10,SYN-ACK,80,0,-69.08638424520493,user,0.16062436699449187,294.68668879585925,Benign
P003627,TCP,Workstation,Off,APAC,3,0,5022.442794193967,4864.390699109324,82.838560574224,3,ACK,143,3,-51.0169940222294,admin,0.17915757273783972,265.70338031500177,BruteForce
P003628,ICMP,Workstation,On,US,2,2,6366.677204363432,4969.177399930849,122.02879574690193,4,ACK,22,2,-68.27654986497832,user,0.2721744027130239,306.4511866945717,Benign
P003629,UDP,Server,Off,US,1,1,5448.358537486745,5361.972582482332,165.05382422405197,6,FIN,80,1,-43.058792660345716,admin,0.2909992830398838,340.7918877080049,BruteForce
P003630,udp,Workstation,On,EU,3,0,3197.0043148427067,2631.831079078098,89.32500618992006,2,FIN,80,0,-74.20083357886496,user,0.3647378503741865,267.7799614649457,BruteForce
P003631,UDP,Mobile,Off,EU,1,1,4204.520938060778,7577.953472679619,128.4001525402081,2,SYN-ACK,53,2,-52.75910896022752,guest,0.2593010910946046,313.0124942945287,Benign
P003632,UDP,Mobile,On,EU,2,2,5491.289932043139,5401.86293836133,142.69698227852302,2,SYN,110,0,-61.462709505368395,user,0.22670162108994957,328.48228228844226,BruteForce
P003633,ICMP,IoT,On,APAC,3,1,5587.689291047381,7817.390858530106,97.29054791921868,5,SYN,21,1,-53.3510953887223,user,0.28961455581200235,292.2869149543576,Benign
P003634,tcp,Workstation,On,EU,2,2,5098.946581630717,7908.28174839211,107.34383020532617,4,FIN,143,0,-65.52314743979262,guest,0.2042207397956542,288.5599950435086,Benign
P003635,TCP,Workstation,Off,EU,0,1,7170.657983389538,6093.3644949132195,111.92787123856806,7,SYN-ACK,21,1,-69.30356507504972,user,0.29945650052190537,314.90642048278767,BruteForce
P003636,TCP,Mobile,Off,US,4,2,6143.981211190996,8566.931225337705,123.76167913978085,6,FIN,22,1,-50.21300473254472,user,0.07812018886369783,292.82903849596113,Benign
P003637,UDP,Workstation,On,ME,2,0,4476.447921645503,2000.170614161923,85.57623589074043,6,ACK,21,0,,admin,0.10688926741594605,270.6144240221463,Benign
P003638,TCP,Server,Off,US,3,2,5047.258889425615,,138.34528945262338,6,ACK,22,0,,admin,0.12559510284147588,318.523417238062,BruteForce
P003639,TCP,Workstation,Off,APAC,5,1,4268.120950499042,7712.064153264491,115.60204372442219,2,SYN-ACK,3389,1,-73.8678807906899,user,0.30856941298610746,264.5726437334974,Benign
P003640,ICMP,Mobile,Off,US,3,0,5739.670668978717,6742.105293096047,98.7829629992402,6,ACK,21,2,-65.45298262263518,user,0.4580049168446333,301.48663858261284,Benign
P003641,UDP,Workstation,Off,US,0,0,8353.659677311025,,93.2430941411782,3,SYN-ACK,110,0,-47.92703823358243,guest,0.20802223058468744,287.69154184825584,Benign
P003642,TCP,Workstation,Off,US,0,2,4801.60669833485,7499.089354525667,104.2729738951469,4,SYN,22,0,,guest,0.07176947374328538,274.75417220581664,Benign
P003643,ICMP,Server,Off,ME,4,1,3139.148460071967,4128.720672877635,169.96255485417092,6,ACK,22,1,-58.11167842402609,guest,0.12356221943478365,298.5711332998464,Benign
P003644,udp,Mobile,Off,EU,2,1,4293.551778231121,3733.381526866276,96.65315207657682,3,ACK,22,1,-49.32329354687668,guest,0.15217127646690712,289.28214212254426,BruteForce
P003645,TCP,Mobile,On,US,4,2,5175.946233241192,12346.120494249826,101.09877662819024,6,FIN,3389,0,-69.37117339801603,user,0.3076869284527307,306.40081692607646,BruteForce
P003646,UDP,Server,Off,EU,2,0,3158.6956770212955,9796.57158072065,63.4839940426817,9,SYN,110,0,-74.98834633115874,user,0.30340931777955193,261.06281240016864,Benign
P003647,TCP,Server,On,EU,2,0,5466.618598694338,6045.506208385129,143.59060314821326,4,SYN,25,3,-43.99234908394846,admin,0.4161656239123955,322.34437190463393,Benign
P003648,ICMP,Mobile,Off,EU,2,1,4175.69651607432,6451.333414270741,95.80540956765401,4,SYN,443,2,-77.12172927694046,user,0.29553019702101235,292.65920839481805,Benign
P003649,UDP,Mobile,Off,ME,3,0,3853.5726412431095,7784.183678484875,133.19674055924787,7,SYN-ACK,80,0,-57.29532002309504,user,0.226384962155985,333.3109556109144,Benign
P003650,UDP,Mobile,Off,APAC,3,3,3472.8170944280982,,111.76776276372675,2,SYN-ACK,110,1,-75.3431493759747,user,0.4788470156259049,276.18678818053866,BruteForce
P003651,UDP,Mobile,Off,ME,1,0,5815.32382444879,7960.306811514521,149.438539629075,9,FIN,443,1,-81.50863299629663,admin,0.24413812272496757,343.2037674040202,Benign
P003652,ICMP,IoT,Off,EU,2,3,4138.224029941017,2628.377992731147,177.38021131733433,8,SYN,443,1,-67.05270851932855,user,0.05315855862442104,310.42296696240146,BruteForce
P003653,UDP,Mobile,On,US,0,1,4242.1962590339235,3573.32028162417,114.82688292753696,5,SYN-ACK,110,1,,admin,0.4519059082004797,291.08049203261436,Benign
P003654,UDP,Mobile,Off,EU,2,4,5374.5466930330085,7214.999316595743,103.25673865356005,5,FIN,3389,0,-77.94034079856765,guest,0.22555139341122943,260.87729549463404,Benign
P003655,UDP,IoT,Off,ME,0,2,6431.160021050035,8754.95581755943,141.3464378321178,2,ACK,22,3,-67.37597396046648,user,0.2986714202389243,306.69884227531645,BruteForce
P003656,UDP,Workstation,On,ME,2,0,6138.842085151747,1822.0441319001002,149.01494198480452,4,SYN,110,0,-52.38598777916937,user,0.24386645434314339,320.27275496054096,Benign
P003657,ICMP,Mobile,Off,US,3,2,7258.580451040947,5655.347468341658,91.95525682725315,6,SYN-ACK,22,2,-62.805287127186936,user,0.050769431552729644,306.5341401895211,BruteForce
P003658,tcp,Mobile,Off,US,2,0,4821.873992738024,5592.764217523314,133.1151370276719,3,ACK,22,2,-56.06134814533534,admin,0.3838183989581434,322.83248540252544,Benign
P003659,udp,IoT,Off,APAC,3,1,5680.874108802656,4826.945847016377,120.44066546977064,4,FIN,22,1,-56.458231470704405,user,0.21231847244627303,248.72347550551083,Benign
P003660,ICMP,IoT,Off,US,1,0,3619.522217374732,7975.274158588054,100.71930812201153,2,SYN,143,1,-70.59128132324035,user,0.3722868963456529,271.6132401853073,BruteForce
P003661,ICMP,Server,Off,APAC,1,1,3127.406225425067,4630.898212281713,190.31605709499343,4,ACK,22,2,-54.279441506709325,user,0.30631965843403847,331.71272594527034,Benign
P003662,TCP,Mobile,Off,EU,2,3,4702.824821031218,7362.3891263998585,722.1557167709555,5,ACK,80,2,-47.98154410413804,admin,0.2991259169830791,283.8097206316187,BruteForce
P003663,udp,Server,Off,APAC,3,0,2880.850761240043,5456.452522043146,172.30345783182958,8,SYN,22,2,-45.7449926018403,guest,0.3929247018089387,292.09446701160766,Benign
P003664,UDP,Server,On,APAC,0,1,5100.840515009513,3547.260707216341,102.36196690846734,5,FIN,25,1,-75.45113506555252,user,0.16503616630361384,286.57847323464745,BruteForce
P003665,udp,Server,On,EU,2,3,4775.073761910292,3767.509806354102,178.56698054544825,6,SYN-ACK,22,1,-57.81332700167905,user,0.4822260395467558,336.49118422131437,Benign
P003666,ICMP,Workstation,Off,EU,2,1,5068.595260216686,6674.594767618996,128.24967389809862,3,FIN,53,1,-50.81837027457682,user,0.2577454760194243,319.1645421451046,Benign
P003667,TCP,Workstation,Off,US,0,3,5098.359499798646,5983.39490241915,128.69215460907736,2,SYN,21,1,-52.30516146539915,admin,0.030273598385973693,285.39655368564024,Benign
P003668,tcp,Workstation,Off,ME,2,1,4402.862096978343,5362.967874410426,108.9344307023504,3,ACK,110,0,-51.414610236774145,user,0.4597650400448972,292.17063996076695,Benign
P003669,UDP,Server,Off,EU,2,1,4545.964486165274,5379.736708624052,167.34549444029506,5,SYN,53,3,-70.79836751100534,user,0.582906937151482,301.9876012997126,Benign
P003670,udp,Server,Off,EU,4,0,2617.7570193117826,2253.15586737605,110.68628645868534,6,FIN,143,0,-66.46609492912238,user,0.06095733812891012,259.3537769449376,Benign
P003671,TCP,Server,Off,EU,2,2,5670.425941182776,3866.2482153434476,139.59018671372974,8,SYN-ACK,53,2,-44.5457780790761,user,0.3780579578663168,343.55386148240933,Benign
P003672,TCP,Server,On,APAC,1,1,8338.50861887112,6597.971836772013,86.52272550621717,3,SYN-ACK,143,3,-61.03222774459211,user,0.21826743545593158,318.3736918526904,BruteForce
P003673,UDP,Workstation,Off,EU,2,1,5388.541163678621,,102.82959761024443,5,SYN-ACK,143,1,-57.09327040336039,user,0.19229624052534386,270.2084115932522,BruteForce
P003674,TCP,Mobile,Off,ME,2,4,5486.785290959231,5866.464985448004,102.53120922507165,3,SYN-ACK,110,2,,guest,0.2375467864548655,283.00637650813167,Benign
P003675,TCP,Server,Off,EU,2,1,3797.9253417543464,7295.149895381635,147.11470311884008,5,SYN,21,0,-65.02683883821095,user,0.21021452189468054,272.98991064345256,Benign
P003676,ICMP,Workstation,Off,APAC,1,2,4583.6113003186265,6820.872353971213,128.31660568238286,6,SYN-ACK,21,3,-62.442560170419526,user,0.14373131856609334,311.82184094140916,Benign
P003677,TCP,IoT,Off,EU,1,0,5357.897762862793,6557.098247565597,152.1580452555358,1,SYN,110,0,-64.46467606671794,admin,0.08873903509036102,328.6037154791825,BruteForce
P003678,UDP,IoT,Off,US,2,2,5110.216715065481,7051.790097933297,86.11046121246176,1,SYN,80,0,-67.44258042765514,user,0.300990706263341,246.24548568580914,Benign
P003679,ICMP,Mobile,Off,ME,6,1,4160.559230914777,5586.171576322968,142.1446264616614,6,SYN-ACK,53,0,-52.93638645702412,user,0.3710366029994293,294.6926999003415,BruteForce
P003680,UDP,IoT,On,ME,6,0,21618.791779915926,5012.384993925428,167.87799153850256,1,ACK,22,1,-58.522221249888666,user,0.6614289631339906,307.12200517413777,BruteForce
P003681,ICMP,Workstation,Off,EU,4,1,3316.726323554588,7986.342406116057,88.22529990912085,6,SYN-ACK,25,0,-68.2785539324525,user,0.280264894011055,281.88355510944785,Benign
P003682,UDP,Mobile,Off,US,2,1,2936.1077017127213,8812.693265904665,68.12047779526435,10,FIN,22,0,-64.84449269352157,user,0.025071045268915224,277.84431735152884,BruteForce
P003683,TCP,IoT,Off,US,2,0,4350.734355919507,8046.643854860362,122.97629281324271,3,FIN,21,2,-55.33894600056122,guest,0.1274205802850356,323.4216395178172,Benign
P003684,UDP,Mobile,Off,EU,3,2,2938.110369614055,5226.129881140318,128.17783712280652,8,FIN,80,1,-69.507028877999,user,0.21738188711571135,280.8131051460535,BruteForce
P003685,TCP,IoT,Off,ME,5,1,4342.467904658731,6570.525397414887,165.98906417194587,8,SYN,143,0,-59.56623997054761,user,0.0485239784968393,311.5388388248384,Benign
P003686,TCP,IoT,On,ME,2,1,4480.4712162746255,,95.41576334988832,5,ACK,22,1,-48.22539194955602,user,0.2620667416098889,293.87951692509057,BruteForce
P003687,UDP,IoT,Off,EU,2,0,32458.832145391854,6985.435118111198,96.84518253536642,6,FIN,110,1,-52.62624769435475,user,0.1372961732972349,283.7869580343067,Benign
P003688,udp,IoT,On,APAC,1,0,4621.426562719866,7956.024819955658,92.9056105291562,8,ACK,25,4,-55.4333918340788,user,0.27291554424818826,298.4770969340883,Benign
P003689,udp,Server,On,APAC,1,1,4731.621260538481,6754.03727825772,163.64438139893414,6,SYN-ACK,143,1,-62.82652287814781,guest,0.3088011590357249,310.45245042512653,BruteForce
P003690,udp,Server,Off,ME,1,1,5679.085384564467,,83.00498148620517,3,SYN,80,0,-58.6925436900048,user,0.23208671838311512,280.1502523699986,Benign
P003691,tcp,Mobile,Off,APAC,2,2,2548.621238190689,4396.346368254663,52.72188349993476,3,SYN,143,1,-54.87428246917724,guest,0.21991147659742413,243.75204309203065,Benign
P003692,tcp,Server,Off,APAC,1,2,6479.736885198297,,114.04933436472216,7,SYN,21,1,,user,0.18684716374940633,295.03144447648555,BruteForce
P003693,UDP,IoT,Off,APAC,2,1,5560.094748938632,5010.503774807394,86.4624244521956,3,SYN-ACK,22,1,-47.44426348347407,user,0.6106258557854893,267.5537154426445,Benign
P003694,UDP,IoT,Off,ME,3,1,4648.415899566231,10995.049537750328,126.8887102418953,6,FIN,53,0,-58.44392264730948,user,0.09932320066720805,299.38511292096314,Benign
P003695,TCP,Mobile,Off,US,0,2,7211.291474008263,7872.345954121378,117.91265951982835,4,SYN-ACK,3389,1,-41.330004465760496,user,0.23065662777613094,293.29584329539557,Benign
P003696,UDP,Server,Off,US,0,1,3345.4017788813717,4297.351665948175,128.74852660127002,4,FIN,143,0,-62.262421948466695,user,0.5832696995245024,271.1020502713482,Benign
P003697,UDP,Workstation,Off,APAC,4,4,35229.91295396396,4641.246158645443,132.52399085585225,5,SYN-ACK,80,1,-52.48521995959185,user,0.24528902784093995,263.2950749823595,Benign
P003698,TCP,Workstation,On,ME,2,0,8518.803034277807,6036.502201999591,171.93153837532185,6,FIN,53,4,-55.860996401039046,user,0.059144849395179,319.8528957966144,Benign
P003699,TCP,IoT,On,ME,0,1,3760.1611400677602,6994.834641393094,122.5903364874603,6,ACK,22,0,-53.03268152224262,user,0.2790876403974862,269.78942488925844,Benign
P003700,tcp,IoT,Off,EU,5,1,6357.128112105709,2293.9344335596734,146.21585393823054,7,SYN,110,2,-52.24837310029289,user,0.3476839181187349,346.328543099457,BruteForce
P003701,tcp,Server,Off,US,1,1,3881.7665041108485,1790.874451709211,125.00929275299622,6,SYN-ACK,25,0,-53.132359877626556,user,0.43009723785554344,285.20374976091244,Benign
P003702,udp,Mobile,Off,APAC,2,0,4402.58539423408,8110.981206856797,136.51759400267088,12,SYN,25,0,-66.16070884118643,guest,0.3703308103646336,293.91872870842934,Benign
P003703,UDP,Server,On,US,0,0,3647.7504606379134,5080.759167149812,115.50428357217417,4,ACK,443,1,-58.669011461599794,user,0.15672286217756085,295.3603077717699,Benign
P003704,TCP,Workstation,On,APAC,2,1,7506.436668326891,5745.955571963492,130.0430431024757,6,FIN,22,0,-63.749380808398485,user,0.2308887438718141,341.17393964523615,Benign
P003705,TCP,Mobile,Off,EU,2,0,6166.783167645741,2110.4300832056624,59.73063994576321,3,SYN-ACK,3389,2,-50.60599353797012,guest,0.20601372552712177,271.1499714353913,BruteForce
P003706,tcp,Workstation,Off,ME,2,0,6666.379835723688,6429.198332662779,80.05340042083219,6,FIN,110,1,-79.63121878990073,user,0.49320771114228645,265.3753070037666,Benign
P003707,TCP,Mobile,On,EU,2,3,5229.513592998101,5297.76379728427,109.07351654040743,8,FIN,110,0,-60.405247320549556,guest,0.25810799706938825,280.3689532983429,BruteForce
P003708,udp,Server,On,EU,2,2,5625.992657817219,8636.401815975669,105.83713564559056,6,SYN,110,0,-62.23658301849917,user,0.15875840606876063,284.3945644763547,Benign
P003709,TCP,IoT,On,ME,0,0,5884.871693720095,5744.721381138829,113.21356723720447,4,SYN,110,0,-46.73675165147721,admin,0.6117332490319943,304.2102404757687,Benign
P003710,udp,Workstation,Off,ME,2,1,4559.305190033154,6046.040229964308,123.68328753485784,9,SYN-ACK,80,0,,user,0.2661984970873988,277.1538532699694,BruteForce
P003711,ICMP,Server,Off,EU,1,0,5778.889275080781,7341.5910486569055,122.91471273071576,10,SYN-ACK,80,1,-66.16058214187682,user,0.4211081584841166,330.0573287682323,Benign
P003712,TCP,Mobile,Off,APAC,3,0,5431.419001721743,7571.4838688072905,120.48274676521203,3,SYN,443,2,-53.16919899404601,user,0.7159682085409458,296.05765559306224,Benign
P003713,TCP,IoT,Off,EU,1,0,5474.777393706714,9643.710961076396,144.612424687937,2,FIN,21,0,-64.46572933676451,guest,0.3032654253992909,328.9528233950063,Benign
P003714,TCP,Server,Off,US,2,0,6748.208996218758,5312.906617591803,140.51868958398808,3,ACK,22,0,-50.3324781880047,admin,0.43990603246957205,323.0045510122603,BruteForce
P003715,UDP,Server,Off,US,1,2,6374.357100403844,10850.770723968195,131.7232574366856,5,ACK,80,1,-78.96928143810148,user,0.4102610681909846,302.1286933384282,BruteForce
P003716,UDP,IoT,Off,EU,4,0,4054.533409297553,5069.149600916838,100.57714047019208,7,ACK,143,1,-55.297179733625086,user,0.11293823413557245,277.7006047261164,BruteForce
P003717,UDP,Mobile,Off,EU,0,2,6071.642813306009,,163.02737836368868,6,ACK,22,2,-36.85030508042105,user,0.19727011181884382,312.16558336061854,Benign
P003718,udp,IoT,On,APAC,2,2,7806.15815290822,5068.134506834668,113.81351858672966,5,FIN,3389,0,-47.47898034176689,user,0.15621136347183454,306.49421982141814,BruteForce
P003719,TCP,IoT,Off,ME,2,0,3147.7379583056627,6235.120612343859,105.81665490609647,8,SYN-ACK,21,2,-47.99752923979162,user,0.0955121078056969,290.32560906792696,Benign
P003720,TCP,Mobile,Off,US,2,3,6076.471753091534,3610.7411885042025,176.7254768004504,6,SYN-ACK,143,2,,user,0.35116054762857735,302.2763565386428,Benign
P003721,TCP,Server,Off,ME,2,0,5348.620170887908,4505.221135938675,88.23007036776512,4,FIN,53,1,-75.40847147737726,user,0.19829447581364748,292.6585834873845,BruteForce
P003722,TCP,Mobile,On,APAC,2,2,3427.0927374092926,3983.910278469094,172.09395593877036,8,SYN-ACK,110,1,-62.53793910253159,user,0.495590547880798,314.25645559149007,Benign
P003723,TCP,Server,Off,APAC,2,1,3825.762684100291,5559.114883397023,130.21877365034806,5,SYN-ACK,80,2,,user,0.16506188641967193,301.1967009205805,Benign
P003724,TCP,Mobile,Off,APAC,4,0,4728.594819871161,7275.079661910223,98.85087637039643,8,FIN,443,1,-52.965363043982975,user,0.35371921663128436,281.23302163505167,Benign
P003725,UDP,IoT,Off,ME,1,0,3097.969671625216,5302.271243698158,185.23390384030714,1,SYN-ACK,22,2,,user,0.06560719148403829,315.57879778980674,BruteForce
P003726,UDP,Workstation,On,EU,1,2,5699.518234493926,8569.828030379405,139.47643211411292,6,SYN-ACK,25,1,-56.676601834356546,guest,0.44570352457947615,292.75402758589183,BruteForce
P003727,UDP,Server,Off,US,1,1,4299.7917544970915,,112.57028205309905,4,SYN-ACK,21,1,-51.070627409637396,user,0.214490858847018,296.1186741125389,Benign
P003728,,Mobile,Off,EU,3,2,5902.8481449633555,6570.124400278651,102.51270373344796,3,ACK,22,0,-63.741374347094514,admin,0.26297080419011076,255.14491318002024,Benign
P003729,ICMP,Mobile,Off,ME,8,0,4999.027245474031,7897.1497027732285,138.44053921782728,2,FIN,3389,0,-44.63983474404603,guest,0.05743287480811491,317.51283683705446,Benign
P003730,UDP,Mobile,Off,EU,2,0,4720.967209544453,3498.96505111455,177.62139891342872,7,SYN-ACK,53,3,,user,0.14161176439033443,353.1369445737593,BruteForce
P003731,TCP,Server,On,APAC,0,0,6579.812848440914,6304.980547595396,156.48235817976882,4,SYN,443,1,-44.0969012814667,admin,0.09150237003727654,310.5580634206987,Benign
P003732,UDP,Workstation,On,APAC,2,0,4130.171981322685,7458.2506131243335,195.31045725268385,7,SYN,25,2,-78.2320758392457,user,0.33048454415584405,332.6258068164967,Benign
P003733,tcp,Workstation,Off,ME,0,1,4533.705034394389,6755.481198194627,152.15115316128163,5,SYN-ACK,80,1,-57.33908888440553,user,0.28408208221826453,321.8432122629529,Benign
P003734,UDP,Workstation,Off,EU,2,3,4963.907616730477,3886.3488276165435,135.51690906528,5,SYN,21,1,-69.79109190896521,user,0.3356232010733409,274.9439792918276,Benign
P003735,TCP,Workstation,Off,EU,2,0,3034.671824950514,6394.980027695383,113.39644863834641,2,SYN-ACK,22,3,-68.09162206205386,admin,0.3220234455509832,283.5482585935709,BruteForce
P003736,tcp,IoT,Off,EU,5,3,7835.465674217142,6406.554899812364,97.96816338614248,1,ACK,21,1,-34.37321110216606,user,0.1725777511500411,287.464278477638,Benign
P003737,udp,Mobile,Off,EU,1,1,5708.4799211,5772.541844944177,89.9060637236094,4,SYN,443,0,-70.48715377742552,user,0.36134300139264214,279.25691372788816,Benign
P003738,tcp,Server,On,APAC,2,0,8179.312046358346,4644.503654808901,92.77179451626444,5,SYN,25,2,-55.32620554666576,user,0.336798047540735,309.1712498342533,Benign
P003739,TCP,Workstation,Off,US,1,2,1526.7406385451013,,93.83633168134584,4,SYN-ACK,80,0,-67.14654013278533,user,0.27608624583135605,244.01081550822923,Benign
P003740,TCP,IoT,Off,APAC,3,1,3394.2718966123757,7263.902260787858,145.63219455162053,5,FIN,22,0,-57.0859054271006,user,0.29691068120641423,289.4700685859573,BruteForce
P003741,TCP,IoT,Off,ME,2,3,4139.856166447192,7972.428282834854,118.91011307053522,6,SYN,110,1,-65.5711428811726,user,0.4324490636423183,276.1451001751537,Benign
P003742,,Workstation,Off,ME,0,1,4513.676855711132,8606.31094985339,150.71014678669877,5,SYN-ACK,80,2,,user,0.1755165759572941,296.01060664243226,Benign
P003743,TCP,IoT,Off,APAC,1,0,5598.141910762112,7546.950498133494,169.2725026307039,5,ACK,80,2,-54.05292402823454,guest,0.4987727745015455,317.78426126823564,Benign
P003744,TCP,Mobile,Off,ME,3,1,5625.972349015159,,95.97490136341445,5,FIN,443,1,-65.06870502722033,user,0.2819946488871115,283.95975665376915,Benign
P003745,TCP,Server,Off,ME,1,3,6892.165165919938,6518.216698691482,143.6407883501169,4,SYN,21,2,-52.2481155318831,admin,0.5295505239533276,303.6066083582962,BruteForce
P003746,,IoT,On,US,2,0,2668.8991573648973,5380.637274549696,125.06775274208357,6,SYN,143,2,-65.83771088752995,user,0.1871992644524054,294.808855227381,Benign
P003747,,IoT,Off,US,3,0,1831.1948691929374,6291.199751893393,117.82827404819305,9,SYN-ACK,80,1,-77.0266473827593,user,0.31616273384752025,261.73158652343375,BruteForce
P003748,TCP,Server,On,ME,0,1,6100.123774234318,7880.663614809138,73.17740238938326,4,SYN-ACK,53,2,-49.18358209754983,guest,0.6007739910821025,257.03910980910985,Benign
P003749,tcp,IoT,On,APAC,4,2,5447.0148699077035,6387.857778525138,118.5182254704835,1,ACK,443,0,-54.797690272563806,user,0.019302513059098567,279.5806562229754,Benign
P003750,tcp,Server,On,US,3,0,2826.419069541323,4295.873622322852,169.1370377043812,7,FIN,443,0,-67.11013507201639,user,0.5388000664739468,310.8436520138942,Benign
P003751,TCP,IoT,On,ME,3,0,5411.927595138311,8490.63856269037,140.53071441914344,5,ACK,3389,2,-62.31434034105319,user,0.5034713557074713,307.07088479930434,BruteForce
P003752,UDP,IoT,Off,EU,1,1,7160.636236245713,4271.522250708992,113.52110325247709,6,FIN,21,0,-51.04912199865851,user,0.25924493199604454,293.9976514690047,BruteForce
P003753,UDP,Mobile,Off,APAC,0,0,2206.2468857915896,4857.415474983999,134.69831775453045,4,FIN,25,2,-59.91685209167222,user,0.7328580753033683,282.67498400522413,BruteForce
P003754,UDP,Workstation,Off,ME,1,1,5323.037792297942,5887.004403521418,127.89187797434543,6,FIN,143,1,-53.39895397068078,user,0.38798300014420145,325.9028630487801,Benign
P003755,UDP,IoT,Off,US,2,3,3011.2182700471476,5905.540224445467,114.56121829834673,6,SYN-ACK,22,0,-57.39941996601198,admin,0.23567796977210037,264.2827513188498,Benign
P003756,TCP,Mobile,Off,EU,1,1,7298.174532437346,6112.865690879097,100.75585561237584,8,SYN,80,2,-74.56956952142063,user,0.2692490335973005,282.26688038669295,BruteForce
P003757,TCP,Mobile,On,US,1,3,6663.941685172735,5204.0006215925805,83.62483130771682,4,SYN-ACK,53,1,-72.52318441314112,user,0.08649556983767291,244.63237347044242,BruteForce
P003758,TCP,Workstation,Off,ME,5,3,4510.786482591574,3692.8768393876016,89.11690352902426,5,FIN,110,0,-32.542565322906746,user,0.27613705606941696,259.8684884012985,Benign
P003759,ICMP,IoT,Off,APAC,3,1,3780.1716015577,10424.848519746658,136.84504481851047,6,SYN-ACK,443,0,-50.74362176730129,admin,0.2626681436320403,295.44770991079645,Benign
P003760,tcp,IoT,On,ME,3,1,4532.687060927295,,119.52435456662045,2,SYN,22,0,-56.87447734934424,guest,0.21380090043074138,265.10131980945164,BruteForce
P003761,TCP,Mobile,Off,APAC,1,1,3876.8755736449607,,153.965814745697,3,ACK,3389,4,-58.04392556494881,user,0.1939029753693181,285.5674083667019,Benign
P003762,ICMP,IoT,Off,EU,2,1,3949.447641477581,10041.047522394298,143.4483670821781,9,SYN-ACK,80,2,-41.35134026400613,user,0.5754052018470508,319.33440091448955,Benign
P003763,UDP,Mobile,On,ME,1,1,1877.6814015464697,9599.666285250834,99.00384274613285,1,SYN-ACK,25,2,-65.797959805185,user,0.2916288799468003,245.13844679877369,Benign
P003764,tcp,Workstation,Off,APAC,3,0,4770.150574841698,,103.86543326940807,7,SYN-ACK,3389,0,-47.0193201367133,user,0.20381355365497208,285.0617950753295,Benign
P003765,TCP,Server,Off,ME,1,0,6350.846814515881,5736.424234178392,87.74240581650145,4,SYN,53,1,-81.13082723459995,user,0.3820628606234518,288.6874726628924,BruteForce
P003766,ICMP,Server,Off,ME,1,0,6963.831260608502,5531.662159714282,124.4840731135075,7,SYN-ACK,110,3,,user,0.2808541442649394,348.5786258838023,BruteForce
P003767,UDP,Workstation,On,ME,1,1,4652.487699332168,6049.77385376089,149.68244771609398,1,FIN,21,0,-61.08641297961631,user,0.25497396426168467,288.18416690165697,Benign
P003768,udp,Mobile,Off,APAC,1,0,6351.7070821988855,4905.889336973472,108.95788057196465,2,FIN,110,1,-60.753256335022066,user,0.17922709190605837,274.17385853347736,BruteForce
P003769,UDP,Mobile,Off,EU,1,0,3870.839890196631,6877.643748909514,142.89673548864198,7,SYN-ACK,3389,2,-81.29848394349663,user,0.17429469479334292,294.3150388586086,BruteForce
P003770,,Mobile,On,EU,1,1,3732.277505510419,7330.557047374509,129.43771764113575,7,FIN,143,0,-62.141884956609566,user,0.17814894208221,298.79082121229135,BruteForce
P003771,TCP,IoT,On,APAC,5,1,4495.381338129284,7913.072333857941,134.49664751109955,6,SYN-ACK,53,1,-66.11621691000099,user,0.08046647279136024,282.50217132360183,BruteForce
P003772,tcp,Server,Off,US,2,3,6597.362237543315,2414.114996328881,127.63762421761145,3,FIN,80,2,-49.54540319405195,admin,0.13181541604005495,295.48029940881196,Benign
P003773,TCP,IoT,Off,ME,3,1,1835.969485671047,4163.365729325769,84.07760592087291,8,SYN,143,2,-47.05969787404807,user,0.24875005627671556,258.1557320111873,Benign
P003774,TCP,Mobile,Off,APAC,2,0,4792.665941185241,5001.7654631418245,175.33586156476093,4,FIN,110,1,-65.78656007512267,user,0.07382448424627518,300.09284096135156,Benign
P003775,UDP,Workstation,Off,APAC,3,2,4511.9794402675925,5339.203759794124,109.85468506434307,6,SYN-ACK,143,1,-69.11037126554602,user,0.09241821483927662,273.25962520187863,Benign
P003776,TCP,Server,Off,US,3,0,5871.63407908378,6130.387559284925,160.27480290437506,6,SYN,53,2,-54.687668157755226,admin,0.10440257481385605,316.30173008495274,BruteForce
P003777,TCP,Mobile,On,EU,2,2,2638.356916327941,7969.381733285226,145.19708648677394,2,ACK,3389,1,-58.85690748558528,user,0.16135857440258192,321.3616174883205,Benign
P003778,UDP,Server,Off,ME,1,2,3564.469182515839,5364.306702480479,137.09024967499204,3,SYN,25,3,-46.89255268064933,user,0.33086227131874396,271.162426688587,Benign
P003779,UDP,IoT,Off,ME,4,0,1619.6648545906332,8348.933079934053,133.1912219640611,2,ACK,80,2,-57.38698324003449,user,0.4065012082770442,271.3399359215412,BruteForce
P003780,tcp,Server,Off,EU,2,1,5833.85249461608,7459.943591096121,101.86231439545779,6,FIN,22,1,-60.04889529278595,user,0.4000243460369486,316.92834071039994,Benign
P003781,TCP,Workstation,Off,APAC,2,2,5165.7143842310525,1523.2325961697516,87.21783672626049,7,FIN,443,1,-55.3645969513493,user,0.23523406307033823,278.15998815699385,BruteForce
P003782,ICMP,IoT,Off,ME,2,0,5107.705866709237,5444.241157988108,116.99615900392455,6,ACK,110,0,-60.83118915518931,user,0.23829229314788225,271.8442068814031,Benign
P003783,TCP,Workstation,Off,APAC,1,1,1638.48114875188,3199.2298092310125,109.39007264703551,3,ACK,143,1,-58.51891410478097,admin,0.6570485475632378,265.912648960883,Benign
P003784,TCP,Workstation,Off,EU,2,1,6477.388617529972,7212.558905064164,102.42371013658187,7,FIN,143,2,-74.7608785029254,user,0.2365529759413221,317.95343952715587,BruteForce
P003785,UDP,Mobile,On,US,1,0,5815.278914952783,6810.854077507416,159.19360469155407,6,ACK,143,1,-54.95058670556419,user,0.40493985031319873,300.46240718749635,Benign
P003786,udp,Workstation,On,ME,2,1,6230.345143280051,5596.529130495632,158.40276526561277,2,SYN,80,1,-65.42461026014739,user,0.17630025581468156,296.42538969779446,Benign
P003787,TCP,Mobile,Off,ME,3,0,3860.325031746615,6137.690326823246,106.83238421359165,5,SYN-ACK,80,1,-57.277056944708605,user,0.1031640684040614,293.5619644526727,BruteForce
P003788,TCP,IoT,On,ME,2,2,6314.027979835206,8135.8249821021745,111.50700657192073,5,FIN,22,1,-56.412520431801546,guest,0.2168872129507342,269.73152740832376,BruteForce
P003789,TCP,Mobile,Off,ME,4,5,4051.1756532090576,2933.1698011671274,146.74131922772295,3,FIN,25,2,-88.68509636761797,admin,0.36401304025502196,303.4263055403531,BruteForce
P003790,UDP,Workstation,On,EU,2,1,4264.252783039746,6276.5657439141305,147.21923785745525,7,SYN,80,1,-59.01026625759974,user,0.25921854828896607,313.655166498105,Benign
P003791,udp,IoT,Off,EU,0,4,6054.054561483122,6937.8765901819315,120.40108890343929,5,ACK,3389,1,-57.8667874543459,user,0.5759246021093537,276.9384366077444,Benign
P003792,udp,Server,Off,ME,2,3,3555.7671591161297,4326.990350244394,122.11550817696876,6,FIN,443,2,-57.63144991726058,user,0.39146007667044425,282.00122247083596,BruteForce
P003793,udp,Mobile,Off,ME,0,1,2422.0846490722747,5528.345661480441,90.07058611180081,8,ACK,143,3,-63.757060600018924,user,0.26169245345631,300.9395272635178,Benign
P003794,,Workstation,Off,ME,2,2,2022.3093647164537,2455.762874240251,113.54523144811024,5,FIN,110,1,-72.99336157670412,admin,0.11387864310971867,240.02370003762854,Benign
P003795,UDP,Workstation,Off,ME,1,2,4281.755629584911,3359.9134008383453,108.02452776474041,4,ACK,22,0,-47.16911968030552,user,0.04028707228989619,256.2730061731197,Benign
P003796,udp,Server,On,US,0,0,3913.297554224915,7343.806655447445,112.44066118300393,2,SYN,443,2,-74.10428954542952,user,0.3491816747848014,295.1107870919439,BruteForce
P003797,,Mobile,Off,APAC,0,0,3959.036131454588,7577.389243404517,95.19860230529366,5,SYN,143,0,,guest,0.2636341267705538,287.8393175408967,Benign
P003798,UDP,Workstation,Off,US,0,2,5745.382089405179,6876.5677140760645,130.00299662809945,2,ACK,3389,1,-60.57131400628515,user,0.044978119535968586,298.05600431956526,Benign
P003799,tcp,Workstation,Off,ME,0,0,2697.796405346355,6421.896898289042,97.5571675139631,5,ACK,21,0,-38.43640371674565,user,0.5410873961930379,271.6197154905029,Benign
P003800,TCP,Server,On,APAC,0,3,4355.401811820827,6823.168825644417,113.71130703942212,8,ACK,53,1,-57.17917588176457,admin,0.5275988736163563,298.9024837386746,Benign
P003801,TCP,Server,On,ME,1,1,4256.5324328540455,7136.076625831938,130.9813340830728,7,SYN-ACK,53,4,-61.42018744291293,user,0.4220362304531964,292.66995537563116,BruteForce
P003802,TCP,Workstation,Off,APAC,2,2,2364.955913601556,,71.77634503467644,8,ACK,53,0,-60.43415837166372,user,0.4825417261460303,266.57260171976765,Benign
P003803,TCP,Mobile,Off,EU,2,0,3208.8230213766656,2835.5853425771347,50.002935637055316,6,FIN,3389,2,-68.91645102301213,admin,0.35888238098912845,262.3471467713378,Benign
P003804,TCP,Server,Off,EU,5,1,6495.947333127967,3660.6638613306477,96.49877782932859,3,FIN,80,1,-72.34990821078223,user,0.17457474950710863,284.9463468166257,BruteForce
P003805,UDP,Server,On,APAC,1,0,4894.825806586266,6701.138974449416,174.06665809044677,3,SYN,25,2,-52.5252202940954,user,0.42424440786704765,320.9026276944762,BruteForce
P003806,udp,Workstation,Off,APAC,3,0,3444.725922672631,3107.2335458955154,101.93912497679025,1,SYN,25,2,-50.4732551590119,user,0.6950800133892037,272.3710962000323,Benign
P003807,TCP,IoT,Off,EU,2,1,3394.506079548645,6475.396993000741,120.7288745574332,5,ACK,53,0,-77.74701886549643,user,0.2590001407000765,282.80206299734334,Benign
P003808,TCP,Server,On,APAC,3,0,5944.9090766697545,7698.474929188335,79.2908603867397,0,FIN,143,3,-47.19805689395079,user,0.2690610095847138,252.74014738950672,Benign
P003809,TCP,Mobile,Off,US,0,0,3891.804520722174,6695.291801786483,141.75471609660542,6,SYN,143,0,-67.15945463092687,user,0.11635209251341866,295.725824095409,BruteForce
P003810,udp,Workstation,Off,APAC,1,0,5494.301651289981,4983.581032839382,143.2315581820191,2,FIN,22,0,-72.6398845779528,user,0.1860673563313676,294.5232874415289,Benign
P003811,UDP,Workstation,Off,US,4,1,1928.004233686011,4345.538709123788,155.3173348271771,3,SYN-ACK,443,0,-55.59540848716375,guest,0.2842989467951729,298.90453674791115,Benign
P003812,,IoT,On,APAC,1,1,4638.230410602347,7642.305017547873,100.3949221047209,5,FIN,22,0,-70.89722863364166,admin,0.25622217463810515,278.89108340597824,Benign
P003813,TCP,Workstation,On,EU,1,1,4265.859800735427,,136.68465268080067,3,SYN-ACK,143,0,-56.58945775547005,guest,0.27743234454409565,298.1647653933791,Benign
P003814,TCP,Workstation,On,US,2,2,1657.284031441578,3805.095870301522,110.73201735337094,8,SYN,143,1,,user,0.2889784134635946,307.89779203951787,Benign
P003815,,IoT,Off,EU,1,0,5433.29853836479,2512.6254470845415,104.95530392440723,6,SYN,80,1,-64.76663916496885,user,0.21462022271313036,304.36094068736764,Benign
P003816,TCP,Mobile,On,US,4,4,5420.131481474089,6648.380605156978,95.44029549520995,3,SYN-ACK,443,1,-44.24042607757087,user,0.549360890280286,262.09204036400513,BruteForce
P003817,TCP,IoT,Off,ME,0,2,4260.800392745901,7299.733267629415,141.8926219962284,6,SYN,110,1,-61.82640284235185,user,0.2209979768154711,299.1390219653839,Benign
P003818,TCP,Mobile,On,ME,5,4,2337.149922170816,5140.204375476699,86.28056721857541,8,SYN,53,0,-54.9383839839857,guest,0.46885413221325317,274.59566053080977,Benign
P003819,ICMP,Mobile,Off,US,2,1,3705.8722359453905,6131.285733218574,94.13651017698079,8,SYN-ACK,443,1,-48.459222062719185,admin,0.14013196522104798,275.6406193922832,Benign
P003820,TCP,IoT,On,EU,4,0,5457.256685514033,5670.23863982782,119.06684582652422,6,ACK,25,0,-68.61461674609552,admin,0.019504030607054024,328.43240229944564,BruteForce
P003821,TCP,Workstation,Off,ME,0,3,6141.626844044267,7842.0390068577,48.50505463932345,7,ACK,21,0,-74.88640322358172,user,0.7489161657515931,276.5913543270585,BruteForce
P003822,TCP,IoT,Off,APAC,3,2,3684.571587418522,7308.094901729668,88.71302629107234,5,FIN,80,0,-74.29631721396711,admin,0.29247779115862466,237.59474115899548,Benign
P003823,TCP,Workstation,On,ME,2,2,7274.336149976138,1101.9765995670223,115.55819950763636,7,FIN,80,2,-62.83234323800117,user,0.20443834925570842,300.5616328758456,Benign
P003824,udp,Workstation,Off,APAC,1,0,5217.13777442851,5663.640368033426,100.50358846102853,1,SYN,53,2,-64.81618464180539,admin,0.2536569428541376,278.6915422034992,Benign
P003825,UDP,Server,Off,APAC,1,0,1793.4740660960397,3767.029504007837,133.14826719126194,5,FIN,22,0,,admin,0.128675421538497,279.5430644183856,BruteForce
P003826,tcp,IoT,On,US,2,0,1825.0327757300129,7541.583251951401,141.61268971734597,8,SYN,110,1,-57.341915387226706,admin,0.1725820446542526,293.6754500034443,BruteForce
P003827,TCP,Server,Off,ME,0,0,5456.167285813029,7826.083254417401,126.25248122787092,5,SYN-ACK,53,0,-74.28255593473119,user,0.34630914476259506,287.4318454073662,Benign
P003828,UDP,Mobile,Off,ME,4,1,6054.5402103628685,4733.871060605117,79.74093817828924,7,SYN-ACK,25,0,-67.07501195755418,user,0.4483643719903221,270.22163606051953,Benign
P003829,UDP,Mobile,Off,US,1,0,5612.649225268105,2268.63187603954,89.68026900620131,7,ACK,21,1,-63.91708396177921,user,0.5568611321175376,289.1647294530462,BruteForce
P003830,UDP,Workstation,Off,ME,0,0,4928.92629553162,7747.3716992071395,135.96109304781766,5,ACK,110,2,-70.5964338755416,user,0.12644596345440018,284.8013259472038,Benign
P003831,udp,Mobile,Off,EU,0,1,8460.989498173185,2656.3577379742924,65.18531981886659,9,ACK,110,2,-62.03234173065007,user,0.5416016730194188,318.6008987802192,BruteForce
P003832,UDP,Server,Off,US,2,1,3466.1173723981674,7235.635774234605,128.40001211619506,2,FIN,3389,1,-83.02581015231576,admin,0.29135937077789525,259.07657126954354,Benign
P003833,,Mobile,Off,EU,2,0,3532.4151584861256,6350.45091844776,97.06587534717181,6,FIN,143,1,-73.53640701871922,user,0.11174858127641685,287.97637839403814,BruteForce
P003834,UDP,Server,Off,US,0,1,1974.3090119061494,2820.6630546731244,158.63985883357148,2,SYN-ACK,21,2,-63.33593171150811,user,0.4152091440590874,293.32091426147235,BruteForce
P003835,ICMP,Server,On,ME,4,0,4369.356805253471,5859.1366153686,100.3425575490695,5,SYN-ACK,3389,0,-63.500723402931534,user,0.2624309729633883,262.6795849740632,BruteForce
P003836,TCP,Workstation,Off,ME,2,1,4403.903593982222,,166.56834738242014,4,FIN,443,0,-65.6437921465103,user,0.1679989621054333,288.92261378537495,Benign
P003837,udp,Server,Off,US,2,3,3459.074982898585,4943.767995043855,105.87929664855085,3,SYN-ACK,143,3,-46.499796047720466,user,0.23440521084087357,265.38048907807564,BruteForce
P003838,UDP,Mobile,On,US,0,1,4649.366729701998,840.493792932185,135.4793998993225,5,ACK,143,1,-55.83741206733248,user,0.09959554275351164,308.13739468183786,Benign
P003839,TCP,Mobile,Off,APAC,1,1,5986.872239286611,6149.978830685421,103.83493179906588,4,ACK,22,0,-50.574701535288156,user,0.2240663543454822,290.53305464010214,BruteForce
P003840,TCP,Workstation,Off,EU,1,2,3834.872957489472,4280.722500205027,132.75359915676498,3,FIN,143,2,-47.0718132053857,user,0.11981241336150925,289.8010510382702,Benign
P003841,TCP,Server,Off,APAC,1,2,4161.350594808979,3096.7001828014118,178.1379342757304,8,SYN-ACK,3389,0,-86.85822715298211,user,0.26405626690999195,330.8316907526956,BruteForce
P003842,,Server,Off,APAC,1,1,5165.982005566905,5906.6414094981565,74.00208549515776,3,FIN,443,0,-64.20655534671484,admin,0.4228514975125363,290.6364384435321,BruteForce
P003843,TCP,Server,Off,EU,1,1,4144.780888513181,2786.2686308986035,171.19717647692585,4,FIN,22,1,-71.36693815123374,user,0.6997666092103971,311.8062586500263,Benign
P003844,ICMP,Mobile,Off,US,2,3,4243.886094510627,4531.610380681429,152.82874115968667,10,SYN,3389,0,,user,0.39820326753747093,326.60182968299046,BruteForce
P003845,TCP,IoT,Off,US,1,3,1559.8120953784287,,133.5121301309645,1,FIN,80,0,-74.54128733067418,user,0.27872357117147295,269.3699845129283,Benign
P003846,TCP,Mobile,Off,EU,1,1,6766.9755368428105,7547.292722205546,126.91753587943552,5,SYN,110,1,-58.9827980228558,user,0.42923464899145847,298.2354961905955,Benign
P003847,udp,Mobile,On,APAC,2,0,4866.906218546294,,84.54338518185087,5,SYN-ACK,21,0,-71.54281370702505,user,0.22844474297627404,282.0734401784965,Benign
P003848,udp,Workstation,Off,US,2,2,4924.737013772361,,98.34130576745149,3,ACK,3389,0,,user,0.3514704712906492,286.6001081160047,BruteForce
P003849,TCP,Workstation,Off,EU,2,1,5637.138717444716,2734.632140003437,144.83750172885533,3,FIN,3389,1,-59.98184748207697,user,0.4382969032041505,296.2241559447157,Benign
P003850,ICMP,Workstation,Off,ME,4,0,28604.19397958544,3968.664224654006,91.61304360052247,7,ACK,3389,0,-38.61712410563668,admin,0.46668245104078465,287.6684632779726,Benign
P003851,UDP,Mobile,Off,APAC,2,1,4739.025829719752,3331.0975054835817,150.4090909880682,3,FIN,110,1,-50.20388496083415,guest,0.41950432764613815,327.1549991473155,Benign
P003852,udp,Workstation,Off,ME,2,2,6216.671062165046,5917.7458760274485,124.27648266679398,5,SYN-ACK,443,0,-57.971379158214816,user,0.28410063476271114,272.4241411145639,Benign
P003853,TCP,Server,Off,APAC,2,1,3579.9144323115643,,131.71738550291417,4,ACK,110,2,,admin,0.2917917440639245,270.001310670051,Benign
P003854,ICMP,Server,On,ME,1,2,5338.265256643855,7748.977507556731,107.88595579180648,4,SYN-ACK,143,1,,admin,0.20898814182832215,308.4526918066544,Benign
P003855,TCP,Mobile,Off,US,2,0,4925.988748443634,5779.8237983138,176.80930232355678,0,FIN,25,0,-57.45359136909846,user,0.035521443485582775,281.78608365729934,BruteForce
P003856,TCP,Server,On,US,2,2,3992.0688405297665,3587.7297685768117,82.64627213279394,4,SYN-ACK,22,1,-47.30844580076159,user,0.15381389151800134,272.9530864769138,Benign
P003857,TCP,Mobile,On,ME,1,1,4991.042652881891,7323.437588475895,150.73705760113555,1,ACK,22,0,,admin,0.3806250708633592,302.3896170088891,Benign
P003858,tcp,Workstation,On,EU,3,0,1010.2973631266082,4933.159957781704,101.28615283613671,9,SYN,22,0,-71.08278034088158,user,0.05923863659523688,283.07650731417726,Benign
P003859,TCP,Mobile,Off,EU,0,0,4285.654891622619,5272.735986340675,150.50185045540903,1,ACK,53,0,-58.83188693253902,user,0.7032991320552486,290.61660958823796,BruteForce
P003860,tcp,IoT,On,US,0,1,5146.16934213011,4020.884170467357,158.37136309475218,10,SYN,3389,1,-51.53659301297385,user,0.16929932315618598,325.5991189854463,Benign
P003861,TCP,Workstation,On,APAC,1,0,4078.5722624112204,3102.785975549147,124.69837874875186,4,ACK,21,3,-47.85379862817467,user,0.3514586051899619,311.5027495611956,BruteForce
P003862,ICMP,IoT,Off,EU,1,0,5877.990462385644,9726.34115666419,146.53942162898457,6,SYN,53,1,-63.6430157141768,user,0.06382692248141583,312.09471843906493,BruteForce
P003863,,Server,Off,US,2,0,4790.638196417232,5839.480272649125,87.10712786967308,7,SYN,22,0,-70.34995547867742,user,0.4791252178031328,293.28219026165624,Benign
P003864,ICMP,Mobile,Off,EU,2,2,4861.791540096316,3466.864612940603,135.23309417382652,5,FIN,80,0,-72.71007653200938,user,0.10584324476538641,306.3379523032301,BruteForce
P003865,UDP,Mobile,Off,EU,0,3,5584.8470636837355,8021.051099832856,146.71193952882473,10,ACK,53,1,-53.885329188791644,user,0.1482166841970929,308.5175492935828,Benign
P003866,UDP,Server,Off,APAC,3,0,5537.112532500939,12251.610873816388,149.29714351330955,4,SYN-ACK,3389,3,-60.743200189013116,user,0.10506390407704784,322.91994920791814,BruteForce
P003867,TCP,Workstation,On,APAC,2,0,4229.898196846061,11293.003271223795,92.19974981623804,4,FIN,21,3,,user,0.4890972234986769,271.3520864916659,Benign
P003868,tcp,Mobile,Off,ME,2,1,4844.652960557238,4335.987518811414,91.0999590586108,6,SYN-ACK,3389,1,,user,0.20201555226456347,277.6448234546764,BruteForce
P003869,,Mobile,On,US,2,1,3864.6345179888613,8641.595786825648,178.12381531500125,4,FIN,80,0,-47.94321171771984,user,0.5500347292654386,299.234101613269,Benign
P003870,TCP,Mobile,Off,ME,1,1,4162.898291415646,8114.582987253707,140.34007004662976,3,FIN,21,0,-40.91487730581591,user,0.2581235215203403,302.6612147391646,Benign
P003871,udp,Server,Off,APAC,2,1,4034.77845471224,7928.374026668227,130.39335414113037,5,FIN,22,1,-62.702549328794916,admin,0.1488367273738422,299.49140548588144,Benign
P003872,TCP,Mobile,On,US,1,0,4863.414248081758,6294.250078958003,130.76843628110146,3,SYN-ACK,21,4,-51.240650627646566,user,0.1424618082271479,278.6164924429946,BruteForce
P003873,ICMP,IoT,On,US,4,2,5242.042374647304,8461.926337018234,127.75572172898325,7,FIN,143,3,-56.89034018103564,user,0.510269665973122,294.0672929894374,Benign
P003874,TCP,Server,Off,ME,1,0,4500.139956224322,5333.623251023987,120.89725736588028,5,ACK,25,2,-53.998209129094775,user,0.6198031671820655,307.24031126064006,BruteForce
P003875,tcp,Server,On,US,4,1,1767.4841033895996,,133.72333870056843,5,SYN-ACK,53,1,-74.02461484401397,user,0.4603580519516149,297.3942450296497,Benign
P003876,ICMP,Mobile,Off,APAC,2,2,4885.635017295429,11085.727703767116,107.1800232155954,5,SYN-ACK,443,0,-50.57178487853208,user,0.1913865305439813,294.50161409620887,Benign
P003877,ICMP,Server,Off,ME,2,1,20740.777903937218,7391.099304266634,85.50109290844654,3,SYN,80,0,-59.7360271212554,guest,0.35345097742432846,286.5994026542312,BruteForce
P003878,tcp,Mobile,On,US,1,3,6842.0602025234675,5793.150947677858,158.52183303674198,4,FIN,143,1,-71.80490437026867,admin,0.3414744399962508,293.0227899684865,Benign
P003879,TCP,Server,Off,US,4,1,5684.932989463563,3447.6445115484007,84.5617563387933,8,SYN-ACK,25,2,-39.48900056011378,admin,0.13940216034104402,292.9116297534859,BruteForce
P003880,ICMP,Server,Off,EU,3,1,4255.454015653075,6550.470857937985,80.7972460813562,5,SYN-ACK,80,2,-63.93048768966075,admin,0.44576178002007266,266.2556562219653,Benign
P003881,UDP,Mobile,Off,ME,3,1,2110.443513846877,4946.070480090825,115.7500915156113,6,SYN,443,0,-64.17882512232512,admin,0.07617151362196393,287.10352532879614,Benign
P003882,tcp,IoT,Off,EU,2,1,2849.873477154902,4861.768233395637,103.9342401561587,4,SYN-ACK,3389,1,,user,0.031298297746494556,257.3287624287079,Benign
P003883,TCP,IoT,Off,APAC,5,2,6967.379977356122,6234.284633372352,140.16984126305883,7,SYN,53,2,-77.41644974733907,user,0.21478622375757944,315.8104547296118,Benign
P003884,TCP,Workstation,Off,APAC,5,0,3739.649003662672,8836.173261330192,83.74511472570592,6,FIN,53,2,-53.19885770040356,user,0.0650813244163939,268.8748025071255,BruteForce
P003885,TCP,Server,Off,US,1,0,6591.433562365917,6338.648590286734,111.63520691055987,8,SYN,3389,1,-73.68102500291617,user,0.09614838134783871,297.2336061515952,Benign
P003886,tcp,IoT,Off,APAC,1,1,4435.707639077156,8918.425393135534,67.73541479376848,4,ACK,53,2,-58.63324497582518,admin,0.5803837795162363,291.6902512813299,Benign
P003887,UDP,IoT,On,EU,2,0,4431.532033284805,4417.8625575783235,106.21704845206732,11,FIN,22,0,-49.23796903418723,admin,0.221050630377049,315.6178230731741,Benign
P003888,UDP,Workstation,On,APAC,0,2,6557.609844777393,6856.488337051829,113.67345133553472,5,SYN-ACK,25,0,-67.99234762842275,user,0.49866796118631607,279.8257783927615,Benign
P003889,UDP,Mobile,Off,EU,1,1,5674.333843530594,4769.303413274423,120.57613902323571,10,SYN-ACK,3389,1,-70.53799189824547,user,0.306764744061677,313.36882173596115,Benign
P003890,ICMP,Server,Off,EU,1,0,4950.760187301045,7248.153865315423,95.5921197144807,4,FIN,110,2,-57.88324555390763,admin,0.40840224771025746,280.18623200105276,BruteForce
P003891,UDP,Workstation,Off,ME,2,1,4914.041600192721,6133.691523177827,157.48516254421753,8,ACK,25,1,-72.48253664593413,user,0.0638334809281549,293.20531979560695,Benign
P003892,ICMP,IoT,Off,APAC,0,2,3063.2456948626314,6051.805412203571,118.95491778346378,3,SYN,22,0,-50.41563336848047,guest,0.4557424058359104,307.61304216268354,Benign
P003893,TCP,Workstation,Off,EU,2,4,4114.856226651832,6988.633411118879,112.5573492935323,5,SYN-ACK,443,0,-57.20497934473912,user,0.2621780738004017,288.5069338370281,Benign
P003894,UDP,Workstation,Off,EU,2,2,4299.623464031711,7508.212622103156,90.18834324410551,2,FIN,22,1,-63.15827399626627,guest,0.0746336993531489,242.49542729812043,Benign
P003895,tcp,Workstation,On,APAC,2,1,5290.755950821849,9774.135216404964,116.19265704641332,4,SYN,53,2,-55.64290994851378,user,0.0918207233108239,294.42945634125743,BruteForce
P003896,UDP,Workstation,Off,ME,2,0,3549.855184937197,9472.837918498393,121.59853492211,7,SYN,143,1,-55.53885653544244,user,0.08444283542850489,302.5169383887731,Benign
P003897,TCP,IoT,On,US,4,0,3656.698038034136,6016.024223455632,142.6189053190997,4,SYN-ACK,53,3,-62.69788136651241,guest,0.20249599808955707,301.75825618645473,BruteForce
P003898,udp,Workstation,Off,EU,3,0,6372.686345173407,6075.102749735066,111.57162053337187,4,ACK,53,0,-70.7182485490056,user,0.05431699859962972,266.11099071095697,Benign
P003899,UDP,IoT,Off,EU,0,0,7021.271512549427,3484.3560023920754,84.49489144435543,6,SYN,21,1,,admin,0.29358737399044876,277.575571581104,Benign
P003900,UDP,Mobile,On,EU,1,2,5129.436243979229,6348.41887227358,69.24474562777269,4,SYN-ACK,3389,0,-50.59692194879829,user,0.3211845371134381,252.24180283987133,BruteForce
P003901,TCP,Mobile,Off,ME,5,0,5609.899264375681,,139.6695660180557,4,SYN-ACK,53,1,-62.55298347931141,user,0.2746883849262371,335.9371464875534,Benign
P003902,,Workstation,On,APAC,2,1,3483.3261543547083,9043.03593015198,91.39422721148141,4,ACK,21,0,-61.973988580036014,admin,0.4636157487867345,269.63590217469874,BruteForce
P003903,,Mobile,Off,US,1,2,5647.146430030623,7295.964556545512,88.96964938083056,2,FIN,110,1,-71.1027389722601,user,0.3570061968858076,269.03890937327185,Benign
P003904,UDP,Server,On,ME,0,0,3998.1852604050955,5295.992044373994,62.08513496283958,5,ACK,53,0,-57.39950384733541,admin,0.2973906045885819,264.2266594360489,Benign
P003905,TCP,Workstation,Off,EU,0,0,7049.166962996238,6237.07653896844,133.85549308753124,5,SYN-ACK,21,0,-47.71707909082545,user,0.370293953610491,303.401022109227,Benign
P003906,TCP,Server,Off,EU,1,0,5966.409853923839,5304.4406424876215,124.70739062293818,5,SYN,143,2,-61.1446293675148,user,0.18391970509800726,299.369561899514,Benign
P003907,TCP,IoT,Off,APAC,3,2,5564.441474388628,5692.913603881883,173.37184308933897,4,FIN,443,0,-69.97826514998022,guest,0.49138042452039704,326.1075061400773,Benign
P003908,TCP,Server,Off,APAC,1,0,5746.558913725253,7210.194774641035,133.66197700050978,9,ACK,22,1,-50.00699258834649,user,0.43945701346991517,294.29526325971483,Benign
P003909,UDP,Workstation,Off,APAC,2,2,4419.671504113579,9279.57341947552,183.7041769030858,9,SYN-ACK,21,1,-53.80069942573442,user,0.1328264196301236,327.51527898602495,Benign
P003910,UDP,Server,On,US,3,0,2907.4001211916066,6509.7142781399725,106.42373718245896,8,ACK,22,1,-51.411588183893464,user,0.3750495994287287,288.2408091933154,BruteForce
P003911,UDP,Workstation,Off,ME,2,1,3701.51680137792,6040.806767479041,87.75572081600158,6,SYN-ACK,3389,1,-64.92923735170618,user,0.35181205346356154,279.26390460590255,Benign
P003912,TCP,Mobile,Off,APAC,3,0,8300.552490460772,10041.040234028998,636.0006076250313,5,SYN-ACK,25,1,-73.84710496181182,user,0.4862482679696603,324.98220560101004,BruteForce
P003913,UDP,Server,On,US,2,2,4285.374473751813,9270.049409760297,126.81114349981138,4,FIN,3389,3,-66.85937264495857,admin,0.09309929521858709,282.4094604967137,BruteForce
P003914,TCP,Server,Off,EU,2,4,5572.098939878642,4472.486622912928,93.45136369450688,5,FIN,21,1,-68.12067162791989,guest,0.5305774067697102,294.9649217400999,BruteForce
P003915,TCP,Server,Off,EU,3,1,6186.445687843857,6346.518935178085,93.71371608391857,4,SYN-ACK,3389,0,-73.89207424039833,user,0.5219234043622398,249.6100357757909,Benign
P003916,TCP,Server,Off,ME,4,0,3255.5178954362273,5490.149371007438,157.75233958760265,3,SYN-ACK,21,1,-54.085618995493384,admin,0.1382664279423198,314.32268386580324,Benign
P003917,TCP,Server,Off,EU,3,2,5493.426568990216,7461.091174726716,115.14523866038368,3,FIN,53,1,-45.50410290325968,user,0.18120897298450714,286.5680347340033,BruteForce
P003918,TCP,Workstation,Off,EU,3,0,5489.72497904927,5914.5593862297155,137.57565616984493,4,SYN,80,1,-72.55305798760165,user,0.1744608740050457,310.5162150211407,Benign
P003919,UDP,IoT,On,US,2,0,5126.238246180979,3591.6108124802995,102.33670874926213,3,SYN,3389,2,-62.13951499701474,guest,0.12576436987540215,308.3919710780427,BruteForce
P003920,UDP,IoT,Off,EU,1,0,6886.700489369816,6372.79710322039,149.12119398275334,6,SYN,21,0,-38.43531747499448,user,0.6765512868996514,317.71573679112333,BruteForce
P003921,TCP,Mobile,Off,APAC,1,1,6497.6742802647805,5403.961886808403,90.24350837574067,7,SYN-ACK,3389,1,-58.837108901304745,user,0.2586403572944095,291.4099640480307,Benign
P003922,ICMP,Mobile,Off,APAC,2,1,5615.579728474919,6507.576578963432,119.82759096101456,4,SYN,143,0,-31.171492302240434,user,0.271981797539639,276.2464173257199,Benign
P003923,TCP,Mobile,On,ME,3,2,4481.280969070103,4304.654676783009,124.29812945691864,4,SYN-ACK,22,0,-72.55697472166214,user,0.5581924112735099,303.6039067399412,Benign
P003924,tcp,Mobile,On,ME,1,1,5573.4987199545785,9729.02543937046,114.73232837885662,4,FIN,53,2,,guest,0.5650265948775343,288.5629084282829,Benign
P003925,TCP,IoT,On,APAC,1,0,3945.8276039644943,7325.151062458523,129.2069075753986,7,FIN,3389,1,-76.57993002699163,user,0.03774538413169908,329.7794603719523,BruteForce
P003926,TCP,IoT,Off,APAC,4,0,306.03579574151263,5395.814343877998,83.0106700319058,9,FIN,443,0,-66.76989101076458,user,0.6248022001892866,257.6970549196508,Benign
P003927,TCP,Mobile,Off,APAC,1,0,5318.459344292087,6249.235424672969,140.12341303840245,7,SYN,3389,0,-52.464204271314706,user,0.27050257424537416,314.5426469028702,Benign
P003928,TCP,Mobile,On,US,1,1,6927.623289254722,6335.231318044985,88.5021448330671,2,FIN,21,0,-65.49812279959968,user,0.05847765458815418,300.40607654238744,Benign
P003929,TCP,IoT,Off,US,2,0,3914.839262429929,6201.498003590025,99.45575596513822,7,SYN-ACK,143,4,-72.01139379611158,admin,0.03522500950723058,274.69134884078926,Benign
P003930,TCP,Workstation,Off,APAC,2,0,4108.237713820967,6550.647304392427,139.98296276041012,5,FIN,443,0,-77.4416467751757,user,0.11222275636648864,297.20399969381833,Benign
P003931,UDP,Server,Off,US,2,2,3463.604739754729,5620.7702060595275,83.47363635379537,11,ACK,21,2,-61.52903711247152,user,0.4965265599968056,273.82650662578646,Benign
P003932,udp,Mobile,Off,EU,1,1,7276.7053096211785,9011.0134906375,147.6436716017601,3,SYN-ACK,110,1,-54.33451286539783,user,0.18982677554733846,320.2096580507681,Benign
P003933,TCP,IoT,Off,EU,4,3,5323.038933066098,6374.789764852319,95.41833248757695,7,ACK,80,0,-72.412252917578,user,0.2667848053935014,270.7916353801643,Benign
P003934,TCP,Server,Off,EU,2,0,1615.1246115729296,8815.002075852213,149.32074627329195,7,SYN,110,0,-79.29476446749992,user,0.22995497659165134,315.28095174085223,Benign
P003935,TCP,Workstation,Off,APAC,2,0,2209.5821241890826,3632.24154535149,165.20339278577217,8,SYN-ACK,21,2,-77.67562056654918,user,0.4110974375725005,328.7765127710966,Benign
P003936,tcp,IoT,On,ME,2,0,7323.514444727058,5352.01781355374,89.44665563040941,6,ACK,80,1,-40.06245428017617,user,0.42594064068277404,294.31354429074537,Benign
P003937,UDP,IoT,Off,US,2,1,4104.9233207348425,3246.538213534141,140.78134672341358,3,SYN-ACK,80,0,-45.14088987569333,user,0.17110157962987577,284.3792701145856,Benign
P003938,tcp,Workstation,Off,ME,0,3,5739.929104906011,4252.664263353696,143.83965802742895,3,SYN,143,4,-63.30217398969991,user,0.4099391672493863,283.224603753646,Benign
P003939,udp,Server,Off,US,2,0,5014.408541386971,7196.567992456813,89.7613401457781,0,FIN,21,1,-62.731701826601174,user,0.26521366228380455,279.22136487809337,Benign
P003940,TCP,Workstation,On,US,1,3,5673.433050203906,4379.293376944759,108.84215023314728,1,FIN,53,1,-52.94824424038747,user,0.2679971417043909,269.1706784031688,Benign
P003941,UDP,Mobile,Off,US,0,0,5015.9906261001615,3432.204084680949,141.1930560759545,4,FIN,53,2,-66.95028506599749,user,0.4088226628178404,300.10932865887213,BruteForce
P003942,UDP,Mobile,Off,APAC,0,1,5930.927798151794,2978.0591498816434,123.24771264440724,2,SYN,22,2,-70.50002871733756,user,0.09171258862403613,286.4097613059968,BruteForce
P003943,TCP,Workstation,Off,EU,4,1,6258.673882372188,7800.435540865021,96.4185505914474,7,SYN-ACK,21,0,-65.0225704106727,admin,0.14707958390156264,309.669087026408,Benign
P003944,TCP,Mobile,Off,US,1,0,6220.306316807214,5346.498008701391,139.2039263210205,5,SYN,143,0,-75.86054165640171,user,0.04329576394734137,312.8196291222091,Benign
P003945,tcp,Workstation,Off,ME,3,1,4684.247813426546,7728.732474579661,105.81932538007783,5,SYN-ACK,110,1,-59.896473379549256,admin,0.39509405872032616,273.4302808385944,BruteForce
P003946,UDP,Mobile,Off,EU,1,0,3974.202693634824,2648.4980023371972,115.28092470079609,5,ACK,143,1,-57.558380407385656,admin,0.21378392688244283,302.2867320457795,Benign
P003947,TCP,IoT,Off,EU,1,0,3296.8031995595443,4202.660080805337,134.17780884412736,6,FIN,80,1,-67.73284562946473,user,0.12438009364746576,278.6874375391688,Benign
P003948,TCP,Mobile,Off,EU,4,0,4131.177157257454,8688.210259447093,137.66588062965562,9,ACK,110,1,-59.550862963116934,guest,0.4891357932556998,306.698529598297,Benign
P003949,TCP,Workstation,Off,APAC,2,3,5314.595220054264,5045.279763539175,111.9746534756038,1,SYN-ACK,25,3,-58.160989410484575,user,0.17302751617596185,282.06645097767984,Benign
P003950,TCP,Mobile,Off,EU,2,1,4783.690429593626,5400.702795068482,171.94383481905368,4,SYN,110,0,-51.542659737579626,user,0.4771831560444309,317.26067339870445,BruteForce
P003951,UDP,Workstation,On,US,4,1,4631.183413086129,8422.64126101,114.83851581739381,4,SYN-ACK,22,0,-50.50904969050948,guest,0.17006816574623268,290.6707536953168,Benign
P003952,TCP,Workstation,Off,EU,4,4,3282.8512936412017,5514.796256159423,117.22060514581045,7,ACK,21,0,-43.3731435416517,guest,0.19307738351729653,289.7730010972298,Benign
P003953,TCP,Server,On,APAC,0,1,5773.476302574602,7080.994749325898,71.45102643609906,4,ACK,22,1,,user,0.21404835791044072,273.19774675185295,Benign
P003954,TCP,IoT,Off,US,1,2,4338.595310893532,6916.678276368684,74.18760418364805,1,SYN,21,2,-62.15904424729304,user,0.1510045664357539,237.6824353916669,Benign
P003955,udp,Mobile,Off,EU,1,3,5611.756714120521,5664.854830476455,162.6851499553479,4,FIN,53,1,,admin,0.3054409663991918,299.9125376533155,Benign
P003956,,Mobile,Off,US,0,1,5864.489594544899,5016.381146542889,159.48144748730255,3,FIN,25,1,-54.49173073089469,admin,0.2996723478600574,307.60675997313234,BruteForce
P003957,tcp,Mobile,Off,EU,1,1,3773.8485760812773,,134.5583536158557,2,SYN-ACK,25,1,-75.2717100643952,user,0.36379780317544935,312.8976452792765,Benign
P003958,TCP,IoT,Off,APAC,1,1,2062.509524434157,,141.447383646734,5,ACK,443,0,-59.525283918987384,admin,0.08105434698537377,305.31185251807585,BruteForce
P003959,udp,Mobile,On,EU,2,1,3685.1810411616925,1514.0901668919078,55.61205629052817,5,FIN,3389,2,-59.51420308722914,user,0.6789075970894962,240.87409396647007,Benign
P003960,,Workstation,Off,US,4,0,3314.278163796559,6868.68463006221,124.03266823966374,4,ACK,110,2,-58.330551866356195,user,0.45290373449156207,310.61552214348603,Benign
P003961,udp,Workstation,Off,EU,3,1,3598.2534698157974,4698.317467725993,64.33082391290594,5,SYN-ACK,143,0,-55.615370265848085,admin,0.3782584943198222,261.8404779267062,BruteForce
P003962,tcp,Server,On,US,1,2,4453.637470809963,4899.447821980268,140.23101674978207,4,ACK,80,1,-57.59991548115395,user,0.4777839992599102,306.11572526671796,Benign
P003963,UDP,IoT,Off,APAC,2,0,7756.179234337768,6695.264745140095,145.4750714937501,6,SYN,3389,1,-61.28716725874403,user,0.024464555257674866,306.8692713645524,Benign
P003964,TCP,Server,Off,ME,2,2,6790.852651721021,5705.6909572616105,97.65557976144416,1,SYN,53,0,-63.08493615672875,admin,0.40497755904943433,264.37748662580407,Benign
P003965,ICMP,IoT,Off,ME,4,0,5699.196662867723,5922.345330890066,156.917124089571,1,SYN-ACK,443,0,-66.78405026651232,admin,0.2501693213439341,305.7695150931809,Benign
P003966,,IoT,On,EU,1,2,4613.875201272058,7653.105394987598,99.12359481078028,3,SYN-ACK,443,2,-65.70064960252056,guest,0.3018351350318432,284.1192133022965,Benign
P003967,UDP,Mobile,Off,APAC,1,2,4946.7743058454125,7480.743236798901,100.37681848436665,13,ACK,25,2,-60.212086489777214,user,0.12968131711874753,298.93269889042574,BruteForce
P003968,ICMP,Workstation,On,ME,4,0,4650.9502489311,6651.994249147369,143.85431853009823,3,FIN,80,0,,user,0.33494287013528823,294.92902219026183,Benign
P003969,TCP,Mobile,On,ME,2,1,4169.674622961027,8626.354286765687,95.53862579746946,8,SYN,80,0,-64.44964390252717,user,0.30573124694625703,272.2503222166476,BruteForce
P003970,,Server,Off,US,1,1,6556.665259586112,5267.351950846169,143.68498326713046,6,ACK,110,2,-62.15219246526687,user,0.38508426145492985,292.06921929243686,BruteForce
P003971,,Mobile,Off,APAC,3,1,4714.637190833632,2917.5627024806445,116.8574681211226,5,SYN,53,0,-54.48275381536353,user,0.33075802665823323,300.18998750192543,Benign
P003972,udp,Workstation,Off,APAC,2,2,6140.927595444859,,114.78421756612292,7,SYN,21,0,-49.44381669230267,user,0.17376781992452195,295.09449228896204,Benign
P003973,TCP,Server,On,US,0,2,6856.697777718626,7120.88364462493,835.1212111727225,4,ACK,143,0,-49.480228822722914,admin,0.2939050999690579,334.0865515103858,Benign
P003974,udp,Server,Off,APAC,1,1,5302.43541629105,,82.45924553209609,1,SYN-ACK,143,0,,user,0.3167078887682802,290.157892040887,BruteForce
P003975,TCP,Server,Off,APAC,4,1,4389.996360551284,7364.773017691889,114.78407032174053,9,SYN-ACK,21,0,-33.12270101611665,user,0.3001578670137886,287.6260452157558,Benign
P003976,ICMP,Mobile,Off,US,0,2,5522.519897445687,6982.107159593093,108.4219332941519,4,ACK,25,2,-70.82090427336654,user,0.09994178436892223,268.894499368319,Benign
P003977,TCP,IoT,Off,EU,1,3,2614.05229802545,7637.575754058361,134.7832236600613,2,SYN-ACK,143,1,-50.781640409410045,admin,0.2914930381317698,252.294274453338,BruteForce
P003978,TCP,Mobile,Off,ME,1,0,3933.0458498738653,6427.209270417714,107.71774211817278,5,SYN,443,0,-62.61755187879574,user,0.30350766760687614,307.5768194950892,Benign
P003979,tcp,IoT,On,ME,5,1,5122.428778716223,7685.049103591135,95.66859231355906,2,SYN,80,0,-56.13471653622398,user,0.1826587661174297,272.6933908780875,Benign
P003980,,Mobile,Off,EU,1,1,2369.0144979963998,4765.086724669479,105.88882583287597,9,SYN-ACK,110,1,-52.97803576079311,user,0.12209417452040164,287.4114738513528,Benign
P003981,UDP,IoT,Off,ME,6,0,4375.822705450104,7941.948311523434,143.2943755035617,8,SYN-ACK,143,0,-72.195005003692,user,0.17413211167855588,323.29541949781697,Benign
P003982,tcp,Mobile,Off,US,3,1,3967.776947561274,5189.607211042628,149.8706596840659,4,FIN,3389,0,-68.92371459276025,user,0.42289724349146696,313.374512760783,Benign
P003983,UDP,IoT,Off,APAC,0,3,6060.546287943687,5684.655858512215,105.83315897571276,8,SYN-ACK,443,1,-64.16830465817726,user,0.30676432433970036,309.8050302839014,Benign
P003984,TCP,IoT,Off,ME,2,2,6265.206194865898,5097.125473543131,123.93822483118619,3,FIN,110,0,-51.55088061254427,user,0.4053103136199245,294.7781563035666,Benign
P003985,TCP,Workstation,On,ME,0,0,4432.552936195287,3352.8824222603216,129.95153636092758,2,FIN,80,2,-48.78926766882909,admin,0.08566119067681495,291.12505232183315,BruteForce
P003986,TCP,Server,Off,EU,0,1,4092.1796440378043,6163.961652839445,101.42666462382834,2,FIN,25,0,-45.01086845356607,user,0.19946850231546198,300.78533520210993,BruteForce
P003987,TCP,Server,Off,APAC,2,0,4035.8918439706495,5175.866447219297,116.52848675756573,5,FIN,80,1,-50.903253963457345,guest,0.2748605070766292,290.0918855604139,BruteForce
P003988,udp,Server,Off,APAC,1,0,4225.401915547056,3383.533990333748,180.86019688065443,10,SYN-ACK,80,0,-68.30381073873988,guest,0.507138350901156,334.4151315810396,BruteForce
P003989,UDP,IoT,Off,ME,1,1,4559.480816121387,8687.802817092519,200.23622083088154,5,SYN,25,1,-82.15712349099309,admin,0.33448633182893167,326.84079672364044,BruteForce
P003990,TCP,Mobile,Off,APAC,0,0,2236.6590384271976,5917.848608282731,148.67937361040276,5,FIN,22,1,-62.632433733018246,admin,0.6986333990806637,303.94513719813267,Benign
P003991,TCP,Workstation,Off,US,1,1,7245.2369375049675,11369.236884057107,122.51406625423178,4,SYN,110,0,-67.38619458924325,user,0.4680969732775701,309.7321872218258,Benign
P003992,UDP,Workstation,On,APAC,2,1,6051.062236041703,4859.097863679047,155.53608256371157,10,SYN,21,0,-44.66465711564041,admin,0.20466211801657794,322.1979709784562,BruteForce
P003993,UDP,Server,Off,EU,3,0,27091.181026563536,7962.158588462125,112.86697192186703,3,ACK,3389,1,-74.09627642173102,user,0.33426225925082126,286.8271280321535,BruteForce
P003994,TCP,IoT,Off,US,3,1,5683.408374520166,6636.9383750631105,116.75488156796497,7,FIN,53,0,,user,0.3070764734440342,290.51956799795585,Benign
P003995,UDP,Mobile,Off,US,6,0,4948.665850601564,4456.935747272972,131.51143039634658,5,FIN,53,0,-62.87502493664462,user,0.39309499905222883,276.14933141211986,Benign
P003996,ICMP,Workstation,Off,US,1,1,5724.889038051387,4777.079336661563,170.2365825876199,3,SYN-ACK,110,1,-35.73515125165501,user,0.6086560637457787,316.930933502702,Benign
P003997,TCP,Mobile,Off,ME,2,1,2032.972628280812,6886.97452327596,137.46139274718587,2,SYN,80,0,-63.9181398826195,admin,0.5206662744493011,306.3901835031014,BruteForce
P003998,,IoT,Off,APAC,4,2,6186.8493787223615,7971.49712320706,121.31769166707299,7,ACK,143,3,-57.935452336991986,user,0.2505277806950919,301.097751198269,BruteForce
P003999,TCP,Mobile,Off,ME,1,0,4075.795055331533,4091.4489342122283,137.75687848984307,3,SYN,25,1,-53.413774210742204,guest,0.08930417650626742,290.9279038599712,Benign
P004000,ICMP,Workstation,Off,US,1,1,5769.736664412883,6910.210676648417,138.73204188253288,7,SYN,80,0,-67.876702846372,user,0.28538601322531093,320.54669368528687,Benign
P004001,TCP,IoT,Off,ME,1,0,4956.071662925436,5812.609642454335,148.3083456801658,3,FIN,110,0,-46.35438731949789,user,0.12883585541682002,292.84058343889797,Benign
P004002,tcp,IoT,Off,ME,2,0,5652.819636249684,8937.111507409965,105.48843984866296,7,SYN,143,1,-60.18141900837646,admin,0.3018524774895456,282.99968221100755,Benign
P004003,ICMP,Server,On,APAC,4,0,5588.435972899604,6292.980352578555,131.5892605338782,9,ACK,80,0,-55.6260290410936,user,0.19393469905536284,327.9417379342872,BruteForce
P004004,UDP,Mobile,Off,ME,1,1,6131.829864999144,3957.8477357075953,82.62246525941585,8,SYN-ACK,443,4,-65.99008951891936,user,0.12328808921376411,295.30380757722924,Benign
P004005,UDP,Workstation,Off,ME,5,1,7460.143137944546,6518.278791924416,124.76208149632431,6,SYN,443,0,-75.0199631620876,user,0.06978080447759656,299.7188514863388,Benign
P004006,UDP,IoT,Off,US,2,0,5116.246857406445,6325.931554692935,98.8432498624104,3,SYN,21,2,-60.30578035981163,guest,0.16736343872422751,269.56694764748886,Benign
P004007,tcp,Server,Off,ME,3,1,6372.678093179731,8264.909831256287,129.16700313124008,8,SYN-ACK,3389,2,-68.64983815694389,user,0.3024601785672918,299.8447564688939,Benign
P004008,ICMP,Mobile,Off,US,1,1,5148.373918199953,8005.564495674402,92.8730989856925,6,ACK,53,0,-44.73798329198097,admin,0.2532673857860434,288.02226898954757,BruteForce
P004009,TCP,IoT,Off,ME,5,2,6476.734037940914,5815.493770590624,151.2615913080241,2,ACK,21,0,-58.64500614680854,user,0.5809440114533442,298.02675478796385,Benign
P004010,TCP,IoT,On,APAC,4,3,6327.112618480297,6190.15316703238,131.2972355244047,6,SYN,21,2,-60.39162606906833,user,0.2615222955618921,326.92733629524406,Benign
P004011,udp,Workstation,On,EU,0,1,4608.06327367955,5656.344249381152,141.38881788677264,4,FIN,80,0,-63.36694123877525,guest,0.269766301530672,299.0288552343757,Benign
P004012,ICMP,Mobile,Off,ME,2,0,6344.791877765899,4900.347223668686,168.6164768575663,6,FIN,110,0,-64.87485557520336,user,0.2592916566379797,333.7328634172811,Benign
P004013,TCP,Mobile,On,EU,0,2,8977.351212246793,9400.00433281095,83.1419930196029,5,SYN,143,1,-58.12032113553917,user,0.2593743560429607,305.0576539708028,Benign
P004014,,Server,On,EU,3,1,5903.468150361797,6045.396014565782,167.9371967489011,7,FIN,143,3,,user,0.5831920239062568,317.69443185414514,Benign
P004015,TCP,IoT,On,APAC,1,0,7696.469749685277,8137.459716379974,69.24268157431061,1,SYN-ACK,22,1,-69.09701884416981,user,0.11548328035517243,237.29136655290728,Benign
P004016,TCP,IoT,On,APAC,1,0,5685.474591435251,5662.944759969715,141.60889010619735,5,SYN-ACK,143,1,-47.06822729061225,user,0.17910243797355707,293.96389835853284,Benign
P004017,UDP,Mobile,On,US,2,0,4133.615653412582,5990.445942981377,80.51494992080967,8,ACK,80,0,-54.99002730624305,user,0.5776373939047103,287.37077215790396,Benign
P004018,TCP,Mobile,Off,US,1,1,5048.559361402878,,85.29513891140672,6,SYN-ACK,25,2,-76.51398921613831,admin,0.09735691253125424,280.35334653438565,Benign
P004019,TCP,Mobile,On,ME,3,0,3403.842687619225,6047.017115720782,61.279925181861415,7,ACK,22,2,-40.52662946627392,admin,0.23868132977238454,238.3345699693493,Benign
P004020,TCP,Mobile,Off,EU,1,0,5159.880793065927,6408.26614839483,81.00712556805735,3,FIN,53,0,-61.23451414877568,user,0.14358574110684397,276.01242869813916,Benign
P004021,,Mobile,Off,US,1,2,5614.542135008378,,154.16504725585736,7,SYN,110,0,-70.22085852216762,admin,0.15803760739191136,316.37017441883864,Benign
P004022,TCP,Server,Off,US,3,0,4256.31340791492,3715.3489493441302,151.02226165497436,10,FIN,21,0,-52.8882121375287,user,0.3174712536274264,318.61434028344905,BruteForce
P004023,TCP,IoT,Off,US,6,1,3673.935202597391,8136.241092729621,147.99938156985158,9,SYN-ACK,143,0,-61.10294741590544,user,0.4078917745051727,311.7582333351329,Benign
P004024,TCP,IoT,Off,APAC,2,0,7778.628971072772,7200.665857289149,114.99256230448631,7,SYN-ACK,21,1,-72.26623256579457,user,0.17521049142716183,313.98742783215357,BruteForce
P004025,TCP,Server,On,ME,1,0,6356.463392682583,6401.937175307386,176.48261712569547,6,FIN,53,0,-38.19531223063554,user,0.44761511085209943,367.45079801059416,Benign
P004026,TCP,Mobile,Off,APAC,3,0,6501.821547960136,6929.609688527334,108.1429623693309,8,ACK,80,1,-63.91098217951321,user,0.6758341261246754,290.8691823047058,Benign
P004027,UDP,IoT,Off,ME,3,0,5553.054591692266,6773.9060130723565,140.4082280365591,4,FIN,3389,1,,user,0.45134880680057715,318.4635959911306,Benign
P004028,TCP,Workstation,Off,ME,2,0,4289.2414856529,7994.2191845914085,114.77005966721218,8,FIN,21,2,-51.32835213113748,admin,0.10093022461452952,301.6447081410587,Benign
P004029,TCP,IoT,On,APAC,1,2,5428.160803778442,8634.734169528227,133.60275293149323,8,ACK,143,0,-54.67040253225149,user,0.37025691925829635,309.90394634244853,Benign
P004030,TCP,IoT,On,EU,4,0,1388.0154235254422,7971.844812661671,112.0867690921255,4,ACK,110,1,-54.733244930638385,user,0.33365689509564456,247.63345201978342,Benign
P004031,,Server,Off,US,0,0,2025.001317587447,6676.45181689002,159.09311571312574,1,SYN-ACK,21,1,-63.257735679500854,user,0.2642933847719911,301.45041793722373,Benign
P004032,TCP,Workstation,Off,US,1,1,4563.5165851332595,7724.161340358823,90.56554482747927,7,ACK,22,0,-42.818222659045404,user,0.23989173845565134,295.38725454457955,Benign
P004033,TCP,IoT,On,EU,5,0,5482.206337923111,6167.293461716151,137.2273979088524,7,SYN,25,4,-70.00879127145804,user,0.13041891573339856,315.44575918050975,Benign
P004034,udp,Server,On,APAC,0,1,908.2084488641194,5857.486527337979,137.74663093294092,6,ACK,22,1,-56.04946268843241,user,0.5172219949186311,268.4202497950705,BruteForce
P004035,TCP,Server,Off,ME,0,0,5585.947042267341,,136.79378434567903,4,SYN-ACK,80,0,-54.932931723814825,user,0.1437206700704096,320.3464948308227,Benign
P004036,UDP,Mobile,Off,APAC,1,1,6131.716173033382,6146.916833505288,116.22939714981753,8,SYN,80,0,-54.617669145145086,guest,0.22989748746649835,322.9524845299051,BruteForce
P004037,TCP,Workstation,Off,APAC,2,1,5789.254099546293,6195.9703868578135,118.83309237924517,7,FIN,21,1,-54.50692515182459,user,0.2568645257963027,333.4392975286834,Benign
P004038,UDP,Workstation,Off,EU,1,1,3292.656626476006,4043.2025620338823,98.57164501725867,2,FIN,80,1,-61.53118073383548,admin,0.4210159357245197,239.43216293704364,Benign
P004039,,Server,Off,APAC,0,1,5003.437175632918,,101.66003167281357,5,FIN,110,1,,user,0.14317795369199687,311.93938393091383,BruteForce
P004040,TCP,Mobile,Off,APAC,2,2,6677.33662683409,10165.93372135848,149.8811384555145,4,ACK,21,1,-57.39709565566218,user,0.13050220714500033,303.4813472916542,Benign
P004041,TCP,Workstation,On,US,3,1,7677.639652236112,1703.71291889669,163.30525076336204,5,SYN,80,1,-65.09743871025874,user,0.3489481538716733,329.61834221155664,Benign
P004042,tcp,Mobile,On,US,3,2,3210.0080262810116,6088.7903288680245,104.05965768064385,2,SYN,110,1,-44.17037871952797,user,0.4101567837998419,271.69376702002626,BruteForce
P004043,ICMP,Workstation,Off,EU,3,1,5120.8478382797275,4855.185681396203,132.28598133409167,9,FIN,22,1,-46.51449746462153,admin,0.30641084147446207,341.3268795158669,Benign
P004044,TCP,Server,Off,ME,4,1,5412.611577628551,5233.577183549,132.12101703345178,5,SYN-ACK,53,3,-60.26495744036255,admin,0.4258241033114447,297.661268462723,Benign
P004045,udp,Workstation,On,ME,0,0,3917.5623677518497,4192.2106164754205,44.61573521229727,5,ACK,110,3,-41.46300289345752,user,0.10001528920107701,241.6583597334759,Benign
P004046,TCP,IoT,Off,APAC,6,2,5107.465074364993,4698.28422340661,120.88156698939291,8,FIN,21,0,-66.4552187962556,user,0.43474661679281085,275.2564237118725,Benign
P004047,,IoT,Off,APAC,2,0,3793.1838858524416,6927.4837525534895,108.15512214355022,7,SYN,22,1,-65.03990246202014,user,0.24788090932846657,290.2110314200217,BruteForce
P004048,TCP,Server,Off,EU,2,2,4961.245336915613,752.3919199401962,132.91003113719768,3,FIN,443,0,-66.09482477530746,user,0.5457129312157919,289.7232839285957,BruteForce
P004049,,Mobile,Off,ME,1,1,5321.382949631995,5766.789209805831,86.3074692547149,4,ACK,80,1,-62.4533537690192,user,0.2996338552334856,241.49608348683827,Benign
P004050,TCP,Server,On,APAC,1,1,2847.2178273025042,6588.747974166519,85.61953598558839,2,SYN,443,2,-36.45265452140868,user,0.19243125759985757,249.88660291331283,Benign
P004051,udp,Mobile,On,EU,3,4,3630.9112157924296,6043.741146509387,119.32545693370537,3,ACK,110,1,-64.10052166970917,admin,0.4614235090537516,294.1989114720488,Benign
P004052,UDP,Workstation,On,EU,1,1,4443.112107543767,4465.734214889733,112.45794545176896,9,SYN,21,1,-45.562787882165665,guest,0.2764905012322881,308.49959492644865,BruteForce
P004053,TCP,Server,On,US,1,0,4211.613298289691,6823.3902662637265,122.1353867945425,5,ACK,3389,3,-65.90957735177523,user,0.08110032231042634,298.3702625374799,Benign
P004054,TCP,Server,Off,EU,0,0,5153.775845574757,5550.887277453478,118.04330296691445,4,SYN-ACK,3389,1,-74.990403670095,user,0.05381613242378213,266.96936659106154,Benign
P004055,udp,Mobile,Off,ME,3,0,5634.853795448116,5110.215379103551,115.15441686938918,5,FIN,143,0,-58.962370126828866,user,0.20108510516843864,307.9062417958096,Benign
P004056,TCP,Server,On,US,3,0,4382.487753410502,3348.068187322396,803.0187099762445,5,SYN-ACK,53,0,-56.00930897631014,user,0.1511286031253863,277.49947841309404,Benign
P004057,tcp,Workstation,Off,EU,1,0,2851.7651844587085,8883.079230126903,86.8078404865216,8,FIN,53,3,-50.03399875583876,admin,0.05746231406342259,291.352064610263,Benign
P004058,UDP,IoT,Off,APAC,1,1,1473.9144255556694,10832.47509197985,130.55213355097885,5,SYN,22,0,-55.450141391234446,user,0.1753783063480336,293.88840598082663,Benign
P004059,TCP,Mobile,Off,US,0,2,4509.707412270396,5862.097174739251,123.40665555622566,3,ACK,80,1,,user,0.219894103140691,275.82852403095785,BruteForce
P004060,tcp,Server,Off,APAC,1,0,3975.841521357199,5835.538994593424,129.3697537455987,7,ACK,143,0,,user,0.10555289063651888,301.11205940578526,BruteForce
P004061,TCP,Server,Off,APAC,2,0,6712.603822514108,5940.589347264069,122.72507978575486,2,FIN,110,1,-49.95720966390718,user,0.3436188365194504,313.1706784252052,Benign
P004062,UDP,Mobile,Off,EU,0,2,5560.368306842268,5876.136464080193,127.63609395809175,7,SYN-ACK,21,0,-61.742170681096816,admin,0.33958271942990403,292.0106474721633,Benign
P004063,UDP,Mobile,Off,EU,2,0,6747.660043431456,7275.859120118421,142.8050242454443,6,ACK,21,1,-61.05407288329469,admin,0.0964641463020885,327.2688623132578,Benign
P004064,ICMP,Workstation,Off,ME,2,3,5666.0099416361245,5809.519950924609,144.46906321234812,4,SYN-ACK,110,0,-65.22792154126978,user,0.5621572359414212,297.1283169755223,BruteForce
P004065,UDP,Mobile,Off,EU,2,0,6425.696570351288,4002.050464509193,71.489977888434,11,SYN,25,1,-50.169252700720506,user,0.048511574863142656,287.3257133140438,Benign
P004066,TCP,Workstation,On,EU,1,1,5469.043030540805,6773.4837691851135,80.99786708142798,1,FIN,53,1,,user,0.5106765197498947,242.87204284278044,Benign
P004067,TCP,Workstation,Off,US,1,1,3484.1699448759864,6625.403111203609,139.1232313204077,7,FIN,22,3,-36.989393548171705,guest,0.2621254851603113,286.9483231165383,BruteForce
P004068,TCP,IoT,Off,EU,3,4,6131.038344334533,3003.301543615969,126.20421957159859,7,ACK,53,0,-63.5046251799116,user,0.019993081494284023,276.21923707510445,BruteForce
P004069,TCP,Mobile,On,EU,1,1,5298.412835320271,9604.076946998306,124.39607345738655,5,SYN-ACK,143,1,-60.37141887002389,user,0.23799227195698053,286.69688706623845,Benign
P004070,TCP,Workstation,Off,EU,2,1,7082.471558946672,,123.56423288471811,2,ACK,110,2,-41.045983987457575,user,0.5794641105529175,309.0752487830496,Benign
P004071,UDP,Server,Off,APAC,0,1,2700.7041049971153,4601.360277268611,105.37224861083419,4,SYN,25,1,-57.09848444904759,admin,0.30308238875574733,280.05117369359664,Benign
P004072,UDP,Server,On,EU,0,0,4650.354813702101,7995.607488717531,182.09280804415096,6,SYN-ACK,443,0,-48.5197002849489,user,0.10160829379720526,313.3926871733176,Benign
P004073,udp,IoT,Off,APAC,3,1,5337.611115324019,5235.914070142824,165.7343243292829,8,FIN,143,3,-56.12207648200877,admin,0.3417580636804939,298.0124771437311,Benign
P004074,,Server,Off,APAC,2,3,5879.830892144973,7352.034350899337,132.16228406148903,4,FIN,3389,3,-56.975648195652596,admin,0.5047808961255725,287.09123367900753,BruteForce
P004075,TCP,IoT,Off,APAC,3,0,4275.334454478893,4072.359765712642,90.77997119860802,6,ACK,21,2,-33.46396386208865,user,0.1452935179669878,285.45331347152296,BruteForce
P004076,UDP,Workstation,Off,US,1,1,4004.8655342110023,3810.393868791326,137.19512557541486,9,ACK,25,1,-69.6379916428926,user,0.36460575545421714,282.54216119552984,Benign
P004077,TCP,Mobile,Off,EU,0,2,6009.653986170716,5880.867361997186,144.24470778183576,10,SYN,110,0,-80.96020500087239,admin,0.4674306976006767,328.76428910257613,BruteForce
P004078,TCP,Server,Off,APAC,1,0,4009.8482864890116,5193.768142253702,88.99267377403015,5,FIN,443,0,-58.64058543141561,user,0.20342535296091882,273.66398498952213,Benign
P004079,UDP,IoT,Off,APAC,1,1,5000.096184325604,5294.653198012332,116.36788443810033,2,SYN,25,0,-44.30079299597182,guest,0.09027318623027011,283.0141407886715,Benign
P004080,TCP,IoT,Off,ME,0,1,4373.543286160497,9029.23380052813,113.76419146407302,5,FIN,53,1,-70.02276256394607,user,0.21139325827629737,291.51813423668005,BruteForce
P004081,TCP,Mobile,Off,APAC,5,3,5472.939507532911,6449.318342164002,144.34873579910808,5,ACK,443,1,-50.61449633750416,user,0.12396397553009957,320.7407507945019,Benign
P004082,,Mobile,Off,EU,4,0,6268.355331767383,6459.946086115576,123.41655491274935,4,FIN,53,2,-56.245918924884386,user,0.1354575323600128,304.32503206730104,Benign
P004083,UDP,Workstation,On,US,3,4,7544.039824003161,,140.74927378233085,4,SYN,143,1,-58.21385117593247,user,0.13166946341538122,309.70234318284207,BruteForce
P004084,UDP,IoT,Off,EU,1,0,3691.23568206691,7460.565389662563,56.13362337899242,5,SYN-ACK,3389,1,-60.94424342492712,user,0.15799352909435552,266.1995248893393,Benign
P004085,ICMP,Server,Off,APAC,1,3,3831.064083035435,5154.130683572198,86.6462308399007,5,FIN,443,1,-57.65576620880808,user,0.09974677103020836,280.67699680810546,Benign
P004086,TCP,Workstation,Off,ME,0,4,6067.331007511043,7916.4270713425485,172.6788363571414,7,SYN-ACK,53,1,-48.09057874831669,user,0.22500925874213373,338.45216318865664,Benign
P004087,TCP,Workstation,Off,ME,1,1,6467.768363745696,10140.827561260263,131.5330229476738,5,ACK,25,1,-56.84637819843023,user,0.45899028792137125,305.91812210625864,Benign
P004088,TCP,Server,Off,APAC,3,2,6551.285408184574,8107.5664879201395,68.41520563877515,6,ACK,143,3,-62.27106756032868,user,0.20487737649702537,266.40578824898313,Benign
P004089,TCP,Mobile,Off,US,0,2,2682.187246331296,10482.965106017673,104.32179838738193,3,SYN-ACK,443,2,-70.13026615249998,user,0.4574865349648874,260.07466033689474,Benign
P004090,ICMP,IoT,On,APAC,1,1,3768.514324365172,5588.546693556645,83.45683595745902,6,SYN-ACK,3389,0,-47.655064115338874,user,0.1573981601194181,287.8265298065592,BruteForce
P004091,,Server,Off,APAC,6,1,4354.576465418325,4263.608788081022,88.03185069475725,5,FIN,25,2,-43.26340205299991,guest,0.09382853917107158,283.0668189755542,Benign
P004092,TCP,IoT,On,APAC,2,0,6397.89892862783,4402.756347441548,98.01154880307116,4,SYN,53,0,-68.77025231835908,user,0.2762340337868522,283.86521698560483,Benign
P004093,udp,Server,Off,US,1,0,5647.674399299663,6016.4267751146745,170.60213286860858,3,ACK,110,2,-71.95205792643291,user,0.4059953362806374,324.5386907337453,BruteForce
P004094,UDP,IoT,Off,APAC,1,3,4076.730345144757,7648.642862208986,150.62536703435217,3,ACK,3389,0,-54.45376567002988,user,0.25134225379505865,313.63674014912567,BruteForce
P004095,udp,Workstation,On,EU,3,0,2070.5541164699625,6320.797547126782,122.02676001266657,6,ACK,80,1,-61.44273731742582,user,0.2670637540270577,294.25954084903435,Benign
P004096,TCP,Server,Off,ME,4,3,3807.7032197626622,5061.395742090697,124.291347792413,6,FIN,53,0,-61.637542029415165,user,0.2966720468224014,287.6348113625668,BruteForce
P004097,tcp,Server,On,US,3,0,3155.748864278053,2099.9912029898996,110.92891266199842,6,SYN-ACK,143,0,-47.663906319683406,user,0.18351749749050447,306.4689937640715,Benign
P004098,ICMP,Server,On,EU,4,0,3452.4735477099484,5704.590589145332,128.08816546191684,7,FIN,25,1,-64.82276384179964,user,0.17626182236291552,298.29947121864626,BruteForce
P004099,TCP,Mobile,Off,US,3,1,6731.623554633813,6548.908148793176,88.34365128610511,2,ACK,25,2,-61.46344899950051,user,0.19342534399280528,255.4488985160076,Benign
P004100,UDP,Server,Off,US,3,0,4195.447995123889,4750.939408116614,121.04636187176835,5,ACK,110,1,-66.69640897960656,admin,0.5272305963293258,307.72901214022545,BruteForce
P004101,ICMP,IoT,Off,EU,3,0,6304.428869379699,4871.239645238816,114.12740028210962,5,SYN,21,2,-65.58078232859573,user,0.5966896024481709,304.4393676565658,Benign
P004102,tcp,IoT,On,US,1,2,3559.721830432368,2928.902033801246,91.6248627551946,6,ACK,110,0,-70.8623889916674,user,0.48029121494432664,280.55875338177407,BruteForce
P004103,TCP,IoT,On,APAC,0,2,5173.306386481678,6932.674714793396,61.14053631504176,4,SYN,80,0,-68.66857412563203,user,0.4180648311799318,267.333061709037,Benign
P004104,TCP,Mobile,Off,US,5,2,3573.364915693842,4626.758005324417,74.6827355301831,7,SYN-ACK,443,0,-59.0565362582411,user,0.40194144117238656,280.49480757135905,Benign
P004105,TCP,Server,On,APAC,3,0,7220.96639146981,6141.417099670073,125.64332852064517,10,ACK,143,1,-53.790925400169144,user,0.27277906967682575,305.6913834327333,Benign
P004106,TCP,Workstation,On,ME,2,0,5866.6113127684275,4997.608123225376,176.2001167653002,4,SYN,21,1,-62.27619727505585,guest,0.1309460966826451,291.95463924024614,Benign
P004107,TCP,Mobile,Off,EU,2,3,4630.283477635876,7213.175286213523,107.48432907155377,4,FIN,110,0,-74.64405024845203,user,0.3669848434723732,269.9524454596575,BruteForce
P004108,TCP,Server,On,EU,2,1,3969.751488353584,5612.924392936669,110.1026015518008,1,ACK,22,0,-72.55700057883094,user,0.05777993121314497,274.184614422862,Benign
P004109,tcp,Server,Off,US,1,2,7074.555181814245,3787.933647554159,152.6503001338361,5,ACK,53,1,-68.63729126930868,user,0.07175267226479255,306.86986409014,Benign
P004110,TCP,Server,Off,EU,4,2,6444.995106789907,2283.8304938644155,135.55894999844733,5,SYN-ACK,53,2,-45.773121536280854,user,0.25267039516788636,316.1081175029414,BruteForce
P004111,TCP,IoT,Off,ME,2,2,3736.3407006613684,7554.697902839558,99.54360847322036,12,ACK,22,1,-53.035229594524054,admin,0.13092114492650714,316.4216176507513,BruteForce
P004112,tcp,Mobile,Off,ME,2,2,4339.254587108095,2551.235892410283,98.62908146897004,4,SYN-ACK,80,0,-55.59542318463905,user,0.38315481163207277,297.56441336488024,Benign
P004113,UDP,Mobile,Off,ME,3,0,6635.697838024669,5135.0838642192275,166.80709601877953,7,SYN,53,0,-72.43116873094698,user,0.05919077464464526,325.7342391820559,Benign
P004114,UDP,Server,Off,US,1,0,6591.181821270226,7970.164859181767,102.20133618825741,10,SYN-ACK,53,2,-61.57195681356927,guest,0.36042766312857977,305.9115647699739,Benign
P004115,UDP,Workstation,Off,ME,2,1,25946.64285036091,5611.7205248152795,122.78649402975849,5,ACK,443,1,-53.581075813146796,user,0.27284318645970973,264.8193397374375,Benign
P004116,udp,Server,Off,APAC,4,1,5092.670826376434,6327.550495382413,109.47035502304414,7,SYN,3389,1,-65.29589099616743,admin,0.17214327778710958,289.2722679840727,Benign
P004117,TCP,Mobile,Off,APAC,1,1,3165.4827478087273,5792.08156738422,150.08004471729927,4,SYN,143,1,-71.58903906789214,admin,0.3768188560739675,294.1231915733952,Benign
P004118,udp,Server,On,APAC,2,3,5103.020006574246,6830.225972568187,140.38581455966934,1,SYN-ACK,53,0,-37.989699916731624,user,0.41381819648040663,332.88843347675254,Benign
P004119,UDP,Mobile,Off,EU,1,0,4032.049997692948,4718.229573823361,126.80634125839451,8,FIN,80,2,-63.401823457955885,user,0.4826149528325628,312.54178277047237,Benign
P004120,UDP,Workstation,On,EU,1,0,8444.129202342729,6455.813546924796,191.92094665727524,4,SYN,25,1,-57.06429341349441,user,0.5546360114269347,337.8187908883652,Benign
P004121,ICMP,Mobile,Off,EU,3,1,4348.505357353058,2690.650239985975,74.2776136864156,3,SYN-ACK,143,0,-46.38196331719364,user,0.5095144965595075,240.3990183297993,Benign
P004122,tcp,IoT,On,ME,2,1,4031.8663210127243,4903.027316356118,110.17375867131983,10,ACK,21,1,-72.51299706306995,admin,0.5968254028223925,294.729112482966,Benign
P004123,TCP,Server,Off,EU,2,1,770.0428985487324,2649.4682937943044,159.47592330600318,6,FIN,22,0,-60.86246010920203,user,0.4337366618480439,306.12630034652244,Benign
P004124,UDP,Server,Off,US,5,1,3872.1385165672946,2735.631939651467,118.24947984577994,3,SYN-ACK,25,1,-61.538694810703895,user,0.13048383305732347,270.47567458927693,BruteForce
P004125,ICMP,Workstation,Off,APAC,2,4,4129.228365653508,7100.47954812098,147.25004522257686,3,FIN,25,0,-31.811995604540932,user,0.2946434094813897,291.3047240525643,Benign
P004126,TCP,Mobile,On,APAC,2,1,4535.368718340962,7130.528215594571,87.58322177249184,1,SYN-ACK,21,0,-60.79116662059581,user,0.4401581582865222,267.21802622968937,Benign
P004127,UDP,Server,On,EU,4,2,3289.7556055905698,3519.2719181812677,101.03046630237381,7,SYN-ACK,3389,3,-74.2800899834964,user,0.5018929097094335,250.74197830270091,Benign
P004128,TCP,Mobile,Off,APAC,1,3,5182.278484625535,2637.588497325652,120.5032537490622,3,ACK,21,2,-53.257205439302616,user,0.2705388889770772,289.86873384893045,Benign
P004129,TCP,Workstation,On,ME,1,1,5933.2929599161225,3949.62844354905,148.39438757873688,6,SYN,25,0,-61.05513544671638,user,0.22356899453558116,287.1143615575064,Benign
P004130,ICMP,Mobile,Off,ME,1,1,5463.748560990631,3657.50647907068,110.04365934282997,2,FIN,22,1,-59.618877364045346,user,0.3448531545202665,295.04384530466655,BruteForce
P004131,,Server,On,APAC,3,1,2823.9015435407755,1939.3989861421464,90.51271541357377,2,SYN,443,2,,user,0.2681349545101995,277.41968381708625,Benign
P004132,UDP,Server,On,ME,0,0,5271.904189524682,1512.5864115247286,94.01505549952077,4,SYN,3389,2,-74.99755334589584,user,0.05195511649464824,292.6604536721175,BruteForce
P004133,TCP,IoT,Off,ME,1,2,5463.624211328045,6210.809626282321,75.99165985654156,3,SYN-ACK,21,1,-66.9907430015217,user,0.5705630634904614,258.3393141797026,Benign
P004134,TCP,Mobile,Off,APAC,4,1,6138.023409721177,6345.313041350063,111.14379375373665,5,ACK,443,1,-71.04789211036048,user,0.672615263211182,301.66863942986424,Benign
P004135,udp,Workstation,On,ME,1,0,5026.049289786447,8356.666163744558,193.67088999427864,5,FIN,22,1,-64.08093050705654,admin,0.44964517544921295,331.012051401076,Benign
P004136,TCP,Server,Off,US,2,1,7531.6412893304205,3887.9956383083554,129.50740662068824,8,ACK,110,2,,user,0.3625339981614756,323.1279577800276,Benign
P004137,,Workstation,Off,APAC,1,0,6615.287747092961,9238.318791118078,101.96956879779155,4,SYN,53,0,-63.06338605244233,guest,0.2836886692984777,277.28306380964364,Benign
P004138,UDP,Server,Off,APAC,1,3,3791.8060602533283,4268.033481630738,86.2316300643497,5,FIN,110,2,-63.35405137807159,user,0.2866017856215671,268.14686465593354,BruteForce
P004139,UDP,Mobile,Off,APAC,3,1,6713.354538380069,4412.010846476425,158.52854617985113,7,SYN-ACK,443,0,-61.591692065941416,user,0.19579082134402206,339.02419556718655,BruteForce
P004140,ICMP,IoT,Off,US,3,0,5401.6364028062335,,124.70254368688678,8,SYN,143,1,-50.77032463380587,user,0.36822141973145056,304.02718595953075,BruteForce
P004141,UDP,IoT,Off,US,3,2,7141.101416483589,4511.497234338702,104.95053522384659,4,SYN,80,3,-55.4387008798401,user,0.26899377265100116,295.7542884843005,Benign
P004142,TCP,Server,Off,EU,2,0,3246.722850151507,4623.0298936304225,148.69375963390368,5,SYN-ACK,22,0,-79.7916100423632,user,0.25058873499054934,315.9393090975668,Benign
P004143,UDP,Mobile,Off,US,3,1,3936.4495726007426,12029.761740462178,128.38835376989158,3,ACK,110,1,-52.968517912888785,user,0.08523921532007225,264.45916668448007,BruteForce
P004144,TCP,Server,Off,EU,0,1,4918.645698163038,9313.64942395611,94.48857021570967,4,FIN,53,1,-50.66398104951712,user,0.12716334028054035,273.75628932935336,Benign
P004145,UDP,Workstation,Off,APAC,0,1,3820.6807273143195,5623.671509027438,125.1694253398298,8,SYN,443,1,-58.02835870951374,admin,0.21003614121745726,318.17015745791764,BruteForce
P004146,UDP,Workstation,Off,ME,3,1,8087.448843996972,11208.310770508451,53.22202779596158,8,FIN,21,5,-67.22866245971889,user,0.0690282320982793,254.4183894100076,BruteForce
P004147,TCP,Mobile,On,US,1,2,6595.284616603529,3176.329302833607,134.37774629437735,2,SYN,143,0,-65.69613126085727,admin,0.5530451723147181,312.37196795031696,BruteForce
P004148,udp,Server,Off,US,3,1,6910.191480575242,8414.76550005578,92.85864980140514,5,ACK,25,0,-55.15355206356847,user,0.4188339020290651,261.76152656187384,Benign
P004149,udp,Mobile,Off,US,3,2,6900.0448979526,6431.666408159277,110.41526451977252,7,FIN,80,1,-50.43162266340602,user,0.05659102365528146,312.7639878256386,Benign
P004150,tcp,Server,Off,ME,2,1,4386.719698295285,6848.811268238349,131.1415250254987,1,SYN,80,2,-58.84152549901196,user,0.36078271742074813,285.26271854285824,Benign
P004151,TCP,Mobile,Off,US,0,0,4673.288118878033,7172.252743467165,108.75686089218553,4,ACK,80,1,-46.874797968867114,admin,0.49146883219835397,297.1234463687683,Benign
P004152,ICMP,Mobile,On,ME,2,0,6647.3029744953965,4916.374287386701,56.957337810173804,4,SYN-ACK,143,0,-43.89132423387454,user,0.16490798109825242,260.25356886285147,Benign
P004153,TCP,IoT,Off,EU,3,0,3791.462108920209,6126.764510920642,104.12623951293133,6,FIN,443,0,-71.08627350144401,user,0.46515258548959765,281.9809331513164,BruteForce
P004154,udp,Server,Off,EU,1,2,6776.891715170092,3426.743008382988,155.02576018984757,7,FIN,22,0,-73.41157368499157,user,0.38992582605292886,303.9998007476029,Benign
P004155,TCP,Mobile,Off,ME,0,1,4533.000452637427,7920.563411469714,32.46536623535306,3,SYN,53,0,-68.22794891577067,user,0.8096140525090706,230.32988398911212,Benign
P004156,TCP,Server,Off,EU,3,2,2921.3437837586876,2999.4758108520737,93.73579584502794,7,ACK,80,3,-68.77838339168265,user,0.10946084221521736,272.1646069140923,Benign
P004157,TCP,Server,Off,US,1,1,3579.9834553420087,5683.307283564308,106.18369400272883,4,ACK,80,2,-63.594885316106556,admin,0.5052840252383249,292.6712768424371,Benign
P004158,UDP,Server,Off,US,2,0,4577.917643228756,7594.669554459672,114.71981398171928,6,SYN-ACK,80,0,-67.90074647528625,user,0.539161421312662,283.1655223143948,Benign
P004159,,Mobile,Off,ME,3,1,3622.9840785493593,5789.185947520105,139.48699862683407,3,FIN,80,0,-61.35619097179472,admin,0.08830122696295524,304.58722452965344,Benign
P004160,UDP,Server,Off,ME,1,0,3666.1771131521036,,114.57776051303489,6,FIN,110,3,-66.2902032118063,user,0.18936801483919957,298.8977338863377,Benign
P004161,tcp,IoT,Off,ME,2,2,5718.944185878311,8643.300051560784,123.18617228756044,4,SYN-ACK,25,1,-67.55447690778657,user,0.17941529346853155,300.1164873119744,Benign
P004162,ICMP,Mobile,Off,EU,2,1,4854.323362290081,6020.658354912139,89.87522833867177,3,SYN-ACK,21,1,-60.53455711608839,user,0.4756121441192551,239.40373393156898,Benign
P004163,UDP,IoT,On,APAC,2,1,3358.0663785580628,8262.967502868896,153.84875272057272,6,FIN,22,0,-80.93719133658357,user,0.24307254367979034,297.8016791597008,Benign
P004164,TCP,Workstation,Off,APAC,2,1,6354.4808974727275,7571.006439621966,160.69882886998076,8,SYN,110,1,-58.497353237800105,user,0.11771226441526976,329.5047873452265,Benign
P004165,TCP,Mobile,On,ME,0,1,4972.30386095309,4760.231766291861,158.91567726227834,2,SYN,80,0,-67.77331867416392,user,0.20552737217315542,316.41989366744656,Benign
P004166,UDP,Mobile,Off,ME,5,1,5836.246748498736,7811.872039330775,112.87877433572785,4,SYN,21,0,-62.14202865072359,user,0.5280216119404668,330.3143675276359,BruteForce
P004167,TCP,Workstation,Off,EU,3,2,3360.7238481633667,5852.26842394292,156.5708650900192,4,ACK,53,0,-78.50992727336111,user,0.3209350920263954,291.3453327167952,Benign
P004168,UDP,Server,Off,EU,0,1,4954.017784658419,5778.2976012024255,142.569585277532,9,SYN-ACK,80,1,-62.72640373902049,user,0.31810881409277136,320.7000785877281,Benign
P004169,ICMP,IoT,Off,APAC,1,2,5078.748249184914,7573.341090400798,141.99447173508506,9,ACK,25,1,-58.13598075515385,user,0.4290240124408561,317.1748506274859,BruteForce
P004170,UDP,Mobile,Off,US,4,1,3053.720236680716,6898.35890363694,132.1705758249141,4,SYN-ACK,21,3,-64.36793506883467,admin,0.2040312269599507,288.5040173887085,Benign
P004171,UDP,IoT,Off,APAC,4,1,5979.667235111624,6837.142758528517,153.4643180151844,4,ACK,53,2,-65.39480295599783,user,0.11170048570568089,294.2255004833489,BruteForce
P004172,ICMP,Mobile,On,US,2,2,5897.773193663783,6724.462097808707,92.57157767980296,5,SYN-ACK,25,0,-66.89816049214575,user,0.39405130985535775,280.45846697849004,BruteForce
P004173,TCP,Workstation,Off,US,3,1,4612.769687210953,7473.767456276198,131.40309337767968,3,FIN,53,1,-55.77000643235996,admin,0.494623723558682,305.258353173769,Benign
P004174,TCP,Server,On,EU,3,1,4621.311029675195,5771.39509155659,113.00551119001342,3,SYN-ACK,3389,0,-60.88591437822638,user,0.058756115123782406,277.3221602085688,BruteForce
P004175,TCP,Server,Off,ME,2,1,4134.896075062191,4249.128343483829,106.58505789849312,6,ACK,22,0,-59.38619692772655,user,0.4696907034130019,267.9350511679281,Benign
P004176,,Mobile,Off,EU,2,0,3363.0296252901044,3639.3751755482963,83.80602053216548,3,SYN,3389,0,-64.46429724172872,guest,0.6171914429741228,279.2848553138251,Benign
P004177,TCP,Server,Off,ME,0,0,3496.259898030774,4811.89894505822,139.91004242311587,3,SYN-ACK,110,2,-54.91446531917917,user,0.04796750474444137,275.98621409174325,Benign
P004178,UDP,Workstation,On,APAC,0,1,6296.723632147988,7246.386351751223,163.2985379027344,4,SYN-ACK,443,1,-66.39629784933936,admin,0.06235341616620465,329.84803106583144,BruteForce
P004179,UDP,Workstation,Off,EU,2,2,5874.700196696301,6202.85227699296,112.83372280486401,7,SYN,80,0,-57.8566931196468,user,0.2627113930587712,300.191155243123,Benign
P004180,UDP,IoT,Off,EU,1,2,2152.137016107798,9424.742960482545,178.8740676626531,1,SYN,110,3,-58.16382870800483,user,0.2134624447528769,293.9842798344204,Benign
P004181,udp,Mobile,Off,APAC,2,2,3781.871987808394,5445.807982934031,125.02530987668744,5,SYN,443,2,-71.02681663171242,user,0.21510748324165493,301.9918232620965,Benign
P004182,udp,IoT,Off,EU,1,0,6806.4728235470575,5799.070042993545,107.88269822802425,8,ACK,3389,3,-76.47985054975389,user,0.4904236233188445,304.6757855564026,Benign
P004183,UDP,Server,Off,US,4,0,22504.095519046234,7958.035424071335,60.79493125539509,3,FIN,21,0,-53.63336652589979,user,0.13395925309589682,236.3000886186786,BruteForce
P004184,UDP,Mobile,Off,EU,1,2,2856.9973687643555,4676.898748565233,161.5781135851145,6,FIN,80,1,-63.55496355872607,admin,0.17536505230991126,296.61021977364487,Benign
P004185,TCP,Server,Off,US,2,0,6786.704819938635,6076.375804384987,92.48648282120365,8,FIN,143,2,-66.27251258255683,user,0.24766238202939925,289.4687035050888,Benign
P004186,TCP,IoT,On,APAC,1,0,6440.088510034997,5753.527269841287,139.94111408848605,5,SYN-ACK,21,1,-56.23236945639504,guest,0.17717642533357128,297.7110033843847,Benign
P004187,TCP,IoT,Off,US,3,2,3111.337940600298,10712.027625391373,185.27407730711258,4,ACK,110,1,-42.697722541590316,guest,0.21915175790526983,284.58861636848326,Benign
P004188,TCP,Server,Off,ME,1,1,1316.4123776775227,10849.429579862612,97.43392247756408,5,SYN,110,3,-67.44235478608866,guest,0.14377919716561166,295.9665867686821,Benign
P004189,TCP,Server,Off,EU,2,0,4699.289976414288,8252.946008772602,123.88098586812022,10,ACK,25,0,-57.004973637619685,admin,0.10219029952458217,306.58542802972255,Benign
P004190,TCP,Server,Off,US,1,2,5327.138437154658,,116.73065542880337,7,ACK,25,1,-51.212075433262896,user,0.20630238531223485,314.01122458626804,BruteForce
P004191,ICMP,Mobile,On,ME,2,0,3906.7849248867333,5414.711788058686,85.49495846251297,10,SYN,22,1,-60.73961064331638,user,0.3745371081579797,289.17035358841247,BruteForce
P004192,UDP,Workstation,Off,US,4,1,7029.934681980062,2742.042433202333,148.06565311379927,13,FIN,25,1,-77.43605094093874,admin,0.22001810995832957,345.50513059498957,BruteForce
P004193,UDP,Mobile,On,APAC,0,1,5517.876522202887,,100.69704283971124,1,SYN-ACK,110,1,-54.42202360863664,user,0.5561639788383246,280.6339420350706,Benign
P004194,TCP,Mobile,On,ME,1,1,3426.989128167919,4589.283045395854,129.4311108917878,9,SYN-ACK,80,1,-59.339239613329305,user,0.2598585313957004,293.2800434732641,BruteForce
P004195,UDP,Server,Off,APAC,2,1,1490.9953597147987,8851.230747043517,104.8901182885837,7,SYN-ACK,143,1,-73.69636030294004,user,0.43335322556229555,274.74120791051763,Benign
P004196,ICMP,IoT,Off,ME,1,2,3667.0932565703897,7569.635119329175,132.76029210180715,10,SYN-ACK,22,1,,admin,0.10723399285351312,291.36840377656523,Benign
P004197,UDP,Mobile,Off,US,4,0,4822.809665903577,4248.544469619878,119.56717392946689,3,SYN-ACK,22,2,-59.85327113280959,user,0.43376341112967515,310.45388776636645,Benign
P004198,UDP,Server,On,US,2,0,5095.119319634813,2636.556092335875,60.937178564021146,6,SYN,3389,0,-63.13394689505137,user,0.32377217162135286,290.8542741875224,Benign
P004199,tcp,IoT,Off,US,1,2,3984.9752438952933,5143.282635134663,138.72729096272923,5,ACK,3389,1,-48.89887433348989,user,0.41781268133624483,288.3288104968538,Benign
P004200,tcp,Server,Off,APAC,1,4,4103.259263598123,5455.823863509071,137.20872667806805,4,SYN-ACK,21,1,-45.10863186899404,user,0.07397659560527466,308.4302820011901,BruteForce
P004201,TCP,IoT,Off,APAC,1,0,5000.093491907953,5170.594029440175,114.2187017567269,6,SYN,443,1,-73.01172147075795,user,0.09400936467693595,283.3712379187496,Benign
P004202,ICMP,IoT,On,ME,2,0,4922.287697705138,7447.078839351767,100.15855221529645,6,FIN,143,1,-44.19232098886086,user,0.49509808090555213,276.5408856959693,Benign
P004203,TCP,Workstation,On,APAC,4,0,5274.147684047197,7943.142078056848,124.712262902544,4,SYN-ACK,80,1,-64.94583590601088,user,0.19947595298461582,292.4086219613467,Benign
P004204,udp,Workstation,Off,EU,1,0,7242.623353815879,4994.035380042793,124.07323294511133,6,SYN,21,2,,user,0.3564463955425929,294.8068142643256,BruteForce
P004205,TCP,Workstation,Off,EU,2,1,5730.2317503097665,6947.859199675913,78.63603680668979,5,ACK,443,2,-48.10247909912651,user,0.11429766306754359,258.7118139316702,BruteForce
P004206,TCP,Workstation,Off,APAC,1,1,1953.930213544481,6795.806561885947,110.25356788178492,6,SYN,110,0,-52.16848980162561,guest,0.08438727439444305,262.0060415002549,Benign
P004207,tcp,Server,Off,ME,0,0,3933.714882223936,2984.229286232181,90.04737123217188,3,SYN,22,1,-76.22621315009717,user,0.19855337860765354,267.02841623561744,Benign
P004208,TCP,IoT,On,ME,2,0,2923.1547744343434,8461.500040526416,110.50821238800897,3,ACK,3389,0,,user,0.21161049284208971,271.3443882128802,BruteForce
P004209,TCP,Mobile,On,ME,4,1,4268.991982551867,3999.948197887693,139.18851098799192,4,SYN,143,1,-66.41773262353898,user,0.20059614707530193,311.7888104991834,Benign
P004210,TCP,Workstation,Off,ME,0,0,3667.5175580543773,6855.710608787154,142.13119616651304,4,SYN-ACK,110,1,-70.42266797514618,user,0.6526082102330634,307.4770827101184,Benign
P004211,TCP,IoT,Off,US,5,0,2852.3840455686636,8364.630673550593,72.9067337289551,3,FIN,22,1,-48.76461157403515,user,0.6045475581526389,247.4748299160579,Benign
P004212,TCP,IoT,Off,EU,3,2,3725.4489295460116,2556.6801013045797,143.78466937027665,4,FIN,110,0,-63.63634596307131,guest,0.1300669645043547,284.721086438463,BruteForce
P004213,ICMP,Workstation,Off,ME,1,1,7426.676962139932,10931.78426995424,136.4962534723802,3,ACK,53,1,,guest,0.4212845953706592,324.62659339499595,Benign
P004214,TCP,IoT,Off,ME,1,1,4321.529534315916,7299.059370438802,138.31975507093995,3,FIN,53,0,-63.60509211240242,admin,0.09453093826961378,310.24653051748095,BruteForce
P004215,UDP,Server,Off,US,4,3,6454.302805025909,3958.901086002047,119.31674108095203,7,SYN,25,1,-68.48530468357077,user,0.18035360248932988,300.0978456874162,BruteForce
P004216,TCP,Server,On,US,0,1,6327.403432891612,6000.459372887229,123.60815120042035,8,ACK,3389,1,-72.38370716703429,admin,0.10403270968656211,317.1106194946958,Benign
P004217,TCP,Server,On,APAC,1,2,3599.6617231816626,1620.7683678469248,138.25876748449957,11,FIN,80,0,-65.23802044452977,user,0.2425471629571936,314.76477513480336,BruteForce
P004218,tcp,Server,On,EU,2,0,5802.379833768796,7484.4470418521,163.57687067742668,8,FIN,25,1,-59.13059210074261,user,0.20706227104843236,347.2174057607866,BruteForce
P004219,UDP,Workstation,Off,ME,0,0,3436.0699966504653,7758.312320258276,114.3664710550858,7,FIN,22,0,-50.110220343433156,user,0.3646354559097567,256.24363117215717,BruteForce
P004220,TCP,IoT,On,EU,0,1,7414.990705643456,7696.509485075055,78.41625994007731,7,ACK,143,2,-56.773427471721746,user,0.3750943675329263,288.41571677969534,Benign
P004221,TCP,IoT,Off,ME,1,1,6402.822080029057,6951.866784597822,116.52626398340719,4,SYN,80,1,-49.31905180784658,user,0.3214496866750976,295.2249011219897,Benign
P004222,TCP,Mobile,Off,APAC,2,1,5174.496263772659,8907.237304542825,111.08399706529983,5,ACK,25,1,-57.89626797987416,admin,0.2773517738732019,303.95521843677744,Benign
P004223,UDP,IoT,On,US,0,0,7035.7043335339085,5254.740004436177,159.69855350414431,8,FIN,53,0,-40.04804613519082,user,0.3283727237768139,348.8569878741914,Benign
P004224,UDP,Mobile,On,APAC,3,2,5835.173124150897,,158.97891723327302,4,FIN,143,1,-61.773983462761315,user,0.10702493828095148,319.0152770878064,Benign
P004225,UDP,Server,Off,APAC,4,0,3254.951290619285,10914.123471114814,135.48311279783064,2,SYN,110,6,-54.549659188292125,user,0.2502429883704697,310.990113685194,Benign
P004226,tcp,Workstation,On,ME,2,2,7195.335694254447,4302.003361910843,85.28368246526362,4,ACK,143,3,-66.489609343291,user,0.1441025083444614,289.77088821791153,Benign
P004227,,IoT,Off,US,1,1,4308.306672784753,7880.9337667409545,80.05204547421347,7,ACK,25,1,,user,0.24562245156196244,299.10693031981845,Benign
P004228,ICMP,Server,Off,ME,2,2,3070.502113646621,4294.247247918926,121.61655217974236,5,FIN,80,1,-63.12088824249011,user,0.3128219532091501,290.130584960658,Benign
P004229,ICMP,Server,Off,EU,2,3,2692.0024766340007,2398.820073886458,126.15497571711971,6,FIN,443,1,-44.98098720142671,user,0.3152585758961919,294.2859167338869,BruteForce
P004230,,Server,Off,EU,1,2,8293.013393426107,4435.701935290116,121.5252679002356,6,ACK,25,0,-54.20855394081696,user,0.1318082275197167,277.60061653970257,Benign
P004231,TCP,Server,Off,ME,1,2,4866.362120391966,4647.170142198252,97.05169728591049,5,SYN,110,0,-70.21747295688405,user,0.25302429272743276,278.2498275816717,Benign
P004232,TCP,IoT,Off,US,1,0,4287.249666563509,5183.614604145704,126.67521592700945,4,SYN,25,1,-78.45865782645883,user,0.24699050660652544,303.1954860342698,Benign
P004233,TCP,Workstation,On,ME,0,1,4967.5089271292145,2296.246922665466,177.26088417358568,9,SYN-ACK,53,0,-74.89140374261484,user,0.5151963501028677,333.9997140922199,Benign
P004234,ICMP,Workstation,On,US,0,2,7743.724325879353,8074.995773568817,135.79458902796426,8,SYN-ACK,3389,1,,admin,0.29545938692352547,331.1122584961458,BruteForce
P004235,UDP,IoT,On,ME,1,1,2059.0153329959844,6596.943441294758,83.64711380942725,6,FIN,80,6,-34.68985411279269,user,0.2781904708773176,243.2788754905177,BruteForce
P004236,TCP,Server,Off,EU,0,0,5997.76130131069,4353.568676617732,91.85023126742547,4,SYN-ACK,25,0,-47.61544564363385,user,0.17674741479672929,258.3262493552066,Benign
P004237,UDP,Mobile,Off,EU,2,0,4165.284919979609,7351.23582810084,96.0638040664921,1,SYN,110,0,-51.194919568771354,user,0.5313316839790502,262.5668299243541,BruteForce
P004238,tcp,Mobile,On,US,0,0,3208.1653811122023,8304.495224898066,92.00261003579712,4,FIN,22,0,-36.99375566287998,admin,0.34333499671524753,271.1413350191633,Benign
P004239,TCP,Mobile,Off,US,2,1,3877.8307175793525,9308.705660498792,137.7968282824444,3,ACK,25,0,-62.073029486250284,admin,0.5630124036466371,288.9125982622723,Benign
P004240,,Server,Off,APAC,1,1,3329.416190296907,6163.480334793863,152.56070834285106,5,SYN-ACK,21,1,-60.26928979929628,user,0.6832947592712384,303.3632184904355,Benign
P004241,TCP,Server,On,ME,2,1,5126.787359019594,6501.784618942358,131.1784358082128,6,FIN,25,2,-43.21939493974277,user,0.3440175092866809,322.87112766030987,Benign
P004242,TCP,Workstation,On,ME,1,0,5690.613829893158,3722.3240967637066,92.54603438008067,8,ACK,25,2,-39.93902191552108,user,0.16667777686252533,296.0326636143227,Benign
P004243,,Server,Off,EU,1,0,4680.277892352989,9424.397548887913,119.00340666367306,4,ACK,25,0,-63.74204432400014,guest,0.07011948058741303,263.9327325458137,BruteForce
P004244,UDP,Workstation,On,EU,0,1,4211.340966304726,6256.199003363392,72.13426747964311,3,SYN,110,0,-71.56294930892587,user,0.673239656804072,282.03575149641335,Benign
P004245,,Server,Off,US,0,1,4702.855589394223,3900.9641520712257,198.99641753161293,4,FIN,21,1,-45.89193834851693,user,0.2877177600926784,336.2232965744007,Benign
P004246,udp,Mobile,On,APAC,2,0,7471.90244631884,3807.0123974009334,116.54361200490337,6,SYN-ACK,22,1,-66.44800372183458,user,0.2654497952118914,338.01329797570986,Benign
P004247,,IoT,Off,EU,1,0,4650.4615410168,6559.863214334148,84.22211878877533,6,FIN,3389,1,-48.84474356178467,user,0.29368996078758147,273.16127717797923,Benign
P004248,TCP,Workstation,On,EU,2,2,4452.201151437096,,114.57358885283637,3,ACK,80,0,-73.66425405642615,user,0.024434672256115595,297.9984950179311,Benign
P004249,,Mobile,Off,APAC,3,1,4406.660267346461,2645.1944816725522,121.06056485138038,5,ACK,110,2,-54.66077714034233,user,0.32744186091410177,302.6250419440228,Benign
P004250,udp,IoT,Off,APAC,0,0,7307.776652979704,5830.329036437158,10.0,6,SYN,3389,2,-57.68892900400957,user,0.7184327459561821,252.99653595934473,Benign
P004251,,Mobile,On,US,1,0,3189.5911146457065,6276.856916523946,106.31873680114593,3,SYN-ACK,3389,1,,user,0.28611504189732634,269.1463482126951,Benign
P004252,ICMP,Server,On,US,0,1,4234.372072757102,,206.94792484847767,2,SYN,443,2,-39.666805942192866,admin,0.4232068703635001,325.41167015203456,Benign
P004253,,IoT,Off,APAC,3,0,6464.578764791376,3771.965951856204,140.19747926259828,4,ACK,443,0,-57.44660208531838,admin,0.3875827706396788,325.02705419122725,Benign
P004254,ICMP,Mobile,On,EU,3,0,468.4326176477898,6597.243572134946,138.71364336339366,2,SYN-ACK,110,1,-78.69388027730895,guest,0.2975007619770834,275.861952394924,Benign
P004255,,IoT,On,APAC,2,0,4349.590442386781,5469.204113654027,134.10379311130933,2,SYN,143,1,-56.32385408917615,user,0.3872744214997552,307.14134581807684,Benign
P004256,TCP,Server,On,ME,3,1,6625.095890545687,9755.539967459757,119.31971608566963,7,SYN,80,0,-57.88302357541124,guest,0.11384850951331277,291.5295227288788,Benign
P004257,TCP,Server,Off,EU,5,0,4340.195200319035,9068.220640614429,156.29677451902896,4,ACK,21,2,-58.18599785566058,user,0.46311677608741497,306.85920799689075,Benign
P004258,TCP,Mobile,Off,APAC,0,1,3780.0977675707054,6914.477684729472,109.66064414666255,8,FIN,53,2,-61.78864543675275,user,0.186667153341873,281.87290366448957,BruteForce
P004259,TCP,Mobile,On,APAC,2,1,5421.019271448809,8939.831669250272,114.09477729974407,7,ACK,143,2,,admin,0.4676580531055832,297.34582538890174,Benign
P004260,tcp,Server,Off,EU,2,3,4384.342156966846,6226.646484155907,135.58257035915688,3,FIN,3389,1,-51.70335212312165,guest,0.07254949170360185,297.4139436273739,BruteForce
P004261,UDP,Mobile,Off,APAC,1,2,7564.513536513227,3665.773891683907,141.4556942508835,4,FIN,443,2,-77.32188717617497,user,0.34448287060701865,302.2069332776798,BruteForce
P004262,udp,Mobile,Off,ME,1,2,4970.418298613815,2366.2461660657978,108.986765745063,5,FIN,143,0,-47.35746302129595,user,0.4540046023478679,279.4877928382608,Benign
P004263,tcp,Server,Off,EU,3,0,5689.641226804466,6353.773595204278,116.35110037654665,5,SYN,110,1,-55.76099943920839,user,0.05577796859382619,311.98618600289717,Benign
P004264,udp,Workstation,Off,US,1,2,7433.133468534135,6147.569398568225,20.542808377961762,10,ACK,22,1,-46.58260844467972,user,0.1804286366762881,257.4163171841226,Benign
P004265,tcp,Mobile,Off,US,2,0,8029.253980420872,7734.69065005271,98.35028221977345,8,SYN,3389,2,-57.24227288348544,user,0.11502237199002917,295.4046965616976,BruteForce
P004266,TCP,Server,Off,APAC,1,2,6233.703094845403,6624.26440013798,140.77690361290274,4,SYN,53,0,-71.87379430253822,user,0.15499740725302774,303.9861572196564,Benign
P004267,UDP,IoT,On,EU,0,0,5673.723349389352,6194.120224259466,100.17371428980965,10,FIN,80,1,-59.18841674000205,user,0.6009462788767874,289.74342643137504,BruteForce
P004268,ICMP,IoT,Off,ME,2,1,5227.046070509127,,102.90443181124276,3,SYN,3389,2,-58.85351069139153,guest,0.18082996714777191,306.8211551426194,Benign
P004269,TCP,Workstation,On,APAC,2,0,5760.008495320172,10655.06498128346,124.47709217786782,4,SYN,21,1,-56.12450410169261,user,0.3627016049113102,307.2920341933621,BruteForce
P004270,UDP,Mobile,Off,APAC,3,0,3284.1910237822267,7256.634219099275,158.57695935418175,4,ACK,25,2,-54.4712076606212,user,0.17529728841583495,284.192511037393,Benign
P004271,TCP,IoT,On,US,2,0,5367.292662343791,7472.95402757945,95.36358832932127,3,FIN,22,1,-60.63146871135918,user,0.4297507961696274,294.737749069686,Benign
P004272,TCP,Workstation,Off,ME,2,0,5406.3579568211035,6363.11839317883,182.9098685228637,7,SYN,22,1,-61.087910854002104,admin,0.3145853180653562,334.91955058277637,BruteForce
P004273,UDP,IoT,Off,EU,4,0,5054.900992685686,8372.492074919905,168.74741373867198,9,FIN,25,0,-65.42836327104773,user,0.14553053469152138,319.38700754574285,BruteForce
P004274,TCP,IoT,Off,US,3,0,6488.039897952972,7810.043598017429,121.29780831943744,2,ACK,3389,1,-70.21279804720719,admin,0.07554037268203552,306.37475574338816,BruteForce
P004275,TCP,IoT,On,ME,3,1,5455.330635229924,6716.464708354511,144.4216580063582,10,SYN-ACK,21,0,-77.47852003721225,user,0.3883622169496586,308.2933165199002,BruteForce
P004276,tcp,Server,Off,APAC,1,0,4134.9494616375805,7742.948732386122,127.54458514971647,5,FIN,25,2,-66.34144356000807,user,0.455323604362558,275.993135768999,Benign
P004277,TCP,IoT,On,APAC,3,2,6576.227842991922,8339.813672695735,160.59527486271992,7,FIN,25,2,-59.71807652922635,user,0.09592770649574506,338.67637592736816,Benign
P004278,udp,Server,Off,ME,3,5,4681.266664214943,,73.78314073031589,5,FIN,80,2,-55.88156853669781,user,0.2392283099635714,255.11297603603424,Benign
P004279,TCP,Workstation,Off,ME,3,3,4088.1341032269297,7275.859967416312,152.3835264810325,3,FIN,443,0,-72.42583052625835,user,0.036834424545145905,317.9300856671064,Benign
P004280,TCP,Workstation,Off,US,5,0,6521.258936565379,6109.872157569992,152.82583787745597,6,SYN-ACK,21,0,-49.724360476703026,guest,0.04860177163372169,330.8380001523922,Benign
P004281,UDP,Server,Off,EU,3,2,4731.490732495855,6282.632598938673,70.14325563633467,3,FIN,53,0,-63.133005698892035,user,0.11527999375175252,222.49751364582937,Benign
P004282,UDP,IoT,Off,EU,2,2,6630.735093539122,8776.96266664417,63.66159433226103,6,SYN-ACK,25,0,-69.36213492593316,user,0.1751793789260631,267.5233472215147,BruteForce
P004283,TCP,IoT,On,EU,4,0,7887.077891238695,7509.950141440855,182.2334327580426,5,FIN,22,0,-48.03083465877688,user,0.33308908840719825,352.2634770939769,Benign
P004284,udp,Mobile,On,ME,4,0,7061.967939379594,9107.922561745274,153.9700961755127,5,SYN-ACK,25,0,-67.07336447281848,admin,0.4744997978119206,301.64759190681104,BruteForce
P004285,UDP,IoT,Off,ME,1,4,6895.3147667261655,4140.484536508018,77.91346719775794,7,SYN,3389,0,-55.10859816723318,user,0.14198439532340465,260.2752767896421,Benign
P004286,,Mobile,Off,US,2,3,3453.051996545066,3190.736932663224,82.30075421241129,5,SYN-ACK,53,0,-49.46186040713222,admin,0.1653295448348952,279.88397046568036,Benign
P004287,TCP,Mobile,Off,EU,1,1,1864.0530927345271,6985.038241492448,141.6439612013094,5,ACK,443,3,-64.72253047649554,user,0.134723407023069,281.3037765482905,BruteForce
P004288,UDP,Server,Off,APAC,2,0,6238.53786174587,5365.114768392789,92.17715726279067,3,FIN,21,0,-39.476051890158224,user,0.23264279196659654,278.72113126869425,Benign
P004289,TCP,Server,Off,ME,1,1,3409.6154674240343,2984.9786880978404,151.99638434543215,1,SYN-ACK,53,3,-65.78311473606547,user,0.5129994455251355,273.2023872677123,Benign
P004290,UDP,Workstation,On,APAC,5,3,8256.768363445226,9454.491156128232,77.25582398377325,1,ACK,3389,1,-57.16685760143366,user,0.19266030289438751,289.5935635653133,Benign
P004291,TCP,Mobile,Off,EU,0,1,5583.188045796111,100.0,117.17190599673431,4,SYN-ACK,443,1,-65.26071172286501,admin,0.16910201915415332,287.53195211083835,Benign
P004292,UDP,Server,On,ME,1,0,5792.205655897999,2271.1205814163595,141.05498073338424,7,FIN,53,1,-56.12811051097449,guest,0.073145076099263,298.9511293692577,Benign
P004293,TCP,Workstation,Off,APAC,1,1,4826.137722118319,6574.715845522891,135.63023379945633,5,SYN,53,0,-65.30157855482088,admin,0.42487453481638693,284.61731972989696,Benign
P004294,tcp,Workstation,On,APAC,0,0,5094.045130954131,7805.30554789359,91.32423702079346,2,FIN,443,0,-59.37109623513805,user,0.16879680178364068,286.9314553669312,Benign
P004295,ICMP,Server,Off,EU,1,1,6158.010199022139,6676.782936567016,142.81988395239662,2,SYN-ACK,22,2,-45.18447244971308,admin,0.4846511228083674,298.03831146252844,Benign
P004296,TCP,Mobile,On,APAC,3,0,2273.731095977899,9542.83430975818,138.49537755678972,6,FIN,80,0,,user,0.22259643632223716,280.290449051646,BruteForce
P004297,UDP,Mobile,Off,ME,1,0,2796.5537422815923,6128.594183630762,45.6316355413601,7,FIN,53,3,-55.205314499667224,admin,0.23448158799063953,240.20296335520632,Benign
P004298,UDP,Server,Off,US,1,1,4521.890985160861,4858.468554093655,140.91569018785262,0,SYN,3389,2,,guest,0.22711307038226247,314.6668737895409,Benign
P004299,TCP,IoT,On,US,1,1,4612.306433619231,5052.814658443442,179.9139221658526,4,SYN,21,2,-65.84711350539804,user,0.3292815250470705,324.97896252555137,BruteForce
P004300,TCP,IoT,On,US,3,0,4345.760258478982,6433.835980179625,109.20743179568481,4,FIN,443,0,-62.010954615938324,user,0.1346313085495598,259.12785756495555,Benign
P004301,UDP,Mobile,Off,EU,3,1,6457.569683294851,4569.618857116783,141.94862177501227,1,ACK,143,1,-62.038294808923965,admin,0.3883717623642658,320.4480838592419,BruteForce
P004302,TCP,Workstation,Off,APAC,2,3,5150.288195153233,10148.991186108686,123.36264979213801,5,FIN,25,0,-66.94715201908441,user,0.598436483742822,326.68986034888206,BruteForce
P004303,TCP,Mobile,Off,EU,1,1,4441.315005755349,6106.8531922945,86.42907250743345,6,SYN,80,1,-54.590487702002285,user,0.2417422157884515,284.44642390853363,Benign
P004304,UDP,Mobile,Off,ME,2,0,6282.746778963474,,103.11141236681374,5,SYN,53,0,-60.93278983190817,user,0.4585684532871221,303.51705597184656,Benign
P004305,TCP,IoT,Off,ME,1,2,7619.300701603175,7203.184040601624,150.08817617042604,6,SYN-ACK,22,0,-65.62842649399923,user,0.1902763055938545,348.24615651765134,BruteForce
P004306,UDP,Workstation,Off,ME,2,0,4335.255090105902,6031.226184620404,155.22559614314264,4,ACK,443,0,-64.81342547831402,user,0.22044625897865966,295.0687654833243,BruteForce
P004307,TCP,Workstation,On,ME,2,0,5892.318922578012,7013.867119441782,103.41846049672455,3,SYN-ACK,53,1,-51.56092334273154,user,0.2302989770392693,281.37523501988403,Benign
P004308,TCP,Mobile,Off,US,5,1,5691.232062371692,3487.2274974797883,101.3350790693145,6,ACK,25,0,-52.495330147129245,user,0.035486413011929924,287.31578286699596,Benign
P004309,UDP,Mobile,On,EU,4,0,3722.666019265674,2597.794606007405,93.65054828623317,3,ACK,53,2,-56.92145148679555,user,0.18322214859327857,265.83023719381964,BruteForce
P004310,UDP,Mobile,Off,ME,3,1,7551.980517330061,7082.278971882544,125.62990375973823,6,FIN,80,4,-55.11470119948229,admin,0.21535926351226883,308.1697669894768,Benign
P004311,UDP,Server,Off,APAC,2,1,5130.796038345657,3893.36131779446,103.47336073571074,2,ACK,3389,0,-41.868049271540784,user,0.3621820210884751,258.25153213444344,BruteForce
P004312,UDP,Mobile,Off,EU,2,1,4139.620967542184,6292.725028699454,127.67290524082536,5,SYN-ACK,80,1,-68.18430763613117,user,0.08855210624721851,271.90373249058314,Benign
P004313,udp,IoT,Off,ME,0,0,5933.656636624172,5920.958695340387,160.67012992102053,3,ACK,25,1,-70.11766129457949,admin,0.4435853823179418,329.86857948674896,Benign
P004314,UDP,IoT,Off,ME,0,1,7055.490811936202,2283.592617902956,130.28979206171007,3,SYN,22,0,-55.14411362953857,user,0.14899811809631167,319.1115480031314,Benign
P004315,UDP,IoT,Off,APAC,3,1,2582.394531315219,8963.093436229934,142.66809283354277,6,SYN,25,0,-63.277134947315965,user,0.09261863336964886,278.0263489228762,BruteForce
P004316,TCP,IoT,Off,US,3,1,5193.354095305542,7621.390244126305,136.93810887074608,4,SYN,53,0,-73.30825096281937,user,0.2969589365380098,278.63565398621097,Benign
P004317,UDP,Workstation,On,APAC,3,0,2919.191944610247,,141.77001439704205,6,SYN,80,0,-68.89622698982747,user,0.26173408915836455,264.0540052253194,Benign
P004318,udp,Server,Off,APAC,0,0,6039.191192825194,7225.550822536559,96.59877126345187,2,SYN-ACK,443,1,-69.01106675763552,admin,0.052465320150343935,292.61822646128036,Benign
P004319,,Server,Off,US,3,3,4471.514392555234,5760.058602954868,816.2015954303815,4,FIN,143,1,-42.22318920149195,user,0.5912160593006046,301.55485646358375,Benign
P004320,ICMP,Server,Off,APAC,3,0,4493.848073867581,6417.346258096033,121.76523940488538,6,ACK,21,1,-71.24985787476399,user,0.6530200004252242,290.2368191995933,Benign
P004321,udp,Workstation,Off,US,2,0,2799.4568768730614,4452.370087365769,136.87171384087802,5,ACK,80,1,-67.1608396611368,user,0.4052372931773292,311.1197267585844,BruteForce
P004322,TCP,Mobile,On,APAC,3,3,5383.949649684927,4532.357414890686,88.73858680890208,7,SYN,110,1,-64.17978006026745,user,0.0642216009502221,292.948661810856,Benign
P004323,UDP,Mobile,Off,ME,3,1,6260.881480057122,7180.183480993227,102.18077771382818,5,SYN,110,1,-56.08568776639345,admin,0.1954519147299622,280.8380674042947,Benign
P004324,UDP,IoT,Off,US,0,0,4379.03006946871,7009.129424789111,127.19484899746304,4,SYN-ACK,25,1,-59.11340228468381,user,0.07096621759842912,263.89203451588617,BruteForce
P004325,UDP,IoT,Off,EU,1,0,6188.72859129357,3041.7717535315255,130.80357854474786,6,SYN-ACK,443,2,-74.06603973852248,user,0.3366091493599599,303.8416830014479,Benign
P004326,UDP,IoT,Off,EU,1,0,5619.397545388628,3763.9612678429676,157.28699533644308,5,SYN-ACK,110,0,-65.34590175409538,guest,0.11932733997461213,320.7923890229365,BruteForce
P004327,UDP,Mobile,Off,EU,2,2,3674.5752368796,4315.674657963819,113.82018603199094,9,SYN,110,0,-68.03724646199828,user,0.09484840380288236,274.0708873770947,BruteForce
P004328,ICMP,IoT,Off,APAC,4,1,6270.179414215002,2813.1366150254507,62.037003469857225,6,SYN,25,0,-61.23988904522035,user,0.5444340044099493,265.98469529890934,BruteForce
P004329,tcp,Mobile,Off,US,2,3,5144.463240510627,9089.474963880464,145.23179364447893,4,ACK,80,1,-66.54723065370266,user,0.3005019806826289,302.7035244842528,Benign
P004330,UDP,Server,Off,ME,2,1,4163.593656835088,6519.126706994255,159.87428924840162,5,ACK,80,0,-63.07393304859034,user,0.15200990322845082,288.20033822811644,Benign
P004331,tcp,Workstation,Off,US,2,3,6422.993019915812,4979.726326273332,138.6568214881316,9,SYN,25,1,-53.956916806450025,guest,0.2166805567492322,310.7438568385423,Benign
P004332,UDP,IoT,On,US,3,1,4604.204504896406,4829.424602252672,103.0386679202845,6,SYN-ACK,443,2,-61.22836683235008,user,0.3142687260513667,274.4437656602084,Benign
P004333,,Workstation,Off,ME,1,1,3879.4655204259134,7424.707235976178,80.31533008079282,4,SYN,110,1,-68.00529197917409,guest,0.19031123892200702,274.725965473441,Benign
P004334,UDP,IoT,Off,ME,1,0,2376.9481103634284,7850.001978080394,151.78649919341285,6,SYN-ACK,80,0,-64.39078158389061,admin,0.16576620690475277,297.5006594830776,Benign
P004335,TCP,Mobile,Off,ME,1,3,6076.3858121082485,,142.11975393287176,5,SYN-ACK,53,0,,user,0.1923453369060525,307.7869445953254,BruteForce
P004336,tcp,Server,Off,EU,2,0,2183.8490148320457,5017.542190095599,67.02027674086122,3,FIN,53,1,-52.49617366360964,user,0.1513742944295723,261.8225763210145,BruteForce
P004337,udp,Server,On,EU,1,1,6005.921151860211,3647.6508236064633,107.65353359662777,4,FIN,25,0,-82.87008596266375,user,0.3136870104801899,285.2983942652231,BruteForce
P004338,,Server,On,US,2,1,5828.41529928704,6818.728660375988,123.55293507258405,4,SYN,22,1,-63.54620620440876,user,0.18627556289749486,325.06544992706114,BruteForce
P004339,tcp,Server,On,ME,4,1,8526.716698128748,5132.355377521769,116.17995303981662,4,ACK,25,0,-57.6802433364622,admin,0.35823919806851634,314.28257509453016,Benign
P004340,ICMP,IoT,On,APAC,1,1,5387.276163610993,7757.033271062194,145.9083295775005,3,SYN-ACK,80,0,-55.07860302459539,admin,0.5898326176748344,310.418248903816,Benign
P004341,TCP,Server,On,APAC,1,0,3859.27371810856,8099.068829417932,149.51381956863608,3,FIN,110,2,-75.81870392899918,user,0.43191944491231377,292.9663524695093,BruteForce
P004342,udp,Server,Off,ME,0,0,4492.259273113884,7762.626952727333,106.41505443933154,2,SYN-ACK,110,0,-65.95087760857376,user,0.5572544459514831,268.45173534621193,Benign
P004343,TCP,IoT,On,ME,3,1,6170.700964421033,6843.513196346758,137.02876035706913,4,SYN-ACK,80,1,-44.500627004308676,user,0.51823399077138,308.49470226361854,BruteForce
P004344,udp,IoT,Off,EU,4,1,6145.4849262846565,7559.922958891442,104.70452424529614,4,ACK,53,1,-65.23582717552773,admin,0.3205142308458189,284.0913275768603,Benign
P004345,TCP,IoT,Off,APAC,4,0,5322.18435676529,7067.355147685886,155.82281011124678,2,FIN,22,1,-62.95577253256861,admin,0.4294559844928237,325.660357322111,Benign
P004346,TCP,IoT,Off,APAC,5,1,3649.1426331796984,6733.419419673779,120.10767644050178,5,SYN,110,1,-48.2348213475393,user,0.17793702786547558,261.202054346833,Benign
P004347,UDP,Server,Off,US,2,2,5039.4071669169425,6111.124114143813,121.46668000632994,11,ACK,3389,0,-64.53008231012478,user,0.4116441931391484,292.0984530599562,Benign
P004348,UDP,Workstation,Off,ME,3,0,5307.244228223463,8439.069041926643,141.9767728847313,7,FIN,110,1,-68.6122568756806,user,0.6557530974268764,295.7265320833989,Benign
P004349,UDP,Server,Off,US,2,0,5271.448418919833,2666.434808969315,79.72775855462898,9,SYN-ACK,53,0,-48.58666815440461,user,0.1229377350783869,280.5062412533473,Benign
P004350,ICMP,IoT,On,ME,1,1,4556.131417900267,5018.092940721628,73.05837536447456,6,SYN,22,0,-49.46737910744495,user,0.3272042674548334,283.01335965443076,BruteForce
P004351,UDP,IoT,Off,APAC,0,3,6576.192674299421,8728.425804445638,110.39280298188154,3,SYN-ACK,3389,0,-69.51808548711662,admin,0.264390250290953,260.99524651421007,BruteForce
P004352,UDP,Server,Off,APAC,4,1,2771.2460156146,8007.906607864137,122.80953953402627,4,ACK,53,0,-61.81851167648891,user,0.13934865614388972,287.1527643501128,Benign
P004353,TCP,Mobile,Off,APAC,1,1,4227.794812300962,3059.4531692483893,128.0195506750184,4,SYN-ACK,22,2,-59.847727543694916,guest,0.332085639514678,301.7143554436316,Benign
P004354,udp,Workstation,Off,US,4,2,5229.15417509081,7683.422799696444,110.01257665577825,2,FIN,21,0,-56.00669911120928,user,0.03989604773860258,255.8872978824822,Benign
P004355,UDP,Server,On,EU,1,1,5966.378736865288,8325.592389084662,91.21020446243409,8,ACK,53,2,-61.62378407998708,guest,0.23164828659207876,278.37009479655495,Benign
P004356,TCP,IoT,Off,APAC,1,1,1943.8298936279348,6159.125044583141,88.58395275847423,4,FIN,110,0,-56.22925532274089,user,0.14674882031050845,272.16936761052045,Benign
P004357,UDP,Workstation,Off,APAC,4,1,6999.825376622226,7667.356903514765,165.4149657024256,3,SYN,110,2,-61.356794256709634,user,0.12793786034982166,303.04773277081233,BruteForce
P004358,TCP,Workstation,On,APAC,2,0,5119.955867327728,7464.3646722002095,107.02247877363135,8,ACK,80,0,-67.49515978174158,user,0.20141849906793194,278.99995878081586,BruteForce
P004359,TCP,Mobile,On,APAC,1,0,6033.5715822818875,3006.6758324862412,143.93584070129216,8,ACK,110,1,-53.738424189579376,user,0.20446604881486963,327.41416323315093,BruteForce
P004360,ICMP,Mobile,Off,ME,2,3,3576.835175378703,,105.32210707144843,5,SYN,80,0,-53.77853314315971,user,0.4638596340283847,282.0654249431182,Benign
P004361,TCP,IoT,Off,ME,0,2,6441.634591796132,5560.085169681359,121.86632362937482,4,ACK,25,0,-53.39117343558786,admin,0.19088294357974236,287.0912753427129,Benign
P004362,,IoT,On,US,1,0,6083.453183471449,7117.708132059145,116.92671282980709,2,ACK,143,1,-57.392651913981624,user,0.262461743952198,315.78297065878496,Benign
P004363,UDP,Server,Off,APAC,2,1,4283.379294396828,9858.599082628456,123.5212422904375,4,FIN,21,1,-68.77016302089137,user,0.27390004804340323,270.6339963636572,Benign
P004364,UDP,IoT,Off,US,2,3,8313.616490764438,,167.45891568805382,3,SYN,22,0,-58.65900930855562,guest,0.4193898643658111,308.988158833473,BruteForce
P004365,TCP,IoT,Off,APAC,2,1,4879.49361654931,8041.648639675967,160.0784592557355,8,SYN,110,2,-52.01693549154615,user,0.12411855334316983,308.9948861658691,BruteForce
P004366,tcp,IoT,Off,ME,4,0,2040.5648156328375,5349.986880916738,108.99883063309352,2,SYN,22,1,-69.0994860431539,user,0.33753266604626986,246.9945090550092,BruteForce
P004367,UDP,Server,Off,US,2,2,5399.345306474222,5295.993765631473,136.75759554924656,6,SYN-ACK,443,2,-65.15862796241096,user,0.25755343414065496,318.07253184409655,Benign
P004368,ICMP,Mobile,Off,US,2,2,4229.288681787458,9977.494611207963,103.91806434577903,6,FIN,443,0,-50.608206481941295,user,0.13335803280097694,261.55866970336837,Benign
P004369,TCP,Workstation,On,ME,2,0,4923.175650895849,6541.351013818804,106.51042095542745,6,SYN,22,1,-73.79405012944301,guest,0.538548814577728,275.5469292572043,BruteForce
P004370,UDP,IoT,On,US,5,0,2164.5503385185148,1731.8794420439253,114.87661683650094,8,SYN-ACK,21,2,-59.07729547803758,user,0.17191101378981372,267.2499956995069,Benign
P004371,udp,IoT,Off,US,1,1,6215.117540944126,5159.974389831432,98.49662096132738,2,FIN,80,0,-57.062562717909614,guest,0.03014359012716929,282.3253862828174,Benign
P004372,tcp,IoT,Off,EU,2,2,4388.63983074138,4018.814011914522,126.70278432510274,9,SYN,143,1,-53.89158302978634,user,0.14192672683473115,315.46593498479456,Benign
P004373,TCP,Workstation,Off,US,1,1,917.6607251108171,6268.829889201401,160.06766132978035,4,SYN-ACK,3389,0,-63.097672121652195,user,0.14381606421511706,311.5229126599035,Benign
P004374,TCP,IoT,On,EU,4,2,3330.9140456033174,7091.528804946982,124.80705282665733,4,SYN-ACK,80,0,,admin,0.5211057801192904,274.12699368837065,Benign
P004375,TCP,Workstation,Off,APAC,1,0,4796.873240303836,5858.910739838135,71.90469069445317,7,FIN,53,0,-66.70090841975887,user,0.34776737961251764,268.9225504819493,BruteForce
P004376,UDP,Server,Off,APAC,5,1,4666.778557861028,7131.8290424347015,114.88934210431978,6,SYN,21,0,-60.51553879518645,user,0.3349063022127504,273.0845577658376,Benign
P004377,UDP,Mobile,Off,ME,2,2,3670.657856553475,1320.6468732401381,133.86604330437387,11,SYN-ACK,3389,1,-62.58677948742371,user,0.06778297882249212,297.08030906205505,BruteForce
P004378,tcp,Server,Off,APAC,0,0,5233.109784049451,5071.4020906035885,192.20515051443863,5,ACK,25,2,-70.23894988024426,admin,0.2760307845928336,357.9949915007348,Benign
P004379,tcp,IoT,Off,APAC,3,0,3358.2076203628208,9674.701997433349,128.9492822022019,4,SYN,21,0,-58.02927235659835,user,0.3597067136377953,287.46869235036604,Benign
P004380,ICMP,Mobile,Off,ME,2,0,4353.090393946656,6228.660298832689,136.31533579286526,12,ACK,80,2,-49.142111902442444,admin,0.1785648829956262,298.2901629842249,Benign
P004381,tcp,Mobile,On,US,1,1,4870.332920404731,8774.084034840169,50.60264669171599,8,ACK,3389,2,-81.31703050285503,user,0.35004247509544517,239.62044636320985,BruteForce
P004382,UDP,Workstation,Off,US,5,1,3070.8435180907136,4901.0387453365665,71.56700793983595,2,FIN,25,1,-65.38955251656978,user,0.36017101998231404,249.19570770383675,BruteForce
P004383,TCP,Server,Off,ME,1,2,4472.7430984062075,3442.224509991373,97.0447162240909,2,SYN-ACK,3389,0,-75.01661518219116,user,0.3289150685612204,253.8593088398751,Benign
P004384,UDP,Workstation,Off,ME,3,0,28097.30490738106,3175.1937233551635,131.26657843861003,6,FIN,80,0,-53.68567511533839,user,0.5516706491550744,281.5273997177597,Benign
P004385,ICMP,Mobile,Off,ME,2,0,4597.106731590601,8636.13015373932,152.2444001299455,5,FIN,22,1,-65.22013953766236,user,0.10109577444021974,327.1944779444555,BruteForce
P004386,UDP,Workstation,Off,ME,2,0,5142.409938885694,4994.287574638327,71.38864615617263,7,SYN-ACK,143,0,-61.410203172788485,user,0.09946187260412477,301.58654793661947,BruteForce
P004387,UDP,Server,Off,ME,2,0,5743.574151697303,,144.0337086612401,7,ACK,53,2,-71.06456529441706,user,0.06122892363097473,321.66305477686524,BruteForce
P004388,udp,IoT,Off,EU,0,0,1499.9553471081472,5765.264868798281,81.68246344802432,6,ACK,80,0,-54.61258457114114,admin,0.1797669915660249,259.9454344607763,Benign
P004389,TCP,Mobile,Off,APAC,1,1,2294.2046252227265,5152.180479491545,144.3280902814488,3,SYN-ACK,22,1,-65.92928963443588,user,0.11771402583595048,292.44977365780227,BruteForce
P004390,TCP,Server,Off,EU,2,2,7861.671112532525,,119.93442744259485,4,SYN,3389,2,-50.073969549911844,user,0.06946267760136174,279.60951985732834,BruteForce
P004391,UDP,Server,On,EU,2,2,4493.442445639985,8339.481622589705,171.8937384979325,3,ACK,3389,0,-53.01790965672397,user,0.3956614712148291,319.9528589536014,Benign
P004392,UDP,IoT,On,EU,0,3,5542.594494790511,,90.73269905901728,2,ACK,25,1,-51.13604615740321,user,0.5667199174535711,266.951360821876,Benign
P004393,TCP,Server,Off,EU,1,0,6187.227655787987,6406.053217138534,111.58739138992561,4,SYN,110,0,-64.03954379421798,user,0.4531905862852594,309.2785581657015,Benign
P004394,tcp,IoT,Off,APAC,2,2,6771.71836974245,5646.763729240915,76.77246924037894,7,SYN,143,0,-50.73044489567006,guest,0.19969753464481907,284.51392307383287,Benign
P004395,TCP,Workstation,Off,ME,4,3,5533.582153039397,3932.9148597669096,109.02543788894776,8,ACK,25,2,-75.07884372805837,user,0.13297966373830283,279.2978673409255,Benign
P004396,TCP,Workstation,On,EU,0,1,7573.868425566908,6344.091046126958,142.96164026463282,4,ACK,21,0,-66.62999571835779,user,0.5830807590451624,293.20108070579545,Benign
P004397,tcp,IoT,On,APAC,2,2,5379.040449435766,,114.56483494725869,3,FIN,110,0,-54.04289039476261,guest,0.32835903009092626,267.40298385079,Benign
P004398,UDP,Mobile,Off,EU,3,0,6882.481185176622,,101.8779641668211,8,FIN,25,3,-57.144661761468264,user,0.31491516902584216,285.5735124643618,BruteForce
P004399,TCP,Mobile,Off,US,2,0,3915.284664180531,5321.090427848939,82.73040922883231,5,SYN,443,2,-56.44093351805283,guest,0.11247948736984116,245.5415259281398,Benign
P004400,ICMP,Workstation,On,EU,0,0,6345.279943019082,5850.017264444365,102.99767039908754,6,ACK,25,5,-54.218483250742096,user,0.10411795595686874,304.0638609772451,BruteForce
P004401,ICMP,Server,Off,ME,2,0,4151.802212747196,2709.1136998098605,165.53008116282587,3,ACK,443,0,-73.90206531157126,admin,0.404941200581447,318.433935528256,Benign
P004402,UDP,Mobile,Off,APAC,2,0,5453.720758348643,6170.957652129697,126.24323174114613,8,ACK,143,0,-74.68018359390916,user,0.2953125477771712,303.275531308629,BruteForce
P004403,UDP,Server,Off,ME,1,2,5436.623254924483,7457.936127164468,97.63428027405492,3,FIN,143,0,-66.98680105212047,user,0.25880546626051965,278.2116072225147,Benign
P004404,,IoT,On,ME,1,0,6361.247617010041,1785.026392557591,118.54780956998205,8,SYN-ACK,110,0,-41.899817316534666,guest,0.3101169980652758,295.53996641643704,BruteForce
P004405,udp,IoT,Off,ME,0,1,4475.810409105787,4663.726921762693,146.8044178695607,6,ACK,53,1,-53.36362432498261,user,0.011342489409799338,302.0698654348866,Benign
P004406,UDP,IoT,Off,APAC,4,1,5390.950580923095,5478.410654534722,55.62320912410716,6,ACK,3389,0,-72.89264594625914,user,0.43909908152406946,270.81583527846806,Benign
P004407,TCP,IoT,Off,US,3,3,6023.952200897197,6168.107350676878,169.55184178980267,8,SYN,25,1,-56.8130224432303,user,0.1513076749980074,309.8758386754272,Benign
P004408,TCP,IoT,Off,APAC,1,2,4166.897184329722,,132.00768875919803,3,FIN,110,0,-58.84886191798186,user,0.09607600277789748,304.0175463965662,Benign
P004409,UDP,Workstation,Off,APAC,1,1,6405.162945096082,8721.544035705061,120.86444027363633,2,FIN,21,1,-37.76951888281205,user,0.33897514678015306,309.1651618475473,Benign
P004410,TCP,IoT,Off,EU,1,0,3397.5160541299933,6740.153285899468,149.90215322422202,4,ACK,53,0,-47.374031686630985,admin,0.11553643204175737,305.8168869549244,BruteForce
P004411,tcp,Server,On,APAC,3,0,7173.63069077785,7608.559079609497,111.43901338894734,7,FIN,53,2,-65.81447659036316,user,0.24537978018108714,317.5403077809846,Benign
P004412,TCP,Server,On,EU,1,2,4401.9016084487175,6094.658719672982,108.98377554611022,7,ACK,143,2,-54.008400486533326,user,0.149464853526331,306.12054927343326,Benign
P004413,TCP,Mobile,Off,EU,1,1,6729.267624230839,4489.848410254597,118.90832396289544,6,SYN-ACK,443,0,-54.65994759233028,admin,0.3212149675503488,288.7575192746179,BruteForce
P004414,TCP,Server,On,ME,1,2,2094.416701683241,,126.4032068488537,3,SYN,443,0,-55.96980044770578,user,0.4360933116517613,263.83327322826267,BruteForce
P004415,TCP,Server,Off,EU,1,4,4990.8768536701045,6599.476086490169,126.85883935752231,2,SYN,443,2,-66.45778261523192,user,0.15844825112280034,288.0555556204926,Benign
P004416,TCP,IoT,On,US,2,0,2554.2993798915154,8204.82521714509,112.09692919926877,8,SYN,143,0,-68.64229584470384,user,0.2818920943114004,274.6172811315838,BruteForce
P004417,ICMP,IoT,Off,US,0,1,8558.502629118353,3872.9713104883567,74.08221389511621,5,SYN-ACK,443,0,-50.47613188783458,user,0.13328547694658913,284.266552934088,Benign
P004418,TCP,Mobile,Off,ME,2,0,2316.7526792158583,1885.4540868650347,164.57459026765895,8,ACK,22,1,-65.49095037135447,user,0.1022285168760878,303.0044512617832,Benign
P004419,TCP,Mobile,Off,APAC,3,0,6040.3475538775765,7503.991268640476,75.25231779201754,2,SYN,53,0,-55.990170308207226,admin,0.1729667879471827,284.5311783417548,Benign
P004420,tcp,Workstation,Off,ME,3,1,3853.510708391128,11123.983762602667,106.04688577515462,2,FIN,21,0,-46.21795266714712,user,0.4288169667862854,281.27029543319657,Benign
P004421,TCP,IoT,Off,ME,1,0,2098.4181162759673,7923.590978779965,180.6879620680092,3,SYN,22,2,-66.25361311512404,admin,0.6790319578898618,301.3837934544687,Benign
P004422,TCP,Server,Off,EU,1,1,6153.2777308665845,11216.315298842823,158.1791037397022,7,FIN,80,1,-48.82178471798738,user,0.13835487727063298,294.59068224177327,Benign
P004423,TCP,IoT,On,ME,2,2,6352.103259222108,3774.229718172958,157.23590001287806,6,SYN-ACK,53,0,-66.09706890317139,user,0.5136605459275622,321.6067278343376,Benign
P004424,tcp,IoT,Off,ME,1,2,4808.922359014667,2363.7467051824838,133.9355976608291,6,FIN,110,0,-74.84378840345042,user,0.48277227235928166,276.0852905383992,Benign
P004425,,Mobile,Off,ME,1,1,5816.465133781193,7549.9929810903595,109.21850359719821,5,ACK,110,3,-58.647511863248695,user,0.3525101179660114,296.7615108032293,Benign
P004426,UDP,IoT,On,EU,3,2,4734.530165036137,5066.698220500168,100.4692178465584,7,FIN,80,0,-59.901552074521554,admin,0.47919180502072,291.09327185748435,BruteForce
P004427,UDP,IoT,On,EU,3,1,3366.3456666762095,2765.7963755295827,142.73150758185318,4,FIN,143,2,-68.48665716919872,user,0.2697780664635819,272.1928636612733,Benign
P004428,TCP,Server,Off,EU,1,2,4022.009503863572,9471.162620928642,131.7115890573989,1,SYN-ACK,80,1,-52.199507977203254,guest,0.5954388367372988,261.0641599759909,BruteForce
P004429,tcp,Mobile,Off,ME,1,1,4758.49008114949,8384.371921790287,167.22489639912362,4,ACK,143,0,-60.45059743686524,user,0.17390828352527896,305.96354744417454,BruteForce
P004430,TCP,Mobile,Off,EU,0,0,4004.4166723092744,6213.279208566945,130.01376332796673,3,SYN-ACK,143,0,-44.8769000108845,user,0.2997913994313486,303.3799042267185,Benign
P004431,ICMP,Server,On,EU,3,2,8003.602913657469,3665.5444616539826,105.71661173887732,7,FIN,3389,1,-60.271548175495184,user,0.14260351794682205,318.47242170545053,BruteForce
P004432,TCP,Mobile,Off,APAC,2,4,7483.0469999919405,,92.94208272149257,8,SYN-ACK,110,0,-65.7768813445247,user,0.09902925981221647,278.6555069881001,Benign
P004433,tcp,IoT,On,ME,2,1,8042.602314176427,527.766098815312,110.38408676366629,3,ACK,143,1,-47.355075968866686,user,0.18198603899903915,281.2401562697469,Benign
P004434,udp,Workstation,Off,EU,4,1,5496.649195007975,5013.779906907267,121.92069847104311,7,FIN,22,1,-57.33706890515405,admin,0.1987144884516533,314.05223525983854,Benign
P004435,,Server,Off,APAC,0,1,6370.307463540177,5244.3951115465015,108.9798495605526,4,SYN-ACK,22,1,-41.84625879348974,user,0.1774604657992536,313.553597075609,Benign
P004436,TCP,Workstation,On,APAC,0,3,4826.091304729273,6622.965088177658,113.03229749778252,8,FIN,22,1,-55.667808811502546,user,0.09321213284360085,309.48736926247,Benign
P004437,TCP,Workstation,On,US,1,0,6475.917212601988,1372.814614406917,96.98323267227119,5,SYN,443,1,-63.5383364771047,user,0.5208477187026229,311.22905495324784,Benign
P004438,UDP,Mobile,Off,ME,3,1,3556.7690418831526,3544.2303534717876,118.70012141593388,7,SYN,25,0,-61.83440773614021,user,0.3759621590889361,300.23457865370807,BruteForce
P004439,TCP,Workstation,Off,EU,3,1,3704.6173712687396,8613.238435740936,80.50328170102227,4,ACK,143,0,-63.263144226244094,user,0.4594509427135745,270.0633202379425,Benign
P004440,udp,Workstation,Off,US,3,0,3175.436454941261,2027.7403810285882,68.92230417178067,3,SYN,80,0,-52.5516157534329,user,0.1301470425900615,260.2802224545242,BruteForce
P004441,udp,Mobile,Off,US,0,1,4645.823416189599,6801.2347343009205,155.50350662673856,6,FIN,443,1,-75.35478721699552,user,0.31231538961241156,302.36163617620684,Benign
P004442,UDP,IoT,Off,EU,1,0,3493.3587245580943,5416.830369242244,109.11848695452537,7,SYN,443,0,-60.025244196671274,user,0.052888357255694775,278.1295011441388,BruteForce
P004443,TCP,Workstation,Off,APAC,3,2,5050.563688302306,6424.57653199714,61.78792787532406,7,FIN,143,0,-45.17946471688075,user,0.3336601173981664,266.91863415389935,BruteForce
P004444,TCP,Mobile,Off,ME,3,2,6279.542186114446,8998.49019815012,106.58987376625933,3,SYN,3389,2,-67.2519231049373,user,0.33911372581434895,287.9124680940138,Benign
P004445,ICMP,Workstation,On,ME,2,1,3706.0993386013,3551.2566185269043,129.84421226243464,1,FIN,21,0,-58.126945446717514,user,0.8231770313061425,310.1616853909211,BruteForce
P004446,TCP,Mobile,Off,EU,5,2,4739.898235826244,5080.178579687714,86.56382297908748,5,FIN,110,3,-37.17934196841739,user,0.3887864290691714,276.9640775019744,Benign
P004447,ICMP,Server,On,US,2,0,5640.964578393503,4265.644450923706,97.38753958066553,6,SYN-ACK,143,1,-65.061276147172,user,0.4683021765361963,310.90105645203016,Benign
P004448,,Workstation,Off,ME,1,0,3120.167631270905,7582.537918487873,131.53701055653949,6,ACK,443,1,-57.99078074783034,guest,0.3669191944917662,289.0016623578168,BruteForce
P004449,udp,Server,On,ME,3,1,5640.558299827902,6833.909616564038,150.95928452569504,3,SYN-ACK,143,1,-56.81737901663542,user,0.24900887179474174,321.4448419526036,BruteForce
P004450,TCP,Workstation,Off,APAC,7,1,2142.1713080760874,7808.723946328463,120.7938388747436,11,SYN-ACK,143,2,-58.919226532379824,user,0.23054873376926285,297.33058430095014,Benign
P004451,ICMP,Workstation,On,EU,0,2,4988.947474914012,4593.083835195224,154.98059259655057,3,SYN,80,0,-65.06912518974461,user,0.7173407230850684,307.46557645736704,Benign
P004452,udp,Workstation,Off,US,1,0,4728.2962216618525,2646.0593600420852,118.88037437114994,7,SYN,110,1,-75.95538004028128,user,0.345447572289785,289.94203946418196,BruteForce
P004453,TCP,Mobile,Off,EU,2,0,6030.549759729285,4085.6967527001957,113.00589708680755,4,FIN,3389,3,-64.21766011003616,admin,0.2841469872168706,298.9592155579494,Benign
P004454,ICMP,IoT,Off,US,3,1,3545.3801152568444,5375.3110170833015,140.0609150956006,5,FIN,443,1,-53.62338064275856,user,0.2209536849098579,313.7097299521773,Benign
P004455,UDP,IoT,Off,ME,2,1,8135.699518519576,5245.835419225857,131.02075823565104,7,ACK,53,2,-64.61699377916028,user,0.08734239931816892,333.48012284535866,Benign
P004456,TCP,Server,On,EU,0,1,4942.948671834137,7423.797203148601,109.11496638166759,6,FIN,21,1,-53.47546954337548,guest,0.18505305437294578,291.11933368659516,BruteForce
P004457,tcp,Server,Off,APAC,3,0,4331.601077150301,12058.352509629909,100.05039331093194,3,ACK,25,0,-53.00140277056817,user,0.4359692097715096,274.5774206685049,Benign
P004458,udp,IoT,Off,ME,4,3,4047.265106354419,3500.9669785020305,142.02619586809152,3,SYN,443,0,-67.03335719075723,user,0.33814759575489234,294.1910131721936,Benign
P004459,udp,IoT,Off,APAC,2,1,7704.515010460652,6732.285351906763,93.5131101877754,4,SYN,21,1,-69.54857577688716,user,0.26042946932212796,298.3592307277928,Benign
P004460,UDP,Workstation,Off,US,3,0,2373.8356066839237,7609.184303408357,78.03926501462018,4,SYN,25,1,-35.604235736205986,user,0.14178823453079406,266.6429569086098,Benign
P004461,UDP,Server,Off,EU,1,0,5301.255950054662,5800.036544591701,109.00202982501824,1,FIN,110,0,-60.55457197824535,user,0.158118382266602,282.8726707402781,BruteForce
P004462,ICMP,Mobile,Off,US,3,3,7256.403888445177,4555.924257771564,73.41980035803647,6,SYN,443,1,-65.8410509676015,guest,0.2170419321292227,267.4946528544235,BruteForce
P004463,tcp,Mobile,Off,APAC,1,0,4729.1711426355905,7419.1149920304615,133.08217857121087,2,SYN-ACK,53,3,-57.93400340522368,admin,0.04298949494351137,271.3660482797307,Benign
P004464,UDP,Server,Off,US,0,2,5483.2183529594995,6705.9563130872875,123.73938947114667,2,FIN,80,0,-62.261043201838696,user,0.17291975757926595,293.5212674047935,BruteForce
P004465,udp,IoT,On,US,5,0,5798.488231759569,6696.856570322883,98.50982529405778,7,SYN,25,2,-54.28776165685987,user,0.6816362866118987,312.6351030161265,BruteForce
P004466,TCP,Mobile,Off,US,2,0,4651.346232416061,3483.0091110722424,100.73025096703898,3,ACK,443,1,-70.99760306848472,user,0.5594232321990235,251.37274760272075,Benign
P004467,tcp,Server,On,EU,3,2,3233.1343390343836,3347.822470127733,146.67741350786346,4,SYN-ACK,25,0,-50.08872689036099,user,0.024830936730728257,286.3490715686772,BruteForce
P004468,udp,Server,On,US,4,1,6880.976636518947,4755.435877441791,135.0931880922671,4,ACK,3389,1,-54.1782352497168,user,0.18384874580908905,315.7423791640879,BruteForce
P004469,UDP,Mobile,Off,US,0,1,3554.4731772051746,6943.595072579539,196.7930829797515,6,SYN-ACK,80,1,-50.2680236439663,admin,0.5955528773691596,326.19450779745864,Benign
P004470,TCP,Workstation,On,APAC,3,0,4749.342767426762,6523.011136079786,147.59834722269886,3,SYN,443,1,-47.06311042699434,user,0.6105058517558805,303.55514842019227,Benign
P004471,UDP,Server,Off,US,2,1,3354.7118289087625,6951.029767887631,122.09060413173904,6,SYN,53,0,-74.31923707070372,user,0.2780546553379154,261.7161194461247,Benign
P004472,TCP,Server,On,US,3,1,5857.875086027155,6040.4112500664105,113.60236700964094,8,FIN,80,2,-64.31887657372923,user,0.327157116267252,310.8643055782785,Benign
P004473,tcp,Workstation,Off,EU,5,2,5718.376709010097,3152.8769781874034,157.25180204819128,7,SYN,110,0,-72.93483584708929,user,0.25546626082256435,328.3120129016536,Benign
P004474,UDP,Server,Off,EU,1,0,7125.186447596132,3685.426894928302,114.87117244050083,3,ACK,110,2,-61.767706419600614,user,0.343482088192171,278.57850572177085,Benign
P004475,tcp,Mobile,Off,APAC,5,0,5713.3648416449205,4447.090323198763,92.83902643546847,4,ACK,80,1,-66.50727423310727,user,0.1284623859598611,272.2327764939282,Benign
P004476,TCP,Workstation,Off,US,1,0,4496.252273922053,7078.969019026315,715.8800661396157,2,SYN-ACK,21,0,-68.37331431738251,user,0.5626371670276726,270.76298280670215,BruteForce
P004477,TCP,IoT,Off,APAC,1,2,5258.767085944681,7678.782487123755,162.74794578299995,5,SYN-ACK,25,0,-68.0949210333251,user,0.34949527507922795,323.38056371266623,Benign
P004478,TCP,Workstation,On,ME,1,0,5291.745924705755,6852.0124023692115,171.51132334235118,8,FIN,110,1,-59.29235724734571,user,0.4449271170770037,324.2438208114697,Benign
P004479,,Server,Off,APAC,0,1,6920.50951153226,6829.4079917809995,167.69421466676525,5,ACK,22,1,,user,0.08176416556187682,354.6549455472419,Benign
P004480,,Mobile,On,APAC,3,2,3899.55345625868,3925.3362971663896,165.20559854676065,4,FIN,443,0,,admin,0.12159865540533003,280.1519896185682,Benign
P004481,TCP,Server,Off,EU,1,1,4679.474018186277,5105.393581884771,96.65895815309163,3,SYN,3389,1,-44.256264148903476,user,0.17530180234131335,283.2360213473209,Benign
P004482,UDP,IoT,Off,EU,2,1,5948.188097871814,7042.998948173489,97.98067692604278,7,ACK,25,0,-63.56077897616682,user,0.44172993810118577,295.8705639118686,BruteForce
P004483,udp,Mobile,Off,APAC,3,0,3191.7053071997852,5328.518702267781,90.12786348919056,6,SYN-ACK,3389,1,-55.51291508324687,user,0.35197964351790517,296.4745406318147,Benign
P004484,UDP,Mobile,Off,APAC,2,0,2774.033003430822,6832.399846075684,94.59371215816564,6,SYN,143,1,-60.601502462124465,user,0.47078572048640627,284.73930398869635,Benign
P004485,TCP,IoT,On,APAC,4,0,5290.884331036939,5669.4203136441865,115.11171805491045,5,SYN,25,0,-66.36861219215733,user,0.2558237141581336,309.2419177988027,Benign
P004486,UDP,Mobile,Off,ME,2,1,5732.119456582365,6211.507706971941,93.6149319189144,3,ACK,53,3,-68.11600532187407,user,0.14063512128985545,263.9237362747449,Benign
P004487,tcp,Workstation,Off,US,2,0,1043.3950573798634,4687.707782894688,99.2530856258487,3,ACK,3389,0,-41.06285663669655,user,0.17103610416097234,250.15755606054353,Benign
P004488,,Mobile,Off,EU,1,1,4817.061137743873,8396.233484953964,62.77073192863258,6,SYN-ACK,143,1,-68.11961458344936,guest,0.5778982206109733,260.3328893717844,Benign
P004489,TCP,Server,On,US,2,0,4808.0994399456895,5892.044667676924,82.5828238988442,9,FIN,3389,1,-64.72008894278238,user,0.6918492477356643,301.5029941870874,Benign
P004490,UDP,Server,Off,ME,1,1,5182.12016729454,7263.556165494672,108.08909605704594,4,SYN,22,1,-58.71667821550575,user,0.6285200771429595,304.3183087291564,Benign
P004491,ICMP,IoT,Off,ME,1,0,5722.805168996458,6388.880667808658,110.80903145943536,5,FIN,22,3,-49.338008864843616,user,0.43247732266042394,289.704395215059,Benign
P004492,TCP,Mobile,Off,US,2,0,5924.733269979059,1216.0046692687038,155.5233012759325,4,SYN-ACK,22,2,-54.60850746637176,user,0.21156034440620325,303.8949854932592,Benign
P004493,UDP,Mobile,On,APAC,4,1,6194.081276131481,6213.542942590469,74.97325687080539,5,SYN,25,2,-37.069907733575334,user,0.2330844938014449,238.77914452804833,Benign
P004494,TCP,Workstation,Off,ME,3,1,4172.605864562166,2095.580453761209,115.0649172152304,9,SYN-ACK,3389,2,-78.76228957785571,user,0.7180046139936106,292.2295710006126,Benign
P004495,udp,Server,Off,APAC,2,0,3286.283498779506,,111.19806662540431,2,SYN,443,3,-72.55978953582012,user,0.25997848180059374,240.96774657311138,BruteForce
P004496,UDP,Server,On,ME,5,2,7995.340893002926,7254.670352715163,108.02885462826701,5,ACK,53,0,,user,0.16353817450827612,312.79650040708486,BruteForce
P004497,UDP,Server,On,ME,2,1,6121.129656536235,3274.2502331743112,96.28278205456529,3,SYN,25,1,-57.57555083769499,user,0.08818477381336766,262.5948875274679,BruteForce
P004498,ICMP,Mobile,Off,APAC,3,1,4784.983314229264,9741.319703693223,107.33070866402065,6,ACK,443,1,-45.82346711928884,admin,0.47009760012406626,260.8323026181452,Benign
P004499,TCP,Server,On,ME,2,2,4251.889272764654,2504.105232282292,120.54220089546754,6,ACK,143,3,-51.85440750846371,user,0.2570869243013054,284.7707358262134,Benign
P004500,TCP,Mobile,Off,EU,2,1,2109.960984502099,4302.803523214898,132.69447933308072,4,SYN-ACK,80,1,,user,0.4370575669160212,261.25612127614966,Benign
P004501,udp,IoT,Off,EU,4,2,6508.819975190467,7613.163553365845,104.97274732645525,6,SYN-ACK,443,0,-72.45131589611229,admin,0.0327104119601181,312.1927034482132,Benign
P004502,TCP,Workstation,Off,US,1,1,5994.00647938245,5576.2262784443255,139.47374817087592,5,FIN,25,0,-55.76396163642117,guest,0.1768654692425582,308.24075714569193,Benign
P004503,TCP,Workstation,On,US,5,4,6885.037276429807,7373.716818163228,82.36520815906833,4,FIN,143,2,-43.50801931215351,admin,0.040274382838108795,263.55031991228867,Benign
P004504,UDP,Mobile,Off,ME,3,2,5843.7895991099795,7472.266322258032,117.09269228396106,5,SYN-ACK,53,2,-45.63363795447321,user,0.13558712567233303,293.96643751553074,BruteForce
P004505,TCP,IoT,Off,ME,2,0,9534.939906014855,6840.723259465281,89.61750247684623,6,SYN-ACK,25,0,-56.588754348049356,user,0.1062822336632166,308.56063015334485,BruteForce
P004506,TCP,IoT,Off,ME,4,2,5277.1764944737,4952.677118244458,154.8665597964565,4,FIN,21,0,-50.359731781451416,user,0.03781266535658926,308.44301422541974,Benign
P004507,TCP,Mobile,Off,APAC,4,0,5370.151363197372,8036.976449248182,127.1277854820005,10,ACK,25,0,-48.85064826585708,user,0.13216922546924972,326.6350001302184,Benign
P004508,ICMP,Workstation,On,EU,1,1,4473.488732636991,5270.8221317424095,77.2840006438309,5,ACK,110,1,-52.26528689781354,user,0.41504952749753976,265.33961630414416,Benign
P004509,UDP,Workstation,On,US,3,2,3523.3040753482064,5995.3523611438095,114.15397557788683,6,FIN,22,2,-68.42280266300382,user,0.049878126334774474,278.5357089800409,Benign
P004510,UDP,Workstation,Off,US,1,0,3664.2554613579478,4878.879660294555,106.9524626518121,4,ACK,25,0,-69.95708705502922,user,0.46879404123085394,275.90130909665663,Benign
P004511,UDP,IoT,Off,EU,3,0,2549.760841665086,7252.876440525717,134.668047618766,2,ACK,22,0,-69.82275100347448,admin,0.06237871556932224,266.40367026967255,BruteForce
P004512,UDP,Workstation,Off,ME,4,1,6524.600244928612,4039.907804441562,146.89951777598978,4,ACK,143,0,,admin,0.4219450100119718,336.72817461189675,Benign
P004513,TCP,Mobile,Off,ME,2,1,6474.316511012006,5713.414439328908,133.6322989024273,5,SYN-ACK,3389,1,-65.10238447443037,user,0.32053387056235316,309.1318897963754,Benign
P004514,TCP,IoT,On,ME,2,1,4366.182165285161,1939.4669996803177,85.75970850848981,3,SYN-ACK,21,3,-68.74813260319927,guest,0.16921695021435068,273.91252145297693,Benign
P004515,tcp,Server,Off,EU,2,1,6376.349683337849,,124.8125730353785,6,SYN-ACK,21,3,-68.4578588479733,user,0.33143546487164743,298.81019828980067,Benign
P004516,TCP,Workstation,On,US,1,1,7469.2611678888725,5348.268063686315,154.3008042512044,6,FIN,80,0,-49.211477854976295,user,0.43531603899843324,301.2804650400123,BruteForce
P004517,ICMP,Server,Off,APAC,3,1,4310.083344307334,6957.242418062393,57.046345976759156,2,ACK,110,2,-56.61813866027424,user,0.2632546868462961,266.297423135596,BruteForce
P004518,tcp,IoT,On,EU,2,0,7221.473743663919,6618.042359135853,122.86037303407504,1,ACK,443,0,-36.838841066753645,user,0.272001799838183,284.685678451961,Benign
P004519,TCP,Workstation,Off,US,5,1,5057.548984929511,7035.6822715713515,109.93829270520841,5,ACK,22,1,-49.43684687273185,user,0.4631228421274198,292.86282590561893,Benign
P004520,UDP,Server,On,EU,3,1,6906.853691438086,,145.35370001178055,3,SYN-ACK,80,1,-54.66889037345082,user,0.19382539409490374,312.5914333712859,BruteForce
P004521,UDP,IoT,On,EU,4,2,5612.642527876766,8958.7634585667,97.85996124828466,7,ACK,53,2,-53.899851233020364,user,0.38566108642185765,280.43300743071495,Benign
P004522,ICMP,IoT,Off,US,3,0,4771.742367130822,4030.4903590356107,116.2450237997621,7,FIN,443,1,-58.813568887941415,user,0.07549102626442913,311.72101882036975,Benign
P004523,UDP,Workstation,On,EU,7,5,6686.846440505164,3244.24838822983,140.37572083562674,6,FIN,3389,3,-73.28599551107314,user,0.27023980519360785,295.8360964174194,Benign
P004524,TCP,Mobile,Off,US,3,2,2674.1495877631914,2727.5149618680753,133.11785716386572,4,ACK,110,2,-70.29985443863673,admin,0.16758031539207738,261.3518805134834,Benign
P004525,TCP,Workstation,On,ME,1,1,7069.51404239776,,137.32823655193826,6,FIN,21,0,,user,0.2106534770334112,342.4139984696802,Benign
P004526,UDP,Workstation,Off,US,1,2,4797.644107952944,3626.782605694334,78.66766725733672,5,SYN-ACK,80,0,-69.19168531434701,user,0.1673569107753576,238.08810731813443,Benign
P004527,UDP,Mobile,On,ME,4,0,6020.005311370681,,82.26431178347629,4,FIN,25,2,-72.52436464841814,guest,0.3899102942356675,278.44407980921557,Benign
P004528,TCP,Server,On,APAC,4,0,4596.6820023251,8075.547246302815,110.75738222089207,7,SYN,80,0,-57.074608731874946,user,0.4846656054472526,318.07545516477546,Benign
P004529,TCP,Workstation,Off,ME,3,1,5179.889045592415,8087.35795088954,84.62031902825481,5,ACK,110,1,-64.12062619388742,user,0.20176062841580275,303.5595261833161,Benign
P004530,ICMP,Mobile,On,EU,0,1,3219.0089906558414,4902.489108411627,116.26078208724346,6,SYN-ACK,21,1,-52.054540556834795,admin,0.12336491523132279,301.7960707416779,BruteForce
P004531,UDP,IoT,Off,US,2,0,4615.612040945014,4631.94317727739,137.16908076832624,4,FIN,21,2,-50.66737633999184,user,0.5973558591701782,304.8290942391356,Benign
P004532,TCP,Server,Off,EU,4,2,5703.743861944732,11015.409309430208,134.6856033235376,2,SYN,443,0,-65.22403800540306,user,0.3841952542928926,282.19044751791955,Benign
P004533,ICMP,Workstation,Off,APAC,1,1,7251.656861536223,7088.505505450312,405.1780321040724,5,SYN-ACK,25,1,-68.55177571605518,user,0.35969698214244,311.7742394878689,Benign
P004534,TCP,Mobile,Off,US,1,3,3120.7487655105265,7248.9281919161185,557.9431671572584,2,FIN,53,1,-66.20648390044936,user,0.1379930848170239,288.8737673502423,Benign
P004535,tcp,IoT,Off,ME,3,1,2488.6390639909973,7566.8279542367645,74.38698001660046,4,SYN,110,1,-69.83684713434504,guest,0.2903530312989752,270.10765608356115,Benign
P004536,TCP,Workstation,On,ME,2,1,4051.2666896499913,3530.616558367296,138.02705365678892,2,ACK,80,0,-55.01685205221577,user,0.2450852153367631,319.1898362692949,Benign
P004537,udp,Server,On,US,5,0,5261.231893610644,4988.208762390959,124.90469138957354,3,SYN-ACK,80,0,-55.421119216883476,user,0.19211333751763704,296.5513719702114,Benign
P004538,tcp,Mobile,Off,APAC,1,2,6601.8231454565075,7049.816466970351,158.83131914696207,9,SYN,22,1,-59.84557429683231,user,0.10448024741928544,342.00070076312085,Benign
P004539,TCP,IoT,Off,ME,4,1,6065.974748797409,4232.786226666755,181.2629011772655,6,SYN,3389,1,-48.433425575812294,user,0.07957180144206337,308.77052744567857,BruteForce
P004540,UDP,Workstation,Off,ME,1,0,4253.990383641929,8266.698903387194,164.64122048965277,3,ACK,80,0,,admin,0.5826192797659451,304.1585904909266,Benign
P004541,TCP,IoT,On,ME,1,0,5486.978513271755,8813.482780683455,115.44461116580436,2,SYN,25,1,-37.4751073981093,user,0.38815023108435465,287.2601441175424,Benign
P004542,tcp,Workstation,On,US,2,2,4501.797199911135,6164.537538642208,77.87077473952368,6,SYN,110,1,-58.63441811235638,user,0.3858133074977664,259.00097805276204,Benign
P004543,ICMP,Workstation,On,US,0,0,3436.856443801114,9701.434280272759,129.7102840309385,4,ACK,22,1,-58.289636673039524,user,0.47506814894486965,296.34139035292395,Benign
P004544,TCP,Workstation,Off,APAC,1,1,5957.563196043193,7804.7841390474805,94.47689492483929,4,ACK,143,0,-63.92714553839926,user,0.5256051003008305,299.7522325062333,BruteForce
P004545,TCP,Workstation,Off,US,0,1,6539.379983973391,6901.63340885491,53.55983114778276,9,ACK,110,0,-69.644671437204,user,0.49203842896185324,274.8327791720345,Benign
P004546,tcp,Workstation,On,US,2,1,5435.009738048278,1835.1870587996473,129.69550942600168,3,SYN-ACK,22,1,-54.44577022738181,admin,0.1683566552804892,320.03773235968475,Benign
P004547,udp,IoT,On,EU,1,0,5194.863291648622,8662.108220553384,87.66669571336007,6,SYN,3389,0,-66.59072521272824,admin,0.3055137371866125,268.2245692592507,Benign
P004548,TCP,Workstation,Off,EU,5,4,6397.869120870873,7398.712144825589,179.8285811346138,8,SYN,110,1,-69.34637139643414,user,0.03270504562058801,319.9315820451798,Benign
P004549,ICMP,Workstation,On,EU,2,0,5080.493149092716,6813.9605793491655,65.76966194616611,7,SYN,21,1,-79.41678832709097,user,0.4574920518580339,275.07017993174577,BruteForce
P004550,TCP,Workstation,On,ME,2,3,3246.93012193089,9621.858242392369,94.35111046035408,2,ACK,443,2,-50.85220813035362,user,0.2875591732381572,287.8469122792195,Benign
P004551,TCP,Mobile,On,ME,0,0,6231.680360542434,,130.5221245509528,5,SYN,110,1,-64.57142677556202,admin,0.3450429819493773,300.0936959699376,Benign
P004552,udp,Mobile,Off,ME,0,1,3024.353184987125,5544.017324476171,142.48222153993987,3,SYN-ACK,21,3,-71.22925810448382,user,0.3000306330625562,306.14525956523755,BruteForce
P004553,UDP,IoT,Off,ME,3,0,7847.447775791068,9354.851593624215,90.3367191332553,1,ACK,22,1,-51.793820480038455,admin,0.4259851201657535,297.06499490651436,Benign
P004554,UDP,IoT,On,ME,4,0,3722.4346283256864,5505.776526331005,137.70162001689334,3,ACK,110,2,-56.126714193114616,guest,0.2688007481521918,315.7559360903098,BruteForce
P004555,ICMP,Server,Off,APAC,1,2,6479.840445740536,5780.130933940512,61.52429011320338,2,ACK,143,3,-67.4967969492536,admin,0.31505396231578003,251.7630883461995,BruteForce
P004556,TCP,Workstation,On,EU,4,1,6027.836426328754,6987.118197274007,109.17800761678598,1,FIN,53,1,-60.33410622319201,user,0.08428567543610625,273.5816823624034,BruteForce
P004557,TCP,Server,On,APAC,1,1,4799.015002669864,6689.249434270776,159.62700150451602,5,ACK,3389,0,,user,0.1462649327588116,323.91502103585265,Benign
P004558,,Mobile,Off,EU,1,0,6288.364538400593,6863.864332254667,118.24894935257214,2,ACK,21,2,-57.021663672221436,user,0.26395771625833964,301.206942781309,Benign
P004559,tcp,IoT,Off,US,0,2,6349.102529145982,9831.492539600953,92.25288374272125,4,SYN,110,0,-47.53544581230385,user,0.04060009503710102,271.9636656892592,BruteForce
P004560,,Mobile,Off,ME,4,2,1523.794370891202,,126.21440866170711,6,ACK,25,1,-65.008137413396,admin,0.2822428666166998,288.71228996413925,Benign
P004561,TCP,Workstation,Off,US,2,1,7460.920306822304,7590.171707100748,106.85877175982941,8,FIN,3389,3,-65.51268682438014,user,0.30815796241327326,276.73315968170726,Benign
P004562,UDP,IoT,Off,ME,2,3,5834.190723807818,5127.183101426951,103.94050017965733,5,SYN,3389,0,-75.78995997813257,guest,0.11732278352292068,262.4925685042777,Benign
P004563,UDP,Server,On,US,2,2,3891.236519258359,8248.271125226463,86.14678380261188,10,SYN,53,1,-55.631275701330964,guest,0.19031997052321795,274.884920074663,Benign
P004564,ICMP,Workstation,On,US,3,2,4790.024612961627,,109.48075794270481,8,ACK,110,0,-57.457310585238886,guest,0.2503669860410721,297.16535234220436,Benign
P004565,TCP,Workstation,On,US,0,1,4484.464550421864,10080.939272103875,88.4922512321478,4,FIN,53,2,,guest,0.25558210056010705,267.66548937361216,BruteForce
P004566,tcp,Workstation,On,US,3,1,4760.026104077573,3246.1495584365284,87.39057692389049,3,ACK,443,0,-57.065688811063424,user,0.20173804093248845,281.4119779878588,Benign
P004567,UDP,IoT,Off,US,0,0,5907.4912552587,5615.808319306017,84.22208307826173,4,SYN-ACK,21,0,,admin,0.04618499687001993,280.7590804999715,Benign
P004568,,IoT,Off,APAC,1,0,3011.488886918265,5779.4094382056555,116.22921510629915,3,FIN,25,2,-46.52665905443958,guest,0.537341792393595,259.7837976913606,Benign
P004569,,Workstation,Off,US,1,2,5726.752675910763,4176.725980537866,167.6217767028922,9,ACK,21,1,-48.97909576482148,admin,0.5569566681482478,330.5447659360252,BruteForce
P004570,TCP,IoT,On,ME,3,2,3346.4417484829,6313.8322061597955,74.3122218184543,5,SYN-ACK,143,0,-77.4086974681864,user,0.18461893409728442,248.69905251796007,BruteForce
P004571,ICMP,Workstation,On,EU,3,2,6491.785410638973,7388.770577587053,113.2553668050231,4,SYN,80,3,-52.373386253905196,admin,0.380362028999252,294.02737186277193,BruteForce
P004572,TCP,Server,Off,APAC,1,3,4329.157381233954,5380.931043269465,92.89730556428066,3,SYN-ACK,3389,2,-40.93739912153718,user,0.4377292929570517,263.01430054808816,Benign
P004573,TCP,Workstation,Off,US,1,0,5344.257636501831,9973.318802467944,101.65757735876946,1,FIN,443,2,-45.76433673409261,user,0.4255392956458967,282.24719135964887,BruteForce
P004574,ICMP,Server,Off,EU,4,0,5811.727210949172,6795.521939090382,110.25222255885744,6,ACK,3389,0,-74.14133538299214,user,0.441199747011408,294.57005880897805,Benign
P004575,ICMP,IoT,Off,APAC,1,2,4411.346291653418,,81.02497776757187,3,FIN,25,0,-67.81855958629532,admin,0.30321029199281047,247.0912215903952,Benign
P004576,TCP,Mobile,On,EU,2,1,4762.753077865713,6958.16942220628,136.52565190651023,3,SYN,80,1,-66.9452223987143,user,0.0834046521887102,294.90721771560186,BruteForce
P004577,UDP,Server,Off,APAC,4,0,4044.8234914139207,,146.69186640073727,2,SYN-ACK,80,1,-49.995811893212185,user,0.08503321003584695,332.682573060349,BruteForce
P004578,,Server,Off,ME,3,0,5218.532523341181,3643.0793091295154,106.42404937758104,10,SYN-ACK,25,3,-60.20729578864218,user,0.4265476461569315,273.81773900973354,BruteForce
P004579,TCP,Mobile,Off,ME,1,0,8650.048845547875,5194.70028874668,95.90737143670358,3,SYN,80,2,-47.16425370087983,user,0.23361117497324707,294.88747272401883,Benign
P004580,ICMP,IoT,Off,ME,4,0,6516.144584208416,2565.6855587737305,167.54379724419914,3,SYN-ACK,53,1,-73.33387896589072,admin,0.262366037204651,315.8722317866898,Benign
P004581,ICMP,Workstation,Off,US,2,1,5679.347125204388,8398.635919988665,107.43360278989329,5,SYN-ACK,22,1,-55.42502695306038,user,0.278694435067671,290.9944314155425,BruteForce
P004582,TCP,Mobile,On,EU,0,1,3021.307723309813,3863.7026621318787,136.71038687869074,5,SYN-ACK,143,2,-62.305174182501005,user,0.03242446518462152,285.1212984152602,Benign
P004583,TCP,Server,Off,APAC,2,1,4322.42146579371,3206.118678758008,134.11508364289722,6,SYN,80,3,-66.21734368940596,admin,0.18296549427754472,305.4283755881299,BruteForce
P004584,udp,Mobile,Off,ME,2,1,5484.820724328199,7513.943432708165,111.29562644598843,2,SYN-ACK,80,0,-65.28528523379856,user,0.054963740397748685,307.1382670471466,BruteForce
P004585,udp,IoT,On,EU,1,1,4863.370117661639,8646.927661071346,99.19707435162286,6,ACK,80,1,-68.95882837641093,user,0.2543182698254534,269.93777753840584,Benign
P004586,,IoT,On,US,2,2,4598.037446855549,5176.544638897058,131.16906891349558,5,SYN,53,2,-40.43705384304436,user,0.18363146433280758,293.39586997657165,Benign
P004587,UDP,Workstation,Off,APAC,1,1,4504.700779695358,4764.400261001494,687.2226094973992,3,FIN,143,4,-59.86527946036434,admin,0.15904256749494436,276.8055268044011,BruteForce
P004588,TCP,Mobile,Off,APAC,1,0,4690.356524023586,10679.4003387897,116.91993812417377,3,ACK,143,0,-61.4168579273268,user,0.031663368637141615,292.2960071353717,Benign
P004589,tcp,Server,Off,EU,1,0,5173.918186593612,4714.374119044299,97.994204261141,2,ACK,443,0,-73.65996410426074,user,0.05390644399755572,291.2143785878448,Benign
P004590,,IoT,On,EU,2,2,7718.914318186364,8356.629770680349,54.767762676646356,4,SYN,25,1,-67.960518160004,user,0.5318163170344161,257.95419305512166,Benign
P004591,UDP,Workstation,Off,EU,1,1,6358.575068324411,6300.117387277232,83.52425166807028,8,ACK,443,2,-53.75983533664156,user,0.5519465794140642,284.4803027140449,Benign
P004592,UDP,IoT,Off,ME,4,2,6444.761658818667,6983.158657328501,179.86174018184937,4,FIN,80,4,-49.02082917007816,user,0.5552592760723782,326.5258140379957,Benign
P004593,UDP,Mobile,Off,APAC,3,0,5246.93849635361,5441.801505032126,88.52050709424964,6,ACK,53,2,-61.7621255727134,admin,0.28463918053663306,253.62849265014108,BruteForce
P004594,TCP,Mobile,On,US,2,2,3828.065123025357,7646.898492718757,154.75213829419167,5,SYN,143,1,-58.390213970163444,user,0.1611583323319835,299.5844656536801,Benign
P004595,UDP,Mobile,Off,US,1,0,4537.025585254571,5036.96904615522,115.63486813851533,5,SYN,443,0,-63.27431239930738,user,0.4613711802371363,295.8496984101417,BruteForce
P004596,TCP,Workstation,On,US,2,1,3218.888461491725,4343.2144380676855,162.00925701789262,6,ACK,143,2,-52.739499444879016,user,0.16685295192991223,308.81905558661856,Benign
P004597,TCP,Mobile,Off,ME,0,3,6554.9180293191275,,86.5197465726018,5,ACK,110,1,-65.21135277032967,user,0.5461690537571549,278.0933336450728,Benign
P004598,TCP,IoT,Off,ME,2,1,5080.759300669525,8996.55063692033,111.38940095275699,2,FIN,25,1,-63.74970149403464,user,0.3424615035304088,286.37940963235553,Benign
P004599,UDP,Server,Off,APAC,3,0,5051.820941037805,5431.133077221154,100.17557892866789,9,SYN,143,0,-49.50601839230426,user,0.3512826424328635,277.3463116903855,Benign
P004600,UDP,Mobile,Off,ME,2,0,3731.8232220530363,4041.571639794483,85.06608543476807,5,SYN-ACK,21,0,-67.45666075545483,user,0.22159735021829569,236.32711530789283,Benign
P004601,UDP,IoT,On,APAC,1,2,2909.3581513331815,7160.955957777847,156.62219887578902,6,ACK,53,1,-63.13403527173349,admin,0.3722702096902981,281.09769080333746,Benign
P004602,UDP,Server,On,ME,1,0,2805.3039778703114,6216.852868143599,127.53219287810293,6,SYN-ACK,53,1,-56.89455520816837,guest,0.20923254356885398,301.70118007027685,Benign
P004603,,IoT,Off,EU,0,0,3769.1910005291957,4431.184947441125,135.54978285639936,7,SYN,110,0,-28.701196678173574,admin,0.13136328252745183,280.19993064011237,Benign
P004604,TCP,Server,Off,ME,0,1,6305.1660923966465,7575.554903151786,134.40695743653006,2,ACK,3389,0,-50.38032651000347,user,0.11398048390721409,291.5217443345622,Benign
P004605,,Server,Off,APAC,1,1,4063.002726628754,2487.8623706657154,147.57611510032012,2,ACK,53,0,-74.25620343845827,guest,0.30171829836061015,350.97089435111695,Benign
P004606,TCP,IoT,Off,ME,1,1,4118.109995463193,5772.188250268525,159.56530063788426,5,SYN,3389,2,-51.77652902220378,admin,0.42930270130622505,292.0020878111619,Benign
P004607,UDP,Workstation,On,US,4,0,5582.929184221839,4479.231807948714,125.98236062448062,4,FIN,25,0,-55.48136918562432,user,0.4195702364561127,301.23222883436125,Benign
P004608,TCP,Server,Off,EU,5,0,4141.098079809216,2167.604178147805,117.23285513079463,6,SYN-ACK,53,1,-39.17080821345071,user,0.02853618082201577,296.5696698870029,Benign
P004609,TCP,Server,Off,EU,1,0,4303.506958098279,7292.978261568351,100.33684162506037,4,ACK,21,0,-70.61211382877948,user,0.7049566995995056,261.49857511319493,Benign
P004610,,IoT,Off,APAC,2,2,1914.3032074258585,2946.887582144103,86.17841937161434,5,SYN,3389,0,-63.86954159153431,admin,0.11648091834798312,259.40059554201,BruteForce
P004611,ICMP,Server,Off,ME,2,4,3099.593200553376,6509.583659111709,95.96024283868819,5,FIN,110,0,-62.61121161626052,user,0.12284342165460264,257.86486518640106,Benign
P004612,TCP,IoT,Off,ME,1,0,6523.64953342857,5336.2699992619455,133.4142827008729,8,FIN,25,1,-61.33868758892781,user,0.053127835497898644,331.33180353220445,BruteForce
P004613,TCP,Server,On,ME,0,1,5827.416216314874,7520.974834875365,101.9944919785798,8,FIN,443,2,-47.73741184792982,guest,0.36158108617200296,307.13260998951046,BruteForce
P004614,,Mobile,On,US,5,2,5160.065004361771,7927.2001627889795,57.504411003537065,3,ACK,80,0,-62.38871032650834,user,0.22498038470809487,263.8913696672772,Benign
P004615,UDP,IoT,Off,ME,2,1,4493.626173013247,6900.464421015955,126.71489652017819,2,SYN-ACK,80,0,-75.84687112210587,user,0.48688918535170067,301.8307840466256,BruteForce
P004616,UDP,Mobile,Off,APAC,6,0,4930.170639248512,9789.253551327349,84.5408631959707,7,SYN-ACK,53,0,-62.39077296581387,user,0.11802598852404168,285.3996634177344,Benign
P004617,TCP,Mobile,On,APAC,2,0,6188.889131288366,8829.269876657663,153.34485403529638,6,ACK,3389,0,-89.17137178083232,user,0.1803162417199543,307.88947728703096,Benign
P004618,TCP,IoT,On,EU,2,0,4541.950120050537,9647.215328221966,112.24998240499049,5,SYN,110,1,-51.86348505573481,user,0.3159110100748621,300.00362291830993,Benign
P004619,ICMP,IoT,Off,US,2,1,6642.547206606307,4307.549298105814,796.171633860118,7,FIN,25,1,-62.73198242728901,user,0.2743661966450997,301.0152794258942,Benign
P004620,udp,Server,On,APAC,2,4,7469.1780842823755,5610.254248433325,104.95095855556495,4,ACK,53,0,,user,0.32842530966427086,285.73061477779015,Benign
P004621,,IoT,Off,US,2,0,5231.395677193718,5680.967652785337,51.02003287734583,8,SYN,143,0,-65.6189975449542,user,0.3149710377666099,279.850738216988,Benign
P004622,TCP,Server,Off,US,1,2,4118.2205835327395,7064.876870930439,83.56304189839977,12,ACK,143,3,-63.68395984400578,user,0.15153107978309172,277.70790439535654,Benign
P004623,ICMP,Mobile,On,ME,1,1,3487.658963384599,7701.693695599595,61.035676623064475,9,SYN-ACK,110,0,-52.61840054070712,guest,0.20325927051814174,279.4527702605167,Benign
P004624,UDP,Workstation,Off,US,0,0,7208.339780770184,4248.285613165475,89.0453445419638,6,SYN,443,0,-73.35178776681562,admin,0.08723008687946258,287.2294330518958,BruteForce
P004625,TCP,Workstation,Off,US,1,0,7376.809328478955,5386.276385053932,77.18567148625888,5,SYN-ACK,143,2,-39.235271071633136,user,0.2595952610259541,308.97826597416906,Benign
P004626,UDP,Server,On,APAC,3,1,3382.2582667671404,5476.875142855202,137.35662889943274,4,FIN,3389,0,-66.19804701677681,user,0.46341205405159663,304.48906730463347,BruteForce
P004627,TCP,Workstation,Off,US,1,2,7215.460538842099,6664.0357147461,97.2779388986718,7,ACK,110,0,,user,0.3465848468723362,270.1923419532159,Benign
P004628,udp,IoT,On,ME,2,2,5853.200604923944,8626.602529401593,147.24715762659238,5,SYN-ACK,110,3,-73.44022742636251,user,0.19801377564536304,298.8265155496632,BruteForce
P004629,UDP,Server,Off,APAC,1,2,3812.5025378374257,4384.514109551132,140.53100318246598,3,SYN,21,1,-66.09111497189272,user,0.31704175724585093,312.59309593633463,Benign
P004630,,Workstation,Off,ME,3,2,5945.283723429915,8567.278016253053,125.76323208877959,5,SYN,22,2,-67.36584392178764,user,0.19005359122773574,279.09606984413085,Benign
P004631,ICMP,Mobile,Off,APAC,5,1,6812.366790415707,6455.196230311824,106.94431074937366,5,SYN-ACK,3389,2,-71.09091102963565,user,0.14864820407840584,310.44295040625,BruteForce
P004632,UDP,Workstation,Off,APAC,2,2,2095.685264272685,6671.8420328425755,150.45407418193287,5,ACK,110,1,-50.797664020964035,user,0.2033011869434124,294.5709595261785,Benign
P004633,UDP,IoT,Off,ME,2,0,3023.0970233447333,5245.60037559643,104.88736654287332,3,SYN,25,2,-69.87746592796877,user,0.16902475784130705,299.5664410684816,Benign
P004634,TCP,Mobile,On,EU,2,1,4510.853219116276,3550.299993865257,139.1656547008287,3,SYN-ACK,21,1,,user,0.6957337715531624,295.41378785931806,BruteForce
P004635,tcp,IoT,Off,APAC,5,2,6098.735601562296,6891.7165566433205,93.3233036275134,3,SYN-ACK,110,1,-66.73506241427415,user,0.09504209847132758,286.89528081329337,Benign
P004636,UDP,Workstation,Off,US,0,2,5772.433355146413,3520.75188318847,121.39694082763108,3,SYN,21,0,-55.69860267816405,user,0.16272296014844556,283.39725823835306,Benign
P004637,TCP,Workstation,Off,APAC,5,1,3589.662933035982,5911.848562994176,97.35619791708072,5,SYN-ACK,110,3,-60.859229736801645,user,0.08219919061730338,243.27931271443364,Benign
P004638,TCP,IoT,Off,APAC,2,1,4315.971131369759,7367.366476229668,87.51664663982947,5,SYN-ACK,143,1,-65.60596212651245,guest,0.8091485194777865,275.90853886656714,Benign
P004639,TCP,IoT,On,US,1,2,6114.681705248802,4325.088906100847,118.6312698075473,6,ACK,53,0,-58.8074619959086,user,0.29269041266135265,297.43846771112317,BruteForce
P004640,TCP,IoT,Off,EU,1,0,5349.094388565294,8454.198868090829,93.40866470978177,7,ACK,53,3,-49.57080288317547,guest,0.05057129573695454,298.99847453540815,Benign
P004641,udp,IoT,On,US,4,2,3979.637503427405,3094.1335137052015,147.7747890380994,2,ACK,143,0,-94.90759443934611,user,0.5593505213155643,284.2628304814684,Benign
P004642,TCP,IoT,Off,ME,4,0,3316.528091896799,7109.816557806709,109.49509221260064,3,SYN-ACK,25,2,-38.586463448454275,user,0.2702654757802193,280.1067874671072,Benign
P004643,ICMP,Workstation,Off,US,2,2,7730.696182993497,7073.097602500344,131.47631131554334,9,SYN-ACK,21,2,-49.143221579115426,user,0.12606490317420765,339.03984770399694,Benign
P004644,TCP,Server,On,ME,2,0,5807.390218124493,6693.583378281935,125.86625629322944,2,ACK,80,1,-75.6543625950802,user,0.4987562710663885,289.3193712530806,Benign
P004645,TCP,Mobile,Off,EU,1,2,5212.668764634228,7287.520466388969,206.3962486160815,4,FIN,25,0,-62.6569284029854,user,0.13561190286430633,349.2435068469622,BruteForce
P004646,TCP,Workstation,On,US,3,0,5679.8353932845,5910.105281064783,182.50776737584118,6,SYN-ACK,143,0,-38.997755352556375,user,0.24705756280994784,339.5198218190024,Benign
P004647,udp,Workstation,Off,APAC,5,0,2612.9883757148673,8502.2848994209,81.61105338372329,5,SYN,80,1,-68.61240491676959,user,0.5022605599774745,282.0384568881517,Benign
P004648,UDP,IoT,Off,APAC,3,1,6574.312063160141,2648.744060362012,105.08187067383514,1,SYN,22,1,-49.913135367125996,user,0.16184926010206813,297.30455471806306,BruteForce
P004649,ICMP,IoT,Off,EU,5,1,3639.560043769791,2294.414480856139,163.9390605257233,4,SYN-ACK,443,1,-67.90947730027698,user,0.20317567697749117,296.97762504879324,Benign
P004650,UDP,IoT,Off,EU,1,0,4879.591297359629,7317.989196584894,134.97175252649546,8,ACK,25,1,-49.732107452230345,user,0.26229572897376285,309.36830485917176,BruteForce
P004651,ICMP,Workstation,Off,ME,0,2,5371.787262634942,3933.455435082278,99.80290825738714,13,FIN,443,0,-55.90147994462024,admin,0.24428995419771948,297.2693183119206,Benign
P004652,TCP,Server,On,ME,0,0,2394.965130983074,7268.097194985203,127.82007614565605,8,SYN,143,0,-73.6481949302708,user,0.0899039633270255,311.25572025548433,Benign
P004653,tcp,Mobile,On,US,2,1,5741.229746671725,9558.492483764456,133.937328691168,10,FIN,3389,1,-39.45892862861271,admin,0.2857965674231515,295.6093934263958,Benign
P004654,TCP,Server,Off,EU,1,1,5862.354653265085,4771.068190496771,87.0471576192491,7,ACK,53,0,-55.70492664403347,user,0.23683744925591219,277.64876335662825,Benign
P004655,,Workstation,On,EU,3,1,6623.922996384673,6381.113413382954,70.3134261986129,3,ACK,25,0,-45.97376152220938,user,0.18310177034073233,274.08680762224554,Benign
P004656,TCP,Mobile,Off,US,1,2,5215.3099835109415,2059.2251574096435,90.80645818285356,7,ACK,80,1,-47.914812876923435,user,0.21951346388547122,274.3780649317682,Benign
P004657,TCP,Workstation,On,EU,2,1,4379.940452832548,5810.581488358613,134.6790054655386,3,FIN,443,0,-62.526615802939126,user,0.16327177431028134,328.87537489786314,Benign
P004658,,Workstation,Off,APAC,0,0,3131.991927858351,7303.54235214708,146.26217200597873,3,SYN-ACK,53,1,-48.90332478399434,user,0.3614155214439369,289.8383496420731,Benign
P004659,TCP,IoT,Off,EU,4,2,6122.363654628758,3542.9583470053185,100.94956381395795,5,SYN,143,2,-67.25690288022895,user,0.2910643776260097,284.8565826205884,BruteForce
P004660,,Workstation,On,EU,2,1,3060.26789821883,9994.91115376793,71.17587775047238,5,FIN,21,1,-58.87081937005225,user,0.47317298101958755,246.21691015688918,BruteForce
P004661,ICMP,Mobile,Off,ME,0,0,6779.024196038191,4768.422665029884,78.89725020622657,9,SYN,110,1,-83.619287538254,user,0.29621459846012893,252.4698318751063,Benign
P004662,UDP,Server,Off,US,2,1,8744.482106768075,4895.956920347816,139.92615694967526,7,SYN,80,0,-75.76880346001717,user,0.3761325868815538,310.18574936810654,BruteForce
P004663,UDP,Workstation,On,APAC,3,1,6543.493898382698,6792.4832449727,142.22459551063895,5,SYN,443,1,-50.131870875778844,user,0.1742096171921748,299.29098257997407,Benign
P004664,UDP,IoT,Off,APAC,2,1,5743.096881391529,5937.235987944866,81.23501872932434,8,SYN,443,1,-48.279387421321,user,0.18913354738023902,267.3456005558379,Benign
P004665,TCP,Workstation,Off,APAC,1,2,3740.5133270332044,4881.036753650899,57.4269884840133,2,ACK,3389,2,-51.84481552698054,user,0.2324485263939466,253.6740039086825,BruteForce
P004666,tcp,Mobile,On,APAC,2,2,2874.314088689182,5979.812951742158,152.20667650271469,11,SYN-ACK,143,2,-50.979193054975966,user,0.44670302427766595,302.44095267599397,BruteForce
P004667,TCP,Mobile,Off,APAC,1,1,2388.2918078956027,7802.1824364813765,144.344360924866,3,FIN,143,1,-58.446840269589394,user,0.45567020719676277,258.9337210607186,Benign
P004668,TCP,IoT,Off,ME,2,1,4484.292886955443,6240.214524521952,167.5898701491938,4,ACK,22,0,-59.498395502129654,guest,0.3066488954015649,311.6232039199044,Benign
P004669,UDP,IoT,On,EU,2,1,3950.132767464233,8809.907768659892,147.7565032939711,4,ACK,80,1,-58.5791362656877,user,0.31386372370980514,313.7230119292293,Benign
P004670,UDP,Server,Off,US,1,2,5313.676184962437,7284.810745773775,119.1664770368814,5,FIN,53,0,-54.66505489186343,user,0.28237835620812685,272.45690341364326,Benign
P004671,ICMP,IoT,Off,EU,3,0,4370.911550349264,1938.9042741768058,120.96089057630574,8,SYN-ACK,443,1,,admin,0.5948078938641163,290.88570251041,Benign
P004672,ICMP,Workstation,Off,EU,4,0,5708.437307287812,,140.08026626494507,4,SYN-ACK,21,0,-54.375191676493436,user,0.44016647761954514,322.1778228475921,Benign
P004673,TCP,Workstation,Off,APAC,3,2,3607.4056834628254,7583.957200077679,168.6769366950331,2,SYN-ACK,110,0,-58.3651708128836,user,0.124775588867051,306.31574589435957,BruteForce
P004674,ICMP,Workstation,Off,US,3,1,1760.3019071056237,5187.638515060112,68.76936512059524,7,SYN-ACK,80,1,-55.893885099517874,guest,0.05496102977728837,236.20931968777583,Benign
P004675,ICMP,Mobile,Off,EU,1,0,5776.4570833681,,116.12410920664156,3,FIN,443,2,-58.24972478313948,guest,0.2350771116493546,301.09734226671014,Benign
P004676,TCP,Mobile,Off,ME,2,1,3848.449479273633,5982.483221051669,140.92305139039274,4,ACK,443,1,-65.88548967966143,user,0.4513045887262885,320.90030032452233,Benign
P004677,TCP,Mobile,Off,US,1,2,5994.953057797195,9368.745650251,116.64574832634905,3,SYN-ACK,110,0,-46.188749454086526,user,0.15268882162863448,264.8406694372096,Benign
P004678,udp,Server,Off,EU,3,1,4218.475064189496,7043.322540313423,107.0111580200989,10,ACK,110,1,,user,0.3188989652674773,298.9452453226936,Benign
P004679,TCP,Mobile,On,APAC,3,2,7505.305765748055,5700.60490673411,155.21256027805626,5,ACK,110,0,-69.64712061794069,user,0.21647751599595405,319.56923195517277,Benign
P004680,TCP,Server,On,US,4,2,6131.04458994018,10035.897094752801,108.83632075858667,4,SYN,443,3,-61.67001008088913,admin,0.4907862688753312,275.775544226044,BruteForce
P004681,TCP,IoT,Off,ME,0,1,5862.021886823662,3110.274077150502,116.73101962978733,8,SYN,443,3,-62.33311402004416,user,0.4519454714651212,295.0958641839818,Benign
P004682,,IoT,Off,EU,3,0,3843.937199675151,6639.647935988812,80.46458920927448,4,FIN,22,1,-51.50862517290276,user,0.3525668141406788,276.6854563768503,Benign
P004683,udp,Mobile,Off,ME,2,2,3077.7556048778624,6137.704145704913,110.04409981228304,2,ACK,110,0,-65.9672096377025,guest,0.4494210142843328,284.11543114840015,Benign
P004684,udp,Workstation,Off,ME,0,2,5395.850064816113,6984.521163208467,153.0890192399479,4,SYN,53,2,-56.458820237786995,user,0.13054072461189217,302.04909211444874,BruteForce
P004685,,Server,Off,EU,1,2,4876.285836188662,3840.688867435374,126.16890263129999,4,SYN-ACK,443,0,-46.57989142249977,guest,0.24122290900845092,285.90150539437053,Benign
P004686,UDP,Server,On,ME,0,0,5661.198254501348,6008.98202089706,162.54123451573534,6,SYN,53,2,-69.36815167628774,user,0.14046128950399242,340.0757132004013,BruteForce
P004687,tcp,IoT,Off,US,0,1,6833.187747641645,,179.64014951897528,2,SYN-ACK,443,0,-64.41413463690918,user,0.06523446621597556,316.9413614802439,Benign
P004688,udp,Mobile,On,APAC,0,0,4583.802621631647,8591.932428535332,90.38764577035997,6,SYN,443,1,-72.253999208914,admin,0.18750122087296886,281.5022046169665,Benign
P004689,TCP,Workstation,Off,EU,4,1,6752.351108983083,,95.41319767701239,4,SYN-ACK,143,0,-68.1738107941941,user,0.27986347946441553,310.74380375706863,Benign
P004690,udp,Server,Off,US,2,1,4894.989409947612,5355.852430315508,97.88453403774659,7,SYN-ACK,53,2,-55.26988210392094,admin,0.4709095435237086,284.6178488451668,Benign
P004691,udp,IoT,On,US,2,1,2548.716067283974,4911.2147852734915,114.4984188648623,6,SYN,21,0,-57.68321986571019,user,0.20772413061029643,259.3077504488731,Benign
P004692,TCP,Workstation,Off,APAC,0,2,7322.518899138553,6769.160075419079,95.46037587710838,8,SYN-ACK,25,1,-61.60452581833152,user,0.050869771485814654,276.36703097924004,Benign
P004693,UDP,IoT,On,US,0,0,4741.823109295104,6119.295977198468,101.07898209567274,3,FIN,53,0,-68.88973438763693,user,0.07431193115747492,287.82703573702474,Benign
P004694,TCP,Workstation,Off,EU,2,3,4671.300787984083,4267.194511341213,152.5459571065784,5,ACK,143,2,-61.04738335495914,user,0.13207732879067632,292.3648894422418,Benign
P004695,tcp,Mobile,Off,US,4,0,3184.822632909471,6477.620170871777,72.6530627730389,3,ACK,3389,1,-56.919129779624726,user,0.08662631982404322,279.87745092190494,Benign
P004696,tcp,Mobile,Off,ME,1,1,4385.044523602018,4229.2844368712285,132.58076123236083,3,ACK,53,1,,user,0.4800692508398815,304.3887470903581,Benign
P004697,ICMP,Server,On,EU,1,1,5893.257731199692,6184.692624008836,90.50927233833735,6,SYN-ACK,21,1,-78.18734391287225,user,0.13222845598961144,298.77810885828626,BruteForce
P004698,udp,Workstation,On,ME,2,0,7583.633282617272,6659.003387410138,107.45304540780937,7,FIN,143,1,-53.05986238486382,admin,0.18833389776890347,307.2031748436546,BruteForce
P004699,UDP,Workstation,Off,US,1,3,4163.395619025963,5473.346552697478,196.31043072209619,10,ACK,143,4,-67.49037987147382,user,0.40832412915232597,338.3374929217081,Benign
P004700,,Workstation,Off,APAC,0,0,3581.20053973978,4761.12165292725,141.86858519117354,4,ACK,443,0,-57.203250460751626,user,0.3413149944193607,315.30170562540945,BruteForce
P004701,TCP,Workstation,On,EU,2,2,5446.73904022596,5850.230793132791,119.03389914131321,6,FIN,53,2,-69.01882921582293,user,0.19269154924319684,301.54289910576324,Benign
P004702,TCP,Server,Off,US,2,0,3842.5527220509002,5513.287151350439,129.6643194377201,4,FIN,21,0,-57.230522591839616,user,0.21578238747809114,293.8692238216063,Benign
P004703,tcp,IoT,Off,EU,4,1,5320.483162251133,4670.167747101341,190.26137521712326,9,SYN-ACK,80,2,-63.43763969468619,user,0.11158421484037086,328.70553641963863,Benign
P004704,TCP,Server,Off,EU,4,0,5761.429694322654,,131.51711861050106,4,FIN,80,1,-54.058469339322336,user,0.30202195972884605,305.51777470031317,Benign
P004705,UDP,Server,Off,US,1,1,4460.614926643557,2703.5779751908267,166.11991461540168,8,SYN-ACK,25,1,-55.74982997959522,user,0.48774209139550423,321.3350093997038,BruteForce
P004706,TCP,Server,Off,APAC,0,1,5740.650047753007,5312.9918059975535,101.09557758817803,3,SYN-ACK,3389,0,-64.8657361972263,user,0.6587096414993975,277.37966189733777,Benign
P004707,UDP,Workstation,Off,EU,2,3,4462.6702933486995,5047.52083236854,132.89002655601672,7,SYN,22,2,-53.0912421417341,user,0.15523538248831448,285.7889476224443,Benign
P004708,TCP,Workstation,On,US,2,0,3900.9397560579537,7139.209292361935,122.51359960260267,5,SYN-ACK,443,0,-57.65717015502974,guest,0.49844764759059623,287.6295710160121,Benign
P004709,UDP,IoT,Off,EU,1,0,4728.339664931985,6484.3817971901335,166.95915361345178,6,SYN,143,0,-49.21352389185082,user,0.4637895054325572,310.2393684359126,Benign
P004710,ICMP,Server,Off,APAC,0,1,4682.6862076670695,4454.200448511559,121.80835298674123,10,SYN-ACK,3389,0,-65.07183431421832,user,0.1676559554839929,319.4041667119333,BruteForce
P004711,UDP,Server,On,US,5,5,4091.0066416633063,8227.69863669062,71.42210344545143,4,SYN,21,1,-55.521357333714946,user,0.15663535253772484,264.4911918806925,Benign
P004712,,Mobile,Off,ME,3,1,4923.104592530695,5850.199052262946,49.663859852724315,8,SYN,21,1,-45.88517470441167,user,0.548858176931169,276.6193738432528,Benign
P004713,TCP,IoT,Off,EU,1,0,3887.7825106252567,3590.604941122058,131.58987922388943,5,ACK,443,0,-61.95404807703018,user,0.16340798314152194,297.8704430335189,Benign
P004714,UDP,Mobile,On,EU,2,2,6349.10344823884,2580.2286330923685,80.3816419546554,6,SYN-ACK,25,1,-67.7311737771789,user,0.4762851043108124,262.31092255111645,Benign
P004715,UDP,Workstation,Off,US,5,0,3977.284432439623,8406.740274775442,122.45348803089414,2,SYN,3389,2,-78.62805271484217,user,0.4822159670367404,286.2643370637434,Benign
P004716,tcp,Workstation,Off,EU,3,1,3349.885883392247,2947.630239858571,93.05077114360134,7,ACK,22,1,,user,0.23799733203415097,279.5926011152105,Benign
P004717,TCP,Server,Off,US,1,0,6434.544273891688,4497.156693147263,121.86299472694357,3,FIN,22,1,-71.87973576449427,user,0.4383523252701118,308.8564098870561,Benign
P004718,TCP,Server,Off,US,4,2,7251.350704136066,5491.239943398676,129.15942398293188,2,SYN-ACK,3389,0,-58.94957737943726,user,0.21722845783379965,290.0833060388889,Benign
P004719,TCP,Server,Off,US,0,2,4751.889867315211,6868.803280159849,106.18679066848782,8,SYN-ACK,143,1,-71.76135570238038,guest,0.13802732824770064,277.40323265870813,Benign
P004720,tcp,Workstation,Off,APAC,2,0,1669.214892452132,5405.262156460224,76.95528541958845,5,SYN,143,3,-57.38743797346447,admin,0.17359854128479402,273.1480156406644,Benign
P004721,UDP,IoT,Off,ME,1,2,7092.3246955213635,6662.025643183423,99.46474862331013,4,FIN,143,2,-55.35312238154773,user,0.2735975837388981,284.89131475132115,Benign
P004722,UDP,Server,Off,EU,5,2,6037.645840167139,6189.902221670889,127.59925440510358,4,SYN,22,1,-59.5032970283568,guest,0.052916633114868654,290.0395925632174,Benign
P004723,TCP,Server,Off,EU,1,2,2508.2230705606025,6644.77422860865,125.19030605821166,7,SYN-ACK,443,1,-61.164630622132634,user,0.38295931013563506,288.8429452876781,Benign
P004724,UDP,IoT,On,US,2,2,3657.5435098759217,6514.678816196795,160.05777587851784,8,ACK,3389,0,-55.62729505670841,user,0.346196240576725,320.6080598367991,BruteForce
P004725,TCP,IoT,Off,ME,2,0,4950.179021651307,4261.5929092166625,149.80135886452263,3,ACK,3389,0,-50.47891189304993,guest,0.19802824878515107,297.0611985288949,Benign
P004726,udp,Workstation,On,ME,3,1,4766.752440702506,5016.284745905553,76.63646094048299,2,SYN,22,1,-55.3254927269182,user,0.03596618041852073,265.379101852768,Benign
P004727,udp,IoT,Off,ME,1,0,4238.207778607877,7868.1268136749095,143.96136330355583,6,ACK,21,0,-72.60967986325343,user,0.45234170872257984,334.8605126568336,Benign
P004728,udp,Server,On,EU,2,0,4604.664324221272,6681.451622440559,68.07876034011136,2,SYN-ACK,3389,1,,user,0.13235929620347753,251.3345785916609,Benign
P004729,TCP,Mobile,Off,ME,0,1,3673.5269840967367,4020.7422509458206,152.89673276233492,10,SYN,110,1,-70.59960751418207,admin,0.434939768797031,308.7431542014266,BruteForce
P004730,TCP,Workstation,Off,ME,2,0,5355.254557278886,2484.3588645340947,160.58083542097287,3,ACK,143,3,-48.142099573089574,user,0.3969654217350481,303.1672812739123,Benign
P004731,tcp,Server,Off,EU,4,0,3232.688541944899,5415.918863397228,102.44837236856424,5,FIN,25,1,-55.69798942630309,admin,0.19836747429727095,269.1896553833384,BruteForce
P004732,tcp,Mobile,Off,US,1,0,4617.788478370803,7158.445958940125,82.19368685747406,10,SYN,110,2,-69.89711491912128,guest,0.30972676480784156,262.6924125199909,BruteForce
P004733,TCP,Server,On,ME,2,1,4534.807299716872,3249.1636492782154,127.27911832716129,4,ACK,53,2,-54.69270406111761,user,0.0375465795200415,304.83301665878565,Benign
P004734,TCP,IoT,Off,APAC,1,0,4099.739036928546,6475.312184970566,114.78428798967798,2,FIN,110,2,-61.68183655680205,admin,0.2112638390652351,321.1877840976172,Benign
P004735,TCP,Mobile,Off,ME,1,0,7822.490532352004,13384.556520277623,123.6432172046687,3,SYN,22,0,-63.25533437977134,user,0.29868248649851864,274.1231348196702,Benign
P004736,tcp,IoT,Off,US,1,2,5527.657899978374,3671.612920699645,71.72015697214597,6,ACK,25,1,-53.68062656707919,user,0.12549971931232398,264.96428587330524,Benign
P004737,tcp,Workstation,Off,US,3,2,3119.845180579332,7556.519244982515,126.69587921612545,6,FIN,21,0,-68.99741191255589,user,0.30188591583389396,265.6441263985132,BruteForce
P004738,udp,Server,On,ME,2,1,2966.2638069448976,5554.994030680128,156.75890235042633,3,ACK,21,1,-65.5775367628593,admin,0.3899853367668034,293.3612364891078,Benign
P004739,udp,IoT,Off,APAC,2,1,5717.272169954238,5991.049279990539,132.5208361179598,3,ACK,80,0,,user,0.24071015461780107,272.5159497353612,Benign
P004740,TCP,Workstation,Off,EU,0,0,3214.1748281002956,6083.715211078184,137.10234934679687,10,SYN-ACK,22,0,-65.15645430681059,user,0.23235249725613652,318.74558229240085,Benign
P004741,tcp,Mobile,Off,ME,0,2,5415.073245065375,4289.333555347269,103.5279949938017,3,ACK,143,0,-57.55285208496136,user,0.42082683136956517,264.6951511940587,Benign
P004742,TCP,Mobile,On,EU,1,0,6217.345092680369,4413.739861479094,194.15072121896895,5,FIN,25,0,-49.34378892136634,user,0.4949464039829262,326.06278434393516,BruteForce
P004743,UDP,IoT,Off,ME,4,0,3690.612687366289,2624.137863184977,114.04040458943743,6,ACK,21,0,-52.207452692403045,user,0.19807065836646198,320.7089307050454,Benign
P004744,TCP,Server,Off,US,2,0,5736.9128014525295,5679.214366454787,165.8336923037848,6,FIN,3389,2,-58.04064360856084,guest,0.2616290264719264,329.33090816218316,Benign
P004745,UDP,IoT,Off,APAC,0,0,3738.461085003676,10161.906295358922,99.65067091121992,7,FIN,143,0,,user,0.09629908500952018,280.19545254931137,Benign
P004746,udp,Mobile,Off,EU,2,0,6851.282476516013,5607.184846509499,95.98708694314219,8,ACK,25,0,-63.86698530037611,guest,0.1898771000146625,282.82289423666066,BruteForce
P004747,TCP,Server,Off,APAC,1,0,4413.616053039586,5298.47481360898,75.28165371004785,5,SYN,53,0,-69.73245861439463,user,0.14200652155517293,237.4540261664054,Benign
P004748,udp,IoT,Off,ME,1,2,2840.6809534082468,7762.822828744051,156.9812070975212,4,SYN-ACK,110,2,-60.3880274840839,admin,0.4245625279627369,287.1967846388817,Benign
P004749,tcp,Mobile,Off,EU,1,2,6177.17434509618,9320.00912654826,121.92014270678509,8,SYN-ACK,22,0,-72.7332729844695,user,0.3046156917191012,303.9208744147598,Benign
P004750,TCP,Mobile,On,ME,1,0,4532.884996048839,5761.985451221578,111.04406355995069,7,ACK,21,1,-59.11954375376914,admin,0.15652950902833007,303.90597505759075,BruteForce
P004751,,Mobile,On,US,3,2,2556.780845685599,9137.244781412668,136.72949930758574,4,ACK,80,1,-69.43765059096924,admin,0.06261137170176577,286.9647399470997,Benign
P004752,UDP,Server,Off,APAC,3,0,5925.403855979014,7219.499886197107,130.43529716467017,6,SYN,25,1,-51.705195333940644,user,0.4218967089136753,304.9635298189805,Benign
P004753,ICMP,Server,Off,EU,1,0,6060.381506615271,6489.246630081702,99.90505572885807,5,SYN,143,1,-61.85674648768079,guest,0.3347667541181131,280.24690609611855,Benign
P004754,tcp,IoT,Off,APAC,0,0,4510.724954949048,7953.4160683621885,118.69708691098768,5,ACK,3389,0,-68.96196062854277,user,0.16082191599207407,280.39510068193516,Benign
P004755,TCP,IoT,On,ME,2,2,8083.230223896835,5906.785389212049,85.65724558708439,7,SYN,143,0,-59.611320578411416,guest,0.5271820797172355,277.40352902990054,BruteForce
P004756,udp,Server,On,APAC,0,2,5277.965457194963,6981.923241631049,175.29901042061022,5,ACK,80,1,-85.0904560641599,user,0.16380428057182375,326.3605703303723,Benign
P004757,TCP,Mobile,Off,US,2,0,4919.909730625948,7502.971299540624,142.14775592996898,4,SYN,3389,0,-54.179053545257794,user,0.28662670311065114,307.8962143926579,Benign
P004758,TCP,IoT,On,ME,2,0,6122.437999522153,5767.282958380487,96.99306616590059,7,ACK,443,0,-63.80244266334032,user,0.23337234164135057,309.82823225299643,Benign
P004759,tcp,Mobile,On,US,1,1,5430.4571846748695,4760.615180339897,104.65584676159348,2,FIN,80,2,-72.32824468275321,user,0.17078111423165393,282.5910678130384,Benign
P004760,,Server,Off,ME,0,1,2448.3062565113305,5161.68484507371,148.00722310180845,5,ACK,110,1,-46.94493330015627,user,0.1775645336555093,288.48364022938443,Benign
P004761,UDP,IoT,On,ME,3,0,6473.737436374119,7621.929346754231,107.4103594936707,5,SYN-ACK,53,2,-42.77083226014982,user,0.4341338674523572,303.6292275900168,Benign
P004762,TCP,Workstation,Off,ME,0,2,4456.896671509869,3105.0212902697795,119.95342903310153,6,ACK,143,0,-37.00820644489381,user,0.48079427965735433,272.1292715470594,Benign
P004763,,Mobile,Off,APAC,3,1,2433.339148092379,1988.8166509740931,66.30022858575425,9,SYN-ACK,21,1,-52.99549136193141,guest,0.5135681903772056,295.34002678465936,BruteForce
P004764,,Mobile,Off,ME,2,1,4741.534434135515,5432.862745276927,89.31097001396829,4,FIN,22,2,-54.54635074365376,user,0.11888790378579786,275.6907318009219,Benign
P004765,ICMP,Mobile,Off,APAC,2,0,4387.871340533851,6605.170460625993,140.86363340246228,7,ACK,443,1,-74.31709384040839,user,0.1823360394449493,320.7745857628233,BruteForce
P004766,UDP,Server,On,APAC,3,0,5489.976884789206,7842.830768074242,367.76843129275693,4,FIN,21,0,-71.30063958965792,user,0.7583776748590538,276.9869196406864,Benign
P004767,UDP,Mobile,On,US,2,1,4753.178068715965,3433.734373686364,126.74732526464545,7,SYN,110,1,-69.13567853837273,user,0.4019220735341391,276.1772730199227,BruteForce
P004768,TCP,Mobile,On,ME,1,0,7520.397610572687,,126.94549443934224,5,SYN-ACK,21,1,-55.07319012656107,user,0.25887407909265475,340.210463838681,BruteForce
P004769,udp,IoT,Off,APAC,1,1,6554.640989983631,,148.13591873406625,3,SYN-ACK,443,1,-51.923614449668065,user,0.2880153934167619,310.18618987608824,BruteForce
P004770,TCP,IoT,On,APAC,3,2,3649.2284069887737,6919.784938138626,90.88995758676018,3,FIN,443,3,-48.213490552818996,user,0.12117665613808236,264.8862495812274,BruteForce
P004771,UDP,Server,Off,EU,2,0,5353.146624338093,2887.20368693966,136.51362411914954,8,SYN,80,1,-62.920774585136186,user,0.13586622818690886,338.3698483188834,Benign
P004772,TCP,Workstation,On,US,3,0,4639.853490039618,2967.987216749682,111.71749621589288,6,SYN,25,0,,user,0.37016631807914346,283.7338768485911,Benign
P004773,ICMP,Workstation,Off,APAC,2,0,4791.244444715029,4774.284248414682,111.9288049607073,7,ACK,110,0,-53.82101985826666,user,0.07152414563923204,283.0593356175665,BruteForce
P004774,TCP,Workstation,On,APAC,1,0,1786.9636854786622,8212.14817741482,93.78664973532281,10,SYN-ACK,80,1,-48.42786264592168,user,0.5142644590879869,299.63153757525015,Benign
P004775,UDP,IoT,Off,US,3,1,5556.006734899589,4411.917939223629,113.92791966140899,6,ACK,443,0,-49.20063476273308,admin,0.2365219149936086,297.8901624062487,Benign
P004776,TCP,Workstation,Off,ME,6,1,5556.759437834693,7897.351027876658,144.86781748420682,5,ACK,80,0,-60.4239634818861,user,0.44889141765736074,310.4796691407463,Benign
P004777,UDP,Server,On,APAC,3,3,4325.126591385738,7499.4005975806995,160.61776101082657,8,FIN,80,2,-38.406934081529656,admin,0.30589829776116945,294.73640648933673,Benign
P004778,TCP,Mobile,Off,ME,1,1,3247.6927991951247,10085.13122054347,145.73607153800907,2,ACK,22,1,-48.70589910344393,user,0.41295196314767174,262.99290750660737,BruteForce
P004779,,Mobile,On,APAC,1,0,6333.116635653909,4486.719631903479,93.05060130458102,3,ACK,3389,1,-56.49997512291861,user,0.22889979207457012,282.23863944989796,Benign
P004780,UDP,IoT,Off,US,3,1,8211.605295771275,8423.237450739074,85.17402193402387,5,SYN-ACK,53,2,,admin,0.16241937917850552,291.5504155197315,BruteForce
P004781,,Workstation,On,EU,1,3,5269.04785920944,430.5490022927561,184.39927150608304,4,ACK,110,0,,user,0.2372200607889826,320.27683576948846,Benign
P004782,udp,Server,Off,APAC,3,0,4835.496348143247,7028.20102138012,148.90251472490067,2,SYN-ACK,80,1,,user,0.6146994518342821,309.9712970235322,Benign
P004783,TCP,Workstation,Off,EU,1,2,3943.83037888817,9682.084237642937,107.85719645453217,8,ACK,443,2,-59.40025287822914,user,0.32371422817855505,292.4201395251198,Benign
P004784,TCP,Workstation,On,US,2,1,7124.926701889966,1858.5873790373116,102.0708561383057,6,SYN,53,1,-58.89439576683009,user,0.20543037060905658,291.72264246229497,BruteForce
P004785,,Server,On,ME,0,0,4787.58332291773,5400.82304678461,107.80735979249539,7,SYN,143,0,-55.58267769724443,guest,0.32996378071345,326.12684556811706,Benign
P004786,TCP,IoT,Off,EU,1,0,3886.6641576762454,8589.687912634898,84.49463177789622,6,SYN,21,2,-64.88629877544214,user,0.5203676597525818,259.1367336836662,Benign
P004787,tcp,IoT,On,US,3,0,5352.952834222366,4482.25084353489,119.82751610949539,4,ACK,3389,0,-65.12514998906623,user,0.20953827886017498,306.83274003714183,BruteForce
P004788,TCP,Workstation,Off,US,2,1,3579.0301706302007,7087.520416733418,169.03927780094952,7,FIN,21,3,-53.32660038315153,guest,0.31215119785158,323.9656767255615,BruteForce
P004789,ICMP,Mobile,On,EU,3,0,3611.064837222003,,171.64959722060198,3,ACK,53,2,-72.61364385978347,user,0.23568363152732633,308.8957599478911,Benign
P004790,TCP,Server,On,APAC,4,0,4331.383040806651,8612.034473987269,85.28084743054833,3,ACK,110,2,-50.04467009902447,user,0.3124368175861012,248.37445665340917,BruteForce
P004791,TCP,Server,On,APAC,1,1,7010.9384921874835,6113.106741399307,99.04072315661804,5,SYN-ACK,80,1,-43.29721648482335,admin,0.11893847295680432,286.21175512064445,Benign
P004792,udp,Workstation,On,US,0,0,6298.216606263323,4489.99536114036,159.6702270373858,1,SYN-ACK,443,0,-74.28474602468346,user,0.3838629299802596,312.02137385594415,Benign
P004793,TCP,Server,On,APAC,2,0,3318.9904827382625,6056.90634181595,80.833445399901,2,ACK,3389,0,-61.95075765231827,admin,0.43002212831345477,262.6031020268843,BruteForce
P004794,UDP,Mobile,On,EU,1,0,3186.110856460957,7899.833029877802,123.13205677763338,3,ACK,110,0,-64.10601864059986,user,0.3079821098867171,288.0081076646333,Benign
P004795,ICMP,IoT,Off,APAC,3,2,5707.3351579043665,7406.364423397124,122.45578038955445,2,SYN-ACK,110,0,-60.71594365853454,admin,0.19941283461195913,277.0930239153157,BruteForce
P004796,UDP,Mobile,On,ME,6,5,4497.720269505472,3970.3649810025145,131.11733035550162,7,SYN,443,2,-61.12070216923714,user,0.508540010809841,296.8308171864138,Benign
P004797,udp,Server,On,APAC,0,0,2516.018816712279,4063.9675831504824,75.79508250031991,6,FIN,443,2,,user,0.20775669558160104,265.4445424567576,Benign
P004798,tcp,IoT,Off,US,2,0,2425.9614484895856,7962.206623409643,143.6007033041137,2,SYN-ACK,3389,1,-64.79789984796592,user,0.28832260402186294,301.61278328732493,Benign
P004799,TCP,Workstation,Off,EU,1,0,3088.2810679931654,2516.039756265276,128.416876753241,4,SYN,110,1,-66.45526192354501,user,0.10630124821807341,299.2840593330237,BruteForce
P004800,tcp,Mobile,On,APAC,1,1,4506.624913601151,6925.487456795576,130.35536038757994,10,FIN,3389,2,-74.55992436897776,user,0.09735829719653508,304.0718834164572,BruteForce
P004801,,Server,On,APAC,1,0,5569.8579197533745,3363.3141656125563,86.57704323732257,2,ACK,53,0,-60.77504864391535,user,0.3537033354989202,287.56943532355143,BruteForce
P004802,UDP,Mobile,Off,ME,0,1,5647.702304044822,4480.292403499789,115.50856831644423,6,SYN,53,0,-68.88780824182165,user,0.34470702267843945,310.1965792682955,Benign
P004803,,IoT,Off,APAC,2,1,4826.614472611083,9269.038050117775,107.52312451274759,3,FIN,21,0,-64.04458592072136,admin,0.36403544044273617,297.21925622433207,Benign
P004804,,Workstation,Off,EU,2,1,5481.13640331457,4954.410081519258,113.18852846334778,5,SYN,110,1,-62.007310744973395,user,0.29062587638263904,289.50606789117603,Benign
P004805,UDP,Server,Off,US,1,1,5486.7921043865845,9201.636489925811,116.09205119988101,3,FIN,25,0,-61.31447989377175,user,0.3025835016681287,328.06985043064014,Benign
P004806,tcp,Mobile,Off,APAC,1,0,4949.509773149629,6082.59730096527,161.08399573355095,4,ACK,80,5,-54.731428531386314,user,0.4495956836781553,312.01129153498374,BruteForce
P004807,TCP,IoT,Off,APAC,1,1,5644.456288417552,7258.211268503708,124.69048836854006,2,SYN-ACK,21,2,-60.02413874726227,admin,0.34339535086878914,298.20465861866825,BruteForce
P004808,UDP,Workstation,On,ME,2,2,6692.285833703146,3931.9165840622545,192.92659064773125,8,FIN,53,1,-48.59011714407824,user,0.11345521859028082,330.32510788110653,Benign
P004809,UDP,Mobile,Off,EU,4,2,7498.588253416632,2436.8214745626947,100.66396243298146,4,FIN,3389,1,,user,0.08302667574277078,256.59963257912045,Benign
P004810,ICMP,Mobile,On,US,0,0,4822.070840685936,2619.8011362721795,94.86581969766661,4,FIN,3389,0,-49.290574320737754,user,0.2956475464257604,259.6607481896309,Benign
P004811,TCP,Workstation,Off,APAC,4,1,5841.0824309627305,5214.28504318376,112.73450274963815,4,FIN,110,4,-44.34776053606342,user,0.4483990563389104,286.3275716253769,Benign
P004812,TCP,Mobile,Off,EU,1,0,5225.398163430688,6354.820306629545,54.99941649738666,2,SYN-ACK,21,0,-58.17897965571972,user,0.11138406484428601,239.0838012997458,Benign
P004813,TCP,Server,Off,US,2,1,8558.48268846726,8320.39828760416,118.84256574326112,7,FIN,3389,0,-60.72347700300511,user,0.4846418532875298,312.0084441157017,Benign
P004814,UDP,Server,Off,APAC,0,2,4660.75289515433,6649.914027359541,109.95268859110766,5,SYN-ACK,143,2,-64.0820500554909,guest,0.6314442713965646,290.5711951297448,Benign
P004815,TCP,Server,Off,US,0,0,5526.829906331236,4748.673688959611,82.67934123881147,7,ACK,22,2,-64.13622299028575,user,0.21088220824737214,247.32757950429036,Benign
P004816,TCP,Server,Off,ME,1,1,6570.714192437273,3784.3334949019554,141.19075791238288,5,SYN,143,2,-70.6208751348364,user,0.15140387578382192,301.19712625270233,Benign
P004817,UDP,Workstation,Off,APAC,2,1,4066.342132100639,3953.1038475435366,113.68515592947922,2,SYN-ACK,25,0,-73.21746934478163,guest,0.07385199763433982,272.5060348233642,BruteForce
P004818,TCP,IoT,On,EU,2,2,5025.407866794625,5021.034568029658,136.77653580077623,6,FIN,25,0,-60.47892525485043,user,0.43643880390956397,312.1790906414349,BruteForce
P004819,UDP,Server,Off,APAC,2,0,3693.696814447926,4623.446293442886,143.5188538715598,7,SYN-ACK,21,0,-46.911273622275004,user,0.22535731081040616,322.1840127169602,BruteForce
P004820,TCP,Server,Off,APAC,1,2,4713.503077000862,5165.428901760973,93.29518940577637,8,SYN-ACK,143,0,-61.2647486842639,admin,0.2904871874482403,268.2734656899635,Benign
P004821,ICMP,IoT,Off,ME,3,0,2902.8264169911745,3279.636194790741,90.30214536561823,6,FIN,443,1,-65.64555392562887,admin,0.41738265600798613,272.5359243922454,Benign
P004822,udp,Mobile,Off,US,3,3,6953.190624997405,4064.9439623781063,102.23648793240919,6,SYN,22,1,-65.52070685826199,user,0.3453753733678601,279.9457129505796,Benign
P004823,UDP,Workstation,Off,APAC,2,0,6270.021494680974,3732.523191735695,124.9326431604099,3,SYN,22,0,-52.819573531507764,user,0.14596648289905947,281.18375787506017,BruteForce
P004824,,IoT,On,APAC,2,3,6100.403537441281,5357.1415349467325,112.62848925698178,6,ACK,143,2,-68.79283430501093,user,0.01835151461613966,276.54352686095945,Benign
P004825,udp,Workstation,Off,EU,1,0,6410.467670278551,7375.152871205933,91.51560646122564,6,FIN,53,2,-77.58519542960244,guest,0.40822674336261,270.3622117264607,Benign
P004826,TCP,Mobile,Off,ME,2,1,5877.016626903033,6033.886875249319,77.48124125607701,13,SYN-ACK,53,1,-71.9024411946905,admin,0.33821706263213175,314.8163848243555,Benign
P004827,UDP,IoT,Off,US,2,0,3811.0413909549525,7966.961998309072,89.7733180124886,4,ACK,21,0,-54.6894189380176,guest,0.20992657840541978,257.90128157857544,Benign
P004828,tcp,Mobile,Off,ME,1,2,5932.077925603531,7585.129324097371,134.08460064625973,3,ACK,25,0,-72.36022001768585,user,0.19523652706387679,311.0525373435141,BruteForce
P004829,UDP,Server,On,ME,2,3,7112.365530461069,7993.661197501072,98.7318499305543,11,FIN,110,0,,user,0.30610938157998935,278.3031340937458,BruteForce
P004830,udp,Workstation,Off,ME,2,2,5800.306831492118,6383.579220925852,173.16850200264463,2,ACK,443,0,-75.50583075745432,user,0.2940921575279835,314.44211115550877,Benign
P004831,udp,IoT,Off,US,0,1,6090.87936264547,6214.687710574934,80.54322663805996,4,FIN,143,0,-67.28157443305653,user,0.3228369202541316,269.5764795906029,Benign
P004832,tcp,Mobile,Off,ME,1,2,5199.507084746173,6871.781182962979,132.43039884831228,6,FIN,110,2,-52.91534885174572,user,0.10710727865312016,295.39535861294434,BruteForce
P004833,,Mobile,On,EU,3,1,1889.036241520911,6015.673858762129,105.13663576867305,6,SYN,3389,0,-65.35789680712756,user,0.27908677858132125,276.7936578426145,Benign
P004834,udp,Mobile,On,ME,3,0,4823.99901626553,6729.092468325016,89.55962655737852,5,FIN,22,0,,admin,0.35751982907224084,301.2276085892881,Benign
P004835,TCP,IoT,Off,APAC,3,0,4814.989401464279,9149.861644591634,87.55754869260022,5,ACK,143,0,-74.79015639308602,user,0.3317197778067101,275.5926911285638,Benign
P004836,UDP,Workstation,On,ME,2,0,8126.665605347423,8288.10591635223,143.3563535552832,8,SYN-ACK,25,2,-59.40045654715725,user,0.702011140035761,323.0390733739298,BruteForce
P004837,UDP,Mobile,Off,APAC,2,0,5678.034963821273,5520.3533297348595,145.50024941202898,5,SYN-ACK,22,0,-45.16515326561562,user,0.31860537891205204,310.90606065096875,Benign
P004838,TCP,Mobile,Off,ME,2,0,5242.730630172442,7593.513343772676,146.3175395189501,9,SYN-ACK,3389,2,-64.50375350061537,user,0.037226790064416,329.8705857092822,Benign
P004839,UDP,IoT,Off,US,1,0,9319.449785907416,7634.620374129776,130.45957599988097,9,ACK,25,1,-77.29091528521118,user,0.6703686379579071,313.04197163305383,Benign
P004840,TCP,IoT,Off,APAC,2,0,3244.9222959365743,3594.6259454098476,159.54997647201853,3,SYN-ACK,22,1,-55.82136578316963,admin,0.37514473464413545,285.5057586507178,Benign
P004841,tcp,Mobile,On,EU,0,2,4251.424865899589,5174.399551773709,92.52533393577527,9,SYN-ACK,143,0,-46.132503920851,user,0.18814778843310956,270.9229359043056,Benign
P004842,ICMP,Mobile,Off,EU,1,0,2732.915192842092,2644.693879795789,95.56302061290236,5,SYN-ACK,25,1,-46.675920740510215,admin,0.47090989875561323,251.11018362700938,Benign
P004843,tcp,Mobile,Off,EU,6,1,5663.650888329757,6727.322927601636,107.03383487116955,7,SYN-ACK,25,3,-48.60189600436299,user,0.4555514847188354,266.51764959489026,Benign
P004844,udp,Workstation,Off,US,1,3,5634.753730371372,5448.469099547617,109.5592424055848,4,SYN,22,0,-53.54223571351506,user,0.300316634051593,289.89747896734895,BruteForce
P004845,TCP,Workstation,Off,ME,0,1,6363.029078364514,6082.814961968666,81.25967043920173,7,SYN,443,0,-60.77225870647356,guest,0.031834213174495314,299.20662275014035,Benign
P004846,TCP,Mobile,Off,EU,1,2,3734.7296421157844,6976.904683085455,161.53941383245868,4,FIN,143,0,-54.822976910324925,user,0.2536650898561634,318.3241884675656,Benign
P004847,tcp,IoT,Off,EU,3,4,3621.12853076268,3879.7952608610376,83.7067383407464,5,FIN,80,0,-46.4924758541202,guest,0.19461565357245222,262.95879072802654,Benign
P004848,TCP,Server,On,ME,2,1,3894.4864650192403,4656.166853567711,87.66280876127065,6,FIN,80,0,-69.13525931877803,user,0.40592254908174213,247.4087668040331,Benign
P004849,udp,Workstation,Off,US,1,1,6801.4317371344805,,134.9361650958274,4,ACK,110,2,-67.37588712010341,guest,0.24053064169126642,309.19823901798304,Benign
P004850,TCP,Server,Off,APAC,2,1,3086.8397201374264,5651.924974925305,86.08606830846566,5,SYN,80,1,,user,0.36954023620072873,252.5042167968579,BruteForce
P004851,TCP,Workstation,On,ME,1,0,3596.6199720566347,4251.1192396912365,130.53480080851674,7,SYN,3389,1,,user,0.202282131136118,286.30816741996284,Benign
P004852,ICMP,Mobile,On,ME,0,0,3392.4028424228236,2228.620957092032,164.89481491230654,7,ACK,110,2,-66.56190665732353,admin,0.22596277199918854,330.63381437949096,Benign
P004853,tcp,Workstation,On,ME,2,3,4444.9750209618815,2073.1778218232334,217.77276782077593,4,FIN,143,0,-65.21185189936355,user,0.035716343433787746,326.8193966406387,Benign
P004854,ICMP,Server,Off,ME,1,3,5441.584500439977,7764.2712873633955,168.71274708351933,5,SYN-ACK,3389,1,-70.42849374128845,user,0.6985053092914714,299.7770764331651,BruteForce
P004855,TCP,IoT,Off,APAC,2,1,8046.858142668862,,145.31406952915293,7,SYN,110,1,-65.70048674894296,user,0.3501771749324409,339.72329561038987,Benign
P004856,TCP,Server,On,EU,2,0,2278.8023523183538,4288.810413211069,142.00950896165608,5,SYN,25,1,-62.62931375102269,user,0.30421834607384907,304.9917764370614,BruteForce
P004857,UDP,Server,Off,APAC,2,1,5227.723174311123,4968.700672492714,162.8623017384965,4,ACK,21,0,-73.62519463312594,guest,0.6349381519008878,318.7125477458799,Benign
P004858,TCP,Workstation,On,ME,4,1,5629.8086438369355,3030.12679065276,138.92722771505814,6,SYN,3389,0,-53.07308516395855,user,0.14319831747216943,298.92286232791315,Benign
P004859,tcp,IoT,Off,APAC,2,1,2463.122161378609,1041.367397435265,128.24973704517083,4,ACK,443,0,-63.29542902773816,guest,0.309022070446929,297.1842320876183,BruteForce
P004860,udp,Server,Off,ME,2,2,3689.455235860603,4409.402978169857,125.50497193446705,6,FIN,3389,2,-43.31978136427876,user,0.25723953766021757,283.4766211107347,Benign
P004861,,IoT,On,APAC,3,0,4669.896059707599,5940.992793945547,109.28923309262849,6,SYN-ACK,22,1,-71.57163499726079,user,0.19895626424594456,274.0001319126174,Benign
P004862,,Workstation,Off,EU,1,3,5670.748425323791,5804.6627005804075,133.71813349758457,6,ACK,22,1,-64.16778947245474,user,0.49060656253357277,283.96374857498387,Benign
P004863,TCP,Server,On,APAC,3,1,4256.820402026628,3693.172369525019,118.47132562636693,1,ACK,443,0,-69.90404971080089,user,0.5195536364940029,272.5494942799632,Benign
P004864,UDP,Workstation,On,US,0,1,5999.849831232999,7901.208982215037,142.65284685474654,4,FIN,80,0,-50.73914903065171,user,0.3245880472453714,295.9899401142334,Benign
P004865,TCP,IoT,Off,ME,1,0,2215.4599777332196,6250.700213804564,146.0684124577402,12,ACK,22,2,-48.44027230477704,user,0.3089505659094517,299.2333630874664,Benign
P004866,TCP,Server,Off,EU,2,0,5993.995892345359,8546.010760340381,100.5769634265423,2,SYN,53,0,-50.32369577139601,admin,0.49942306650012597,294.83969896303176,Benign
P004867,ICMP,Mobile,Off,EU,6,1,4583.524282368921,,89.804414161176,6,FIN,143,1,-68.0748853026961,guest,0.5458975837645846,241.76349877831703,Benign
P004868,TCP,Mobile,On,EU,0,2,4142.796862511976,5085.398202496874,176.62070918684944,6,SYN,443,2,-50.665187053778375,guest,0.15262300463725365,331.6103731155739,Benign
P004869,TCP,Server,On,APAC,2,1,3742.970044960988,10189.74901167722,127.14327949875295,6,SYN,110,1,-60.684050084215855,user,0.06580672683429037,312.5464514101497,Benign
P004870,UDP,Workstation,On,APAC,6,1,4065.6232894303275,5529.3680511485245,120.006050313273,2,SYN-ACK,80,1,-65.10098341687814,user,0.323125605601524,294.86753551681085,Benign
P004871,UDP,Workstation,On,ME,3,0,4714.607495076591,5150.4251931145,103.66093479636223,3,FIN,22,0,,user,0.06340090529000954,273.0993762377434,Benign
P004872,TCP,Mobile,Off,EU,1,0,4136.688542321965,,123.1450040625367,1,FIN,25,1,,admin,0.21002787482993757,296.1681339263128,Benign
P004873,TCP,IoT,Off,APAC,4,1,2375.0102333709106,6791.956650183624,91.67552289804833,9,FIN,443,2,-61.93987917501648,user,0.10924553751334806,254.6049782575033,Benign
P004874,ICMP,Workstation,On,US,3,0,5673.898052977558,4630.774524370225,117.72302480907787,4,FIN,110,0,-79.15829648509492,admin,0.3022075068215745,313.5850935033423,BruteForce
P004875,UDP,IoT,On,ME,3,0,6824.124186081084,9066.413703237245,127.80812937319193,1,ACK,110,0,-50.83790579537265,user,0.36706529676940364,302.88063107505315,Benign
P004876,TCP,Mobile,On,US,3,1,5990.104470898017,6732.72374328297,60.08834340881214,8,FIN,3389,1,-57.794557750099145,user,0.4306051135084797,255.801449573128,Benign
P004877,,Server,Off,ME,2,1,4341.102945216375,6454.99131547673,103.90127597248824,2,FIN,53,0,-70.72819953172517,user,0.21613546687512325,258.8271296094394,Benign
P004878,UDP,Mobile,On,EU,0,0,4563.837387106339,4983.335521890956,174.4283429770585,6,SYN-ACK,53,0,-44.225693274283046,user,0.12538411379525616,314.13518919273474,BruteForce
P004879,TCP,Mobile,Off,EU,1,0,5787.308317374696,4584.674774599067,80.39336283013495,7,SYN-ACK,3389,2,-49.2430430928038,user,0.2508497064103503,265.8309939172044,BruteForce
P004880,tcp,IoT,Off,APAC,2,2,5492.627307400443,6004.296751817464,138.4376786154543,7,SYN-ACK,25,0,-53.44800774230654,user,0.6460336687153094,292.6753008455657,Benign
P004881,,IoT,Off,APAC,4,0,6639.878127770795,5867.590905804552,120.6581575866521,4,FIN,25,2,-70.68358028454129,user,0.44991319437733984,288.68469235024213,BruteForce
P004882,tcp,Mobile,Off,ME,0,2,5354.577410298189,4094.968845315684,146.7789186280083,2,SYN-ACK,110,1,-64.8716135111891,admin,0.25896617737674826,294.75386768469474,Benign
P004883,tcp,Server,Off,APAC,3,0,2922.0392697421553,2107.679590084375,91.62489906213106,2,ACK,22,2,-65.83827267457244,guest,0.16509448091167556,255.6618771168341,Benign
P004884,TCP,Mobile,Off,ME,3,4,7071.537991876512,100.0,113.13827347447123,4,SYN,25,0,-61.623583155519356,user,0.14616129665754216,279.8008972850741,BruteForce
P004885,TCP,Mobile,Off,EU,1,0,6097.9113654622315,7759.192845456641,108.97871019175624,6,SYN-ACK,25,0,,admin,0.12240921332466724,286.49186705435534,BruteForce
P004886,TCP,Server,Off,EU,5,2,8299.334323627896,5573.2610223310985,68.49366500123368,4,SYN,3389,0,-71.36163530112067,user,0.5555144544610178,293.9827093566159,Benign
P004887,UDP,Server,On,APAC,3,2,4701.707763103915,5601.289423956633,145.36725740802117,3,SYN-ACK,53,1,-57.77085871858259,user,0.2928526450252134,291.42517737620267,BruteForce
P004888,,Workstation,Off,APAC,5,0,6199.042282192951,10774.61267581051,146.24579518094288,6,SYN,110,1,-83.51170774056263,guest,0.4901280361152949,317.86464582547796,Benign
P004889,TCP,Mobile,On,APAC,2,2,6055.008507395948,13439.540803872364,177.2152058027942,4,SYN,21,0,-45.1716715134461,user,0.3304164238286274,318.5372179750618,Benign
P004890,TCP,Mobile,On,EU,2,0,5620.378209875704,,111.175546687827,6,FIN,110,0,-77.91820258456683,user,0.3782551999953839,316.8559978086734,Benign
P004891,UDP,Workstation,Off,APAC,2,1,2270.5985957882813,7612.015561499961,126.53046155461665,3,ACK,21,0,-55.13328017082018,user,0.1721848457436859,278.1996539456755,Benign
P004892,UDP,Server,Off,US,1,4,6448.406629693231,7377.5520005197795,137.91977664674155,4,FIN,443,0,-47.77554794693529,user,0.35525394297270263,291.57607182301194,Benign
P004893,,IoT,Off,ME,0,1,4347.972098516207,,100.00532097149771,6,SYN,143,1,-64.91837312359758,user,0.4144071266171975,296.5893501818184,BruteForce
P004894,TCP,Mobile,Off,APAC,8,1,4691.465202323969,5505.622034726361,138.18129621861158,1,FIN,3389,1,-71.93114751216372,user,0.1718972030060683,314.70962323106096,Benign
P004895,TCP,Server,Off,EU,2,2,7149.461548807361,2595.5036355231437,140.98874009038482,6,SYN-ACK,22,1,-44.61055118919688,user,0.3874912915063235,326.64273840793874,Benign
P004896,tcp,IoT,On,US,0,0,5303.5698464998895,5195.682493729366,153.46179431458717,5,FIN,22,0,-79.63612070203328,user,0.3907566825265354,305.7239995235737,Benign
P004897,ICMP,IoT,Off,US,1,1,4830.156553585269,4872.206132776385,111.4445822272599,3,SYN-ACK,25,2,-66.9334215491343,user,0.282029905162889,327.9538558916611,Benign
P004898,TCP,Workstation,Off,EU,0,0,4153.535254550364,4212.182860038716,179.95722157935143,6,SYN-ACK,21,1,-47.013048795002334,admin,0.27663303069790324,325.6106181659378,BruteForce
P004899,TCP,IoT,Off,US,1,0,6566.645414370787,7543.427672311859,93.40646133188578,4,ACK,80,1,-60.338868695785116,user,0.17417600211621487,295.2550173983028,BruteForce
P004900,udp,IoT,On,EU,2,0,5634.826332070537,6195.370316241369,164.0500749804689,5,SYN,21,2,-57.422619821578955,user,0.08434924813676119,338.57937725277014,BruteForce
P004901,UDP,Server,On,ME,2,3,4108.174121577151,6132.9942758598345,122.59381705301284,3,ACK,80,0,-65.10374594215862,guest,0.4677241465016601,292.5285771380526,Benign
P004902,TCP,Workstation,Off,APAC,2,0,3884.157191407485,5583.424462178009,65.3516661763368,6,FIN,25,1,-72.71690154807179,admin,0.5158077924050203,254.35960347346378,Benign
P004903,tcp,Mobile,Off,APAC,1,1,3721.321007896964,,96.63610678755943,4,FIN,53,1,-60.29540576157731,user,0.5481990592117584,266.02451780704735,Benign
P004904,TCP,Mobile,Off,US,1,2,3763.1959184598004,5932.114423174713,131.1827180762844,8,ACK,110,0,-58.32576661194031,user,0.0666075588759732,299.84470958566055,Benign
P004905,TCP,Workstation,On,APAC,2,1,6946.700587206569,6788.2293397434,155.59216936174107,8,ACK,25,1,-55.44048425840239,admin,0.24514406341283332,325.6602435936897,Benign
P004906,TCP,Server,On,APAC,1,2,7237.525157363145,4065.2555362208855,185.07202041585234,6,SYN-ACK,443,0,-54.777595178122766,user,0.3130865465169202,349.9704841516973,Benign
P004907,TCP,Workstation,Off,EU,2,1,5769.33482177854,8477.902238405477,102.48423399891628,10,FIN,25,1,-56.85456879606688,user,0.5979434311189392,288.34952405933694,Benign
P004908,ICMP,Mobile,On,EU,0,1,4285.738093167248,9630.498077091737,593.8711658447613,4,SYN-ACK,443,1,-46.3009629068745,user,0.11601481491096298,290.2606545772677,BruteForce
P004909,TCP,Server,Off,ME,3,0,6550.109740319942,5576.3021705493275,170.91914438802922,2,ACK,22,0,-58.83911437033311,guest,0.16940892130660848,333.7610797262101,BruteForce
P004910,TCP,IoT,Off,US,3,1,3790.080624747432,5828.675491412948,109.2629348562384,5,FIN,110,3,-56.55875870293123,guest,0.13982870799149671,271.24051387260215,BruteForce
P004911,TCP,Workstation,Off,ME,2,1,4253.509744135205,6672.662311694401,75.85354811968894,4,ACK,25,1,-50.311337680957635,user,0.13542304309385866,275.4154877755851,Benign
P004912,TCP,Workstation,Off,US,3,1,4724.470260015455,6853.697928959306,205.15448850147317,8,FIN,22,2,-56.61372865329428,user,0.13982266595443796,316.5942476490353,Benign
P004913,TCP,IoT,Off,EU,2,1,4557.239348143846,4301.485023514981,79.10785337954151,3,SYN,22,3,-68.48211570153235,user,0.29520833259580037,288.0941961173987,Benign
P004914,TCP,Workstation,Off,US,5,1,5116.009812871548,6073.078410835032,157.00837412715262,4,SYN,25,1,-81.42129413640338,admin,0.24581303284375935,321.6528307142249,BruteForce
P004915,UDP,Workstation,Off,ME,1,2,7663.617887793664,5666.793974534048,148.89296642690786,5,ACK,443,1,-58.05117470125044,user,0.20159026027257548,293.6059074714118,BruteForce
P004916,TCP,Mobile,Off,ME,4,3,1546.7939857383235,7571.210361173897,114.71345644855182,5,ACK,53,2,-48.32919358753767,admin,0.19005582470214738,294.33258634363017,BruteForce
P004917,,Server,Off,ME,3,1,5606.339649533912,7459.50763086288,98.14124396545455,3,SYN-ACK,25,1,-69.35604067243814,user,0.4023762657674157,284.3115260922597,BruteForce
P004918,TCP,Server,Off,EU,2,1,4714.22018552837,8258.708071776286,120.33644875389521,1,SYN,80,0,-53.92400489008299,user,0.17953112287068518,286.91621575330026,Benign
P004919,TCP,Mobile,Off,APAC,1,0,4376.082888344152,5831.619751308785,119.18886568241753,3,ACK,110,2,-60.01424369101662,admin,0.341465141545091,288.1804764284025,BruteForce
P004920,TCP,Workstation,Off,US,0,1,3697.1067001163606,4273.784172913972,98.12088802060842,5,SYN,21,2,-54.01797130280259,user,0.12986741396400006,282.0937043840628,BruteForce
P004921,ICMP,Server,Off,EU,1,2,4864.8907082700525,7015.91815373476,99.93406567215305,2,ACK,53,3,-44.924540104750996,user,0.5340893311675152,261.19717408001657,BruteForce
P004922,tcp,IoT,Off,EU,1,2,1472.5657018874954,6423.867297790891,57.95434058718732,3,SYN-ACK,443,0,-76.10114879035594,user,0.34041302785351124,216.794696819457,Benign
P004923,TCP,Server,On,US,2,0,1591.9832284398867,,180.54817760949018,7,ACK,143,2,-70.5782368286157,admin,0.06072154550676019,311.9111021472685,Benign
P004924,TCP,Workstation,Off,EU,4,1,6770.63768419687,7686.703415711951,163.61220165412487,10,SYN,53,1,-53.04848043938883,user,0.1157561379682886,318.09816581412247,BruteForce
P004925,TCP,IoT,Off,US,2,0,3371.984646352611,8707.532396786517,151.98276489409133,2,SYN-ACK,25,1,-40.54393266415874,user,0.21498845770165892,283.4374188085853,BruteForce
P004926,TCP,Mobile,Off,ME,3,0,6908.29703710255,3958.623704151331,89.62911004457143,8,FIN,80,1,-67.57626599154877,guest,0.11670111248639052,300.81216296688245,BruteForce
P004927,UDP,Server,Off,ME,1,1,2981.313503284429,5129.7074031158645,164.38459580183854,6,SYN-ACK,143,0,,user,0.21795639501572525,317.6786881724499,BruteForce
P004928,TCP,Workstation,Off,ME,2,1,4105.909633752014,4929.556935364715,212.20006728282348,7,SYN,110,1,-52.57028755699326,user,0.20869372892631674,340.0926813580583,Benign
P004929,tcp,Workstation,Off,APAC,4,2,4410.611181282149,9625.15918042174,811.1882865032483,6,FIN,443,0,-62.7860532430488,admin,0.2181589605947513,308.35283906131804,BruteForce
P004930,ICMP,Mobile,Off,US,0,0,4155.401361964268,5751.137457744078,160.59267633341975,2,ACK,53,2,-47.681271083571325,user,0.1862479523798831,283.37639177013057,Benign
P004931,TCP,Server,On,APAC,3,1,3294.220195076926,6796.924845005586,124.7190672610786,7,SYN-ACK,3389,1,-59.43908833130407,user,0.16152464447811393,313.3768254278494,Benign
P004932,ICMP,Server,Off,ME,1,0,3965.145829407139,6081.884829646023,140.96885530722957,3,FIN,22,1,-68.1516830076745,user,0.273721774905151,286.5959643860579,Benign
P004933,UDP,Server,On,APAC,1,2,6042.176565633254,3348.44864293882,174.03375076040572,3,SYN-ACK,22,1,-59.70355652863586,user,0.038478097827371105,322.93977482240155,BruteForce
P004934,TCP,Mobile,Off,US,4,1,4368.882676443052,4021.4850390595366,116.00681689444629,7,SYN,110,1,-70.21286099841473,user,0.3552866874755854,290.64946609219476,Benign
P004935,UDP,Workstation,Off,EU,2,2,2493.0645277411995,4721.847393648422,72.41701648566621,4,ACK,80,2,-64.17978588287698,admin,0.5230874942816498,209.75384035031135,Benign
P004936,udp,Mobile,Off,US,2,1,7612.508250291017,6294.35327107912,141.17616425047046,2,ACK,25,0,-50.41578989142411,user,0.23919320657382634,323.39842285969246,Benign
P004937,ICMP,Mobile,Off,ME,2,0,6374.056239787485,4228.370239461157,162.41516022610705,6,SYN,80,1,-58.82243696438378,user,0.21606499910777835,340.8364145478267,BruteForce
P004938,UDP,Workstation,Off,US,2,0,6775.767084248797,,138.08530052638417,4,ACK,80,1,-59.930680529045645,admin,0.31253070239259206,291.931016751718,BruteForce
P004939,UDP,Mobile,Off,EU,3,3,4945.481654374336,8466.672728470194,165.00482077469042,9,SYN,443,2,-48.09414272875709,user,0.2203763862433265,307.52629113351657,Benign
P004940,TCP,Server,Off,US,3,2,7120.523339670775,6790.202212753648,627.4428345172568,5,SYN-ACK,21,1,-69.37151009558852,user,0.20120839256206802,285.59952120002487,Benign
P004941,,Mobile,Off,US,1,1,7042.085524320143,6272.602970736244,113.00632657407535,6,FIN,443,0,-57.02789554735659,admin,0.47910852288505834,297.5341139600569,BruteForce
P004942,TCP,Mobile,Off,US,4,0,7809.713051570073,5894.7249389232675,72.147982290624,4,ACK,21,0,-74.87361962350323,user,0.1631180820293585,286.3601372420378,Benign
P004943,tcp,Server,Off,US,3,1,6131.064448842573,5542.508918441461,155.94497516325117,10,FIN,143,3,-49.089978782937706,admin,0.2198416974674692,339.9020070345197,Benign
P004944,TCP,Mobile,Off,EU,2,2,5763.948107772642,5643.127806422785,118.71605788534612,6,FIN,80,5,-63.409338983922325,admin,0.19337955729532993,287.766623324519,Benign
P004945,TCP,IoT,Off,EU,2,2,5589.278227989795,5995.384651998602,105.80086529047264,3,FIN,22,0,-54.554383529905444,user,0.19090451930240412,313.5364223957,Benign
P004946,TCP,Server,Off,ME,0,2,4560.084551286659,5696.67334281571,103.69191694171803,6,SYN-ACK,25,2,-52.684297401183244,admin,0.3103783382282322,270.177221977708,BruteForce
P004947,udp,Workstation,Off,ME,2,0,4869.907002470494,5459.154495561616,83.71232860483303,4,ACK,22,0,-67.09194563952339,user,0.1787300515750286,258.7941212191161,Benign
P004948,TCP,Mobile,Off,EU,5,0,6220.896379321118,4479.826604715359,103.50667237085025,8,SYN,110,1,-69.12605932944437,user,0.22894935064556526,278.6405572263923,Benign
P004949,TCP,Workstation,On,US,0,2,5838.252471344776,4576.656036087489,110.5887942842875,5,ACK,25,1,,user,0.2417045976898701,288.1665173834671,Benign
P004950,tcp,Workstation,Off,APAC,1,1,5681.768849374704,5203.061195153645,129.71990800370887,6,SYN-ACK,53,4,-68.07587020551517,user,0.295377573020686,307.6634994243459,Benign
P004951,ICMP,Server,Off,EU,1,0,4319.0837356011325,7349.294398351791,158.92286335015046,8,SYN-ACK,143,1,-73.9463175026047,admin,0.13196596030335558,309.66477540972016,Benign
P004952,ICMP,Server,Off,EU,1,1,5279.51997696621,8284.628096785766,89.99474874233175,4,FIN,21,1,-68.28514620383679,user,0.26925518364319195,250.90548125197358,BruteForce
P004953,udp,Workstation,Off,US,6,1,3948.441213815194,6915.188743933566,104.50391944256168,2,SYN-ACK,443,0,-65.7367101750712,user,0.6352903582912,250.74826613493883,BruteForce
P004954,TCP,Workstation,On,APAC,1,3,4816.297105433951,3274.65093464155,146.2003691426092,4,FIN,21,1,-58.79770774438269,user,0.3069499964174383,330.90591556272204,BruteForce
P004955,udp,Mobile,Off,ME,2,2,4760.192691038319,7723.207740863435,109.72027371560337,4,SYN,53,1,-65.45470288092505,user,0.2866298543046638,275.98096588529046,Benign
P004956,TCP,Mobile,On,US,2,4,6259.648362331693,4819.413464838154,93.6382880511548,2,FIN,80,1,-39.58229047850847,guest,0.476437458523351,264.674656790759,Benign
P004957,ICMP,Mobile,Off,ME,2,0,5912.534803414138,5980.515696492241,97.06610771240925,7,SYN-ACK,22,1,-65.44757179787509,admin,0.1650842934765667,309.935226097804,Benign
P004958,TCP,Workstation,Off,US,1,2,4652.120213026072,4813.987558222154,117.88471628993582,5,ACK,110,1,-59.6935065646033,user,0.351334310315706,288.72197308425984,Benign
P004959,TCP,IoT,On,US,3,1,4681.9236985601665,6982.09033538998,109.95133482240144,8,SYN,53,1,-57.98743239594626,user,0.21253749398198896,305.4236722300796,Benign
P004960,tcp,Workstation,On,US,1,2,6260.278069373049,4571.673871069681,106.92129257307612,3,ACK,143,1,-67.25746672606174,user,0.31285279147642514,302.7948740084976,BruteForce
P004961,UDP,Workstation,Off,EU,4,1,5658.837457494458,6695.703505190992,78.14870634579927,2,SYN-ACK,3389,1,-55.50940833206407,user,0.3223715513642996,266.04125596855687,Benign
P004962,TCP,Server,Off,APAC,4,0,5595.369535348613,3143.2162624740877,141.06760755126385,3,ACK,22,3,-67.45310986800759,user,0.025868015134031738,327.3930579416279,BruteForce
P004963,TCP,Workstation,Off,APAC,2,1,5674.58467560447,3801.5510967538603,105.72743904649529,9,SYN-ACK,21,2,-51.15400330779507,user,0.6204384609678378,302.32853436584384,Benign
P004964,UDP,IoT,Off,ME,2,1,5216.927380427938,2584.882561355933,149.05589109934988,4,SYN-ACK,443,1,-70.44788129615611,user,0.16511212244529502,304.130146993774,Benign
P004965,TCP,IoT,Off,APAC,5,0,3945.2105696477515,5490.348470525477,118.85538176510742,3,SYN-ACK,25,2,-86.07106148913192,guest,0.5756191723693928,305.2207459263791,Benign
P004966,TCP,Workstation,Off,US,2,1,5559.146626743694,4264.162267209591,96.8490471755851,2,ACK,110,0,-49.52342670404384,user,0.33519704603975176,275.5729986158788,Benign
P004967,ICMP,Workstation,Off,US,1,0,3767.518184932952,10502.016919464355,151.44624748452452,6,SYN,80,1,-53.172466229453036,admin,0.33476711671989023,313.9182842494698,BruteForce
P004968,udp,Server,Off,EU,3,0,2835.626357853937,2768.067334694402,143.68491845613593,1,ACK,443,2,-45.017676966314895,admin,0.3515118123351652,268.2003536828947,Benign
P004969,TCP,Server,Off,US,0,0,7028.143186671184,,120.14677316540195,10,FIN,25,1,-59.23172250411506,user,0.11926116784024796,333.75232376869,BruteForce
P004970,UDP,Workstation,Off,EU,2,2,4555.778669143224,5916.000119395892,157.9242161948611,4,SYN-ACK,443,0,,user,0.07087128325185246,299.6172487284668,BruteForce
P004971,udp,Mobile,Off,APAC,1,1,2233.161406430902,3522.429076659293,138.09126811032553,5,FIN,22,2,-63.740567670920555,user,0.34577453592403656,311.3856819555368,BruteForce
P004972,TCP,Mobile,Off,APAC,6,3,4722.361513922191,7156.999971120624,149.74940291327184,7,SYN-ACK,53,0,-57.73731041030774,user,0.16425946185927964,286.2240503596341,Benign
P004973,ICMP,Server,Off,ME,4,0,4105.302948464989,6593.610672847561,84.86198839208132,3,FIN,110,0,-55.22830948103331,user,0.08157957711455603,291.25052376494824,Benign
P004974,udp,Workstation,On,EU,2,1,6152.408544875159,6458.398715996525,151.27805483152756,8,SYN-ACK,3389,0,-43.47058968354307,guest,0.5775116739281222,345.40957990831083,Benign
P004975,TCP,Mobile,Off,US,2,2,3725.6947017264247,4345.211931146715,86.4592126969238,6,SYN-ACK,110,0,-57.731352835510286,user,0.419027824719306,291.94524247718357,Benign
P004976,tcp,Workstation,Off,APAC,5,1,6609.081639087281,5346.672340712079,121.41846922654734,10,SYN,110,2,-78.89425940455129,user,0.02724017338074305,319.7433019727181,Benign
P004977,TCP,IoT,On,APAC,1,1,6495.7955797086415,3274.223469770667,122.34679922498114,3,FIN,25,1,-64.54585024888347,user,0.2944218303899061,305.4712877661331,Benign
P004978,,Mobile,Off,US,0,1,6999.511746332157,3891.131174550543,133.56164981838796,5,ACK,53,1,-58.99426136736191,admin,0.043404253784076655,311.78339738534123,Benign
P004979,UDP,Server,Off,APAC,2,0,4542.428722746679,6842.494176892898,154.0353558380651,3,SYN-ACK,22,0,-50.87154489814881,user,0.38177717921018883,282.38524598552715,Benign
P004980,TCP,Server,On,EU,2,1,4267.404942886048,7953.165985156708,134.13573207375762,6,ACK,25,1,-63.69857789924276,user,0.5531896599228288,268.83129928085765,Benign
P004981,tcp,Mobile,Off,APAC,2,0,6466.589911189756,6568.0950937245825,146.34529286175922,5,FIN,22,1,-43.78171195608762,user,0.45903537604579214,332.1274669000884,Benign
P004982,UDP,Mobile,Off,US,2,3,5232.489935691958,6490.398558418526,141.02098278830175,2,ACK,110,0,-67.32835955007754,user,0.19338354524821535,294.81083721681654,Benign
P004983,UDP,Server,On,APAC,2,1,5898.271582862226,10078.240107180847,156.48398730995137,4,SYN-ACK,21,0,,admin,0.4033738605297565,277.55380984074526,Benign
P004984,UDP,Workstation,On,APAC,4,1,2099.4398810057955,2211.753624189049,115.18679745842293,12,SYN,25,3,-50.5805891016092,guest,0.460231403890173,287.2735100924028,BruteForce
P004985,UDP,Server,Off,APAC,2,0,6627.202195691788,5479.993788397786,130.39715428448835,6,SYN,21,0,-44.31352802725353,admin,0.2892808350613144,304.2551659128686,Benign
P004986,UDP,Server,Off,EU,1,2,4428.997808509139,3257.3387369973184,138.99062612740082,4,SYN-ACK,53,0,-74.96602635909522,user,0.27404982130099065,312.4388899757403,Benign
P004987,udp,Workstation,On,EU,2,1,5634.219463373485,4878.362980934478,125.69919671650948,2,SYN,143,0,-48.723799900821575,admin,0.17800275956162545,294.85465332236157,Benign
P004988,UDP,Mobile,On,US,1,0,2686.019737581841,4402.871147551201,115.51386046508279,5,SYN,25,0,-55.152989335460646,user,0.3527708109224204,285.4628030649294,Benign
P004989,TCP,Server,On,US,4,0,6972.881116191074,5460.0900787853625,88.93250593950953,9,ACK,143,1,-65.67653118355574,user,0.14805892869793308,251.98530835013113,BruteForce
P004990,TCP,IoT,Off,ME,2,2,6237.779382485808,5651.130118650178,125.71802371458763,4,SYN-ACK,21,0,-56.51345889341921,user,0.321030077692563,271.60197391349794,Benign
P004991,TCP,Mobile,Off,EU,2,3,7851.102752301671,3751.4002656763887,132.80534048314047,3,ACK,22,1,-44.21903391343834,user,0.28425809847910427,299.72338355867936,Benign
P004992,TCP,Mobile,Off,ME,2,1,6199.0437896548465,7793.986799639469,42.333707767014715,6,FIN,443,0,-50.383026143571,user,0.15915341217180137,281.4252483759874,Benign
P004993,TCP,IoT,Off,US,2,0,4707.217783560291,3800.5363574239427,83.84483471362698,8,FIN,3389,3,-57.116303066009216,user,0.10403232655530328,278.29684939168055,BruteForce
P004994,TCP,Workstation,Off,EU,0,2,4555.36779220383,4104.437881747969,100.8420507142398,4,FIN,21,2,-86.31730200708414,guest,0.08265300029713059,274.36423411128703,BruteForce
P004995,ICMP,Workstation,Off,US,0,1,5108.581852990278,7768.862771648064,93.33792542236785,6,SYN-ACK,25,3,-65.0903419457865,admin,0.34213250628366637,316.0628337537095,BruteForce
P004996,UDP,Mobile,On,ME,5,1,5999.080604833828,6012.93217780227,140.5126521275387,3,FIN,143,1,-58.941343325930724,user,0.3172534170382655,292.529140282618,Benign
P004997,TCP,Server,Off,ME,2,0,4570.584060315772,4715.94434651538,126.99081794222951,4,SYN-ACK,53,0,,admin,0.446778427926849,322.57369089056755,Benign
P004998,TCP,IoT,Off,US,1,1,4209.463933417341,1899.44719039156,138.78674254305588,2,ACK,25,0,,user,0.27652254691364675,287.5452156418075,BruteForce
P004999,UDP,Workstation,On,APAC,1,1,6781.965804252039,6975.072070873597,126.2167279546672,5,SYN-ACK,80,0,-57.11224676824265,user,0.17589531028759875,295.43393842545885,Benign
P005000,UDP,IoT,Off,ME,1,1,5278.360447765621,7467.47443546936,159.09268295474305,3,SYN-ACK,3389,1,-52.99130420683959,user,0.6177013474232759,317.95461852471766,BruteForce
P005001,UDP,Server,On,ME,1,0,4961.133220617186,6863.194895811802,95.12324635014939,3,FIN,22,1,-68.76805236618011,guest,0.24873719171112707,263.8007771955303,BruteForce
P005002,TCP,Mobile,On,APAC,0,1,5980.757800766871,6977.2012274354865,154.17191707314097,6,FIN,110,1,-50.06021756209547,admin,0.7332970784203676,329.72684280837393,Benign
P005003,TCP,Mobile,Off,EU,2,0,3785.732934370345,5349.735605352916,111.46626640633292,3,FIN,110,2,-65.26495166252764,guest,0.15299811754687814,270.5882889232418,Benign
P005004,TCP,Server,On,ME,1,2,5044.617364973833,6247.460092852297,61.44333873936202,3,SYN,21,0,-68.970221508138,user,0.200870148985204,249.29085487918596,BruteForce
P005005,UDP,Workstation,Off,EU,3,1,3565.0384918359823,,142.5888315616918,3,SYN-ACK,110,0,-72.53540507675888,guest,0.2243294015263336,294.2124463579682,Benign
P005006,TCP,Mobile,Off,APAC,1,3,4781.960051503461,2519.9385126555276,134.02372598181393,1,SYN,53,0,-72.67465689886006,user,0.4204962314634003,284.4917221050213,Benign
P005007,tcp,Server,On,APAC,1,1,1439.465639054516,4000.68835570448,65.36251176945618,4,SYN,25,2,-67.04827804954928,user,0.11347935059811354,245.4957298888419,Benign
P005008,UDP,IoT,On,ME,0,0,3525.5621953850077,8787.090589191008,155.81058420730096,9,FIN,21,0,-59.034431206412386,user,0.4639583216722612,334.92395058698816,BruteForce
P005009,udp,Workstation,Off,US,0,2,4121.637717768517,5459.682179758174,145.19566224487053,9,ACK,3389,0,-68.22441314576629,user,0.4343525610697006,293.6228105371822,Benign
P005010,UDP,Server,On,US,2,0,3893.6955983205726,10160.541132099293,152.88320292465062,4,SYN-ACK,80,1,-54.192692701485846,admin,0.021183423766130517,290.768099579123,Benign
P005011,tcp,IoT,On,ME,2,0,4987.0668184466695,5944.612670504407,122.74156575856883,4,ACK,80,0,-45.19448347035989,user,0.367579516205834,291.6963307144193,Benign
P005012,TCP,Workstation,Off,EU,2,1,3798.577032565897,8069.410132841171,135.0063092183486,4,FIN,53,0,-68.23539029986287,admin,0.0669009371976614,313.38650127014876,BruteForce
P005013,ICMP,IoT,Off,APAC,2,0,3840.5058641668747,7650.536988054128,126.95140619447828,4,FIN,3389,4,,user,0.40337263851369337,271.74182144383076,Benign
P005014,UDP,Mobile,Off,ME,0,0,5900.220992104427,7673.4247082545135,95.40148178622911,6,FIN,22,1,-56.82465027899034,user,0.2915044712898425,296.1842335766025,Benign
P005015,,Server,On,US,2,1,5516.6293800998465,5113.307314115658,135.20079536573996,5,FIN,21,1,-68.35828256959866,admin,0.24369710918258264,293.3176159083311,Benign
P005016,UDP,Server,Off,US,3,1,6120.946435311063,6773.811448898376,93.42795606220467,2,ACK,110,0,-59.667600076035676,user,0.3122972905973906,284.77991176609066,Benign
P005017,,Server,Off,ME,3,3,7297.983629835518,5097.566245620728,121.73392423261528,5,ACK,3389,0,-53.762953878613644,user,0.32128950398769135,321.7098405540645,Benign
P005018,ICMP,Mobile,Off,APAC,2,0,2544.700690987517,5799.987884475458,124.93282372145963,9,FIN,143,2,,admin,0.059443491510513743,311.96056287605745,Benign
P005019,TCP,IoT,Off,US,2,1,4879.788636286695,5923.8248814963545,117.81745242022332,7,SYN,443,1,-63.72734978041804,user,0.30165436833176834,289.3302851926327,Benign
P005020,TCP,Server,Off,US,3,0,1537.1571932382603,5626.10477331837,129.5797505565652,5,ACK,80,0,-65.82723718171675,admin,0.4873126543214646,296.7883905715085,BruteForce
P005021,UDP,Mobile,Off,EU,1,1,5911.400340944265,5692.358165607602,134.096240794585,10,SYN-ACK,22,0,-63.19344853355032,admin,0.28555310947262474,293.22170557350785,Benign
P005022,tcp,IoT,Off,US,1,2,4268.620715273161,6340.302030397506,77.30659842435212,5,SYN,25,2,-41.23473374154463,user,0.3980605002314364,288.0788400564576,Benign
P005023,ICMP,Server,Off,EU,2,2,4025.4004601046304,6656.143687925659,478.4201028184705,3,ACK,143,0,-40.28882018490484,user,0.3480251857932979,250.68626704752344,Benign
P005024,udp,Workstation,Off,ME,1,1,4982.320717446303,,86.23049515700257,6,FIN,80,1,-58.4273354393107,user,0.25300933483805643,264.13218149402763,Benign
P005025,TCP,Workstation,Off,APAC,3,0,3144.789226705871,5171.058928950122,144.07998983220804,7,ACK,21,1,-73.19532752914718,user,0.04704726659860339,309.7978445624353,BruteForce
P005026,tcp,IoT,Off,EU,1,1,5783.46960093325,,146.28934534260344,3,FIN,3389,0,-68.29891641930585,user,0.12435191356560271,339.70622422198113,BruteForce
P005027,tcp,IoT,On,US,0,1,7536.8265232844915,3073.6547731778255,131.11392234103212,8,FIN,443,0,-69.63530693625121,user,0.014440373198878743,309.4826187394107,BruteForce
P005028,,Workstation,Off,APAC,3,0,4494.8942370424475,2778.5693818695922,89.34426007978686,4,SYN,25,0,-64.7776028967779,user,0.06590287112121306,290.66796270898163,Benign
P005029,UDP,Mobile,Off,APAC,2,2,5241.987630591725,3869.7735494850094,139.14903729529095,3,SYN,53,1,-66.41608311560884,guest,0.19258227829428956,318.30753949780757,Benign
P005030,tcp,Workstation,Off,APAC,3,0,4015.1311529456702,3610.8771506512985,131.4577141674438,3,FIN,3389,1,-66.20480942609481,guest,0.1304467804117232,299.49186496298665,BruteForce
P005031,tcp,IoT,Off,APAC,4,1,4735.082154834042,3940.1380487646766,105.8693021405694,10,SYN,25,0,-49.02947572387417,user,0.22798996754417186,286.9201157500197,Benign
P005032,UDP,IoT,Off,APAC,2,0,6096.81153481223,7578.470316830658,115.20229237560694,6,FIN,3389,1,-65.95546978331986,user,0.25131058331482214,308.56578807831227,BruteForce
P005033,TCP,IoT,Off,APAC,1,0,5133.522328104739,2601.1453911511885,112.10874601617266,6,FIN,80,0,-52.86206549277894,guest,0.18909981126135844,304.61271335464477,Benign
P005034,TCP,Workstation,Off,EU,2,2,5984.715619459113,5651.208474044282,163.7403675602256,3,SYN-ACK,21,1,-53.50525985997976,user,0.3402647937142812,314.5301561178512,Benign
P005035,TCP,Workstation,Off,ME,2,0,6036.1949065739145,7597.285383697059,114.62534129420638,4,SYN,110,2,-66.2772200615346,user,0.03613125555055622,289.95365286965523,Benign
P005036,TCP,Server,Off,US,3,0,3809.094024434805,4521.91199860337,165.72476747840443,9,SYN-ACK,110,1,-81.0343796947058,admin,0.18101092789466977,328.140635575589,BruteForce
P005037,TCP,IoT,Off,EU,2,1,6597.976635059271,7429.035544141959,132.0667500763757,8,ACK,53,3,-67.1570960900567,admin,0.5395009846134605,276.9944057722527,Benign
P005038,tcp,Server,Off,US,2,1,5508.315352408763,,99.60042198714248,4,FIN,110,0,-58.589415145278494,user,0.26490295947811143,275.6035363574367,BruteForce
P005039,,Server,On,APAC,0,2,5527.659261658242,8636.6206193957,119.85623329243242,0,SYN-ACK,21,0,,guest,0.42415291038769,282.74088712689274,Benign
P005040,tcp,Workstation,Off,ME,0,1,3475.002175732088,5373.919719649715,128.89330052167642,6,ACK,443,2,-58.02882536513622,user,0.5598887010837743,286.80553424365473,Benign
P005041,TCP,IoT,Off,APAC,3,1,5256.054252258648,,104.52679637275305,1,SYN,443,1,-58.803216047952134,admin,0.30509994804569374,308.00037006372537,BruteForce
P005042,TCP,IoT,Off,US,4,3,1468.1668168064625,6483.018320156132,111.33219850528707,6,SYN,3389,1,-57.055463049796856,user,0.19350344048621257,262.415057765813,Benign
P005043,UDP,Mobile,Off,APAC,0,1,4527.539820264755,6196.684989632736,101.81998022533504,5,ACK,110,2,-63.875218085866464,user,0.27180850516003174,285.1097276332702,Benign
P005044,TCP,IoT,On,ME,3,2,4767.260647512825,3506.930662940013,162.22795796744776,3,ACK,53,1,-72.98206180759612,user,0.1693967547366866,315.07297743864694,Benign
P005045,TCP,Server,On,APAC,5,0,9351.504743232515,3383.49260089777,114.4528467770153,9,FIN,143,0,-62.176668539509585,guest,0.412411067975566,313.49221939006617,Benign
P005046,TCP,IoT,On,EU,2,1,4359.739664891832,5508.091079252468,164.81883831858283,3,FIN,143,0,-62.786967355289775,guest,0.14768267467114365,283.68144407943765,Benign
P005047,UDP,Server,Off,APAC,2,3,3195.5452247274948,4837.420608873367,134.91209446772507,3,FIN,110,0,-60.67201897282578,admin,0.21871497377258992,277.685154303206,Benign
P005048,TCP,Mobile,Off,ME,3,3,5965.312159255479,7513.725665775146,73.70749330107785,8,FIN,143,0,-56.84910744509816,user,0.1531213877815753,286.43643129869184,BruteForce
P005049,TCP,IoT,Off,EU,4,0,2361.0323233578165,2742.962157958478,117.7750406266002,8,SYN-ACK,21,0,-56.05975122197424,user,0.1740608878136401,296.958078415175,Benign
P005050,UDP,Server,On,APAC,0,0,3455.6332587041243,5831.688495125209,169.2071757866787,1,SYN,80,2,-41.51639637022718,admin,0.1176766493049364,307.56304107155603,Benign
P005051,TCP,Server,Off,APAC,1,4,3190.081868493912,,177.8984707707426,2,FIN,3389,1,-65.39833240910602,user,0.48031392405071593,314.61069842174476,Benign
P005052,ICMP,Mobile,On,ME,3,3,8227.069638309837,6645.595829813266,175.27554992479202,4,SYN-ACK,3389,2,-65.15496470815337,user,0.13031862467259608,338.8820939207306,Benign
P005053,UDP,Server,Off,APAC,4,3,3227.7016088466607,10612.682781423526,60.112396838577745,3,SYN-ACK,53,0,-36.08162650271279,user,0.4912292701300553,249.88591770514245,Benign
P005054,tcp,Mobile,On,US,4,2,5070.034548570195,4790.022570226909,117.51445044149715,5,SYN,443,1,-55.367882756042434,user,0.3097378080929483,278.37523267630945,Benign
P005055,TCP,Mobile,Off,APAC,0,0,4370.297536862323,2962.6012891456385,171.96783489416092,8,FIN,22,1,-69.59951861738537,user,0.676561403818083,324.64003411124844,Benign
P005056,UDP,Server,Off,APAC,2,0,4164.769950447207,6676.419638357685,109.50936387155502,2,ACK,3389,0,-51.86015119826347,user,0.3345965475587863,286.3741694397234,Benign
P005057,TCP,Server,On,US,2,1,4038.116502614128,11367.9464052284,92.50475576947815,6,ACK,110,0,-64.26190180390032,user,0.106948904334606,303.3557511971853,BruteForce
P005058,TCP,Workstation,Off,US,3,1,4800.8213858373565,5248.49670186097,83.1752196944328,7,SYN-ACK,443,2,-55.68058410103148,user,0.24854494831857707,271.10878002565545,Benign
P005059,UDP,Mobile,Off,APAC,0,1,6823.016305890406,7648.444727712867,133.87257293699386,3,FIN,3389,0,,user,0.2376648516392664,293.9724671667266,BruteForce
P005060,UDP,Workstation,Off,APAC,1,1,4689.4116149239035,,96.1960014488809,9,SYN,53,1,-53.72368567849045,user,0.13809850069623275,270.66251227456644,BruteForce
P005061,,Workstation,On,ME,3,2,6821.171801689306,5327.098987850789,159.4627414355046,5,SYN-ACK,80,2,-52.523730137559525,user,0.5652248490977966,310.56830663626977,Benign
P005062,UDP,Mobile,Off,EU,4,1,3666.1794281633365,2314.211166575569,114.45285967765639,3,FIN,443,1,-61.48774743045574,admin,0.4257404526235331,290.22021228528394,Benign
P005063,UDP,Workstation,On,EU,4,2,7051.138078267197,5295.49636761,151.83183184119474,2,FIN,443,1,-48.39853967651932,user,0.07505790789404931,288.0091247298436,Benign
P005064,TCP,Server,Off,EU,2,0,3783.058434598851,7505.7017939068155,106.32109003812475,4,FIN,443,1,-43.09908580721763,user,0.45484697285309206,284.61952121222123,BruteForce
P005065,TCP,Mobile,Off,EU,1,1,6313.930116959891,9035.600591418897,175.35166403317405,9,SYN,25,0,-60.94739632891781,guest,0.0958673059599199,318.19731046371896,Benign
P005066,TCP,IoT,Off,ME,0,3,3914.0143620270874,6989.210359646188,118.50349022673912,5,FIN,53,0,-65.33621693251779,user,0.24625008578268523,259.15180504324746,Benign
P005067,TCP,Server,On,ME,4,2,4750.052814305031,6092.059253839985,171.46011447482013,4,FIN,443,1,-64.39876496611707,admin,0.3136081164381532,331.40111175385806,BruteForce
P005068,ICMP,IoT,On,ME,1,0,5141.303230228377,,120.12663480814419,10,SYN,25,3,-72.3386892601265,user,0.3173469950051626,296.27586052731215,BruteForce
P005069,tcp,Workstation,Off,EU,2,1,3392.9126254073117,,121.69865037349571,4,FIN,80,1,-73.5506988911802,user,0.5349872343707038,294.1446760051245,BruteForce
P005070,TCP,Workstation,Off,EU,2,1,5491.648532008935,7070.813435975819,109.67981103601126,8,SYN-ACK,80,2,-52.7882878377704,admin,0.33554706010108026,309.773052727096,Benign
P005071,TCP,IoT,On,APAC,2,2,7059.2685058637835,10933.82217488091,59.925189834274114,8,FIN,53,1,-70.70287401357379,guest,0.3842446920625634,293.44970869987776,Benign
P005072,TCP,Server,Off,ME,2,0,7793.245329980065,2298.0903491132644,152.25359981366012,6,SYN-ACK,3389,0,-67.38138519713665,user,0.2991941953839502,331.79121358863523,Benign
P005073,TCP,IoT,Off,APAC,0,0,3519.4970757035444,,81.15062583412282,5,ACK,143,3,-64.96021363710372,guest,0.4956669365311629,283.4951565568881,Benign
P005074,tcp,Workstation,Off,APAC,2,3,5188.615558737157,7037.5306006428855,164.6850888738239,4,SYN-ACK,443,1,,user,0.07905062809006412,301.38718136185247,Benign
P005075,ICMP,Mobile,Off,APAC,0,1,4358.720839711893,1819.5546567035044,59.726994600982934,5,ACK,25,1,-68.22261790217897,user,0.40093019221968107,253.93039501463738,Benign
P005076,ICMP,IoT,On,EU,1,0,6544.551381648984,5683.066343930771,130.05613806052062,7,SYN-ACK,143,1,-55.71642948520999,user,0.5501454311024986,326.36989824074317,Benign
P005077,udp,Workstation,Off,ME,6,0,7933.10246203281,8333.987805679799,139.2802620654141,5,SYN-ACK,80,0,-49.02128090577323,guest,0.2319918440445252,310.62126718948355,BruteForce
P005078,UDP,IoT,Off,APAC,2,2,7149.614346026253,3851.592213259171,187.42817190974097,3,ACK,22,0,-54.417204409371216,user,0.22067309161747165,340.6832460104569,Benign
P005079,TCP,Server,On,EU,0,1,7410.296006706565,3221.255178998256,111.33984595808077,4,ACK,3389,1,-54.811826716669714,user,0.2086736254014366,324.49850638251434,Benign
P005080,TCP,IoT,On,APAC,3,2,4329.7889441585785,9336.327877419493,101.16476755351327,4,SYN,143,1,-49.89936959914629,guest,0.4574983977332081,259.0545048861116,BruteForce
P005081,TCP,Server,Off,EU,0,1,4420.456134431257,8717.440803965497,173.66941800523614,4,ACK,22,2,-69.16630422476533,user,0.32766938268067247,306.5361078384624,Benign
P005082,tcp,Mobile,Off,EU,1,0,4473.982229223373,1307.5744569698481,104.18484267954132,3,SYN-ACK,80,0,-52.33106302982084,user,0.12742952451095696,274.2997537909747,Benign
P005083,TCP,Mobile,On,US,0,0,2965.3089381880004,8105.404461939772,127.08998605122507,6,SYN,22,2,-53.87441137774651,user,0.10203964157944134,257.6449207366757,BruteForce
P005084,,Server,Off,APAC,1,1,3646.124096015533,6494.378365190038,118.63265624258594,13,SYN,3389,1,-72.39444030894009,user,0.1349864936549213,305.4921075896272,BruteForce
P005085,tcp,Mobile,Off,APAC,0,2,5537.554978719836,,92.58963638622683,4,FIN,80,0,-56.4057794501965,user,0.24593524131350933,303.42263661439915,Benign
P005086,UDP,IoT,Off,EU,4,2,4395.134807454491,4056.4294180067204,165.4591664566742,4,SYN-ACK,143,0,,user,0.18700462931611825,302.3636740501538,Benign
P005087,,IoT,Off,ME,1,2,4783.868050998367,8584.032356144835,141.14759833053608,2,SYN-ACK,110,0,-75.74182094538995,user,0.41632704545311966,301.53062296186175,BruteForce
P005088,TCP,Mobile,Off,APAC,0,0,3869.955318646171,1108.1352848593488,152.95539293625342,6,SYN-ACK,80,0,-62.95586728309514,user,0.3292213184757359,320.29061513582343,Benign
P005089,UDP,Mobile,Off,APAC,4,0,2394.310899504697,7314.681558946915,82.28395436703235,8,ACK,3389,2,-63.53712778045442,user,0.32765995426552474,268.1023087580517,Benign
P005090,ICMP,Mobile,Off,ME,2,0,5828.571346711072,7246.830603815358,105.49607236734576,5,FIN,53,0,-64.1894956129786,user,0.11562566335121272,308.21066594470597,Benign
P005091,ICMP,Workstation,Off,EU,3,2,3598.3029404533745,4616.013129147685,113.74496988640888,4,FIN,53,0,-53.084467407216906,admin,0.0543222971799756,265.8246905307006,Benign
P005092,udp,Server,Off,ME,4,2,4839.116835483353,7324.4658966083825,68.31571836118482,4,FIN,3389,1,-55.00765894942115,admin,0.07838411943780849,275.7355603942439,BruteForce
P005093,TCP,IoT,Off,APAC,6,1,5661.43836280976,7514.240828238756,127.43307961107793,6,ACK,110,0,-78.75724499254946,user,0.26527918277207024,295.7098251154967,Benign
P005094,udp,IoT,On,APAC,3,1,1976.1528835092295,2735.8286328707873,112.54771012219845,6,SYN-ACK,53,2,-75.96370010403504,user,0.08182685069935701,265.7180382843435,BruteForce
P005095,udp,Mobile,On,US,4,1,5118.9438774011605,8712.965530176347,138.49343579471116,4,FIN,3389,1,-60.637638012689905,admin,0.13189051237710095,293.21961998199765,Benign
P005096,UDP,Mobile,On,ME,1,0,3517.471079295815,3121.27597829861,129.9171290276244,8,SYN,53,0,-38.138996426822835,user,0.40242024598215975,275.5793876050563,Benign
P005097,TCP,Server,Off,US,2,1,6294.149169597926,5014.951914050856,156.0665784607749,1,SYN,21,0,-43.41951059345731,user,0.5005433996628952,310.3117127477364,Benign
P005098,TCP,Workstation,Off,EU,2,0,4670.324723208566,8072.189114509339,116.87032777945359,2,SYN,80,0,-64.5786835477488,user,0.771286450494676,297.7934094536778,Benign
P005099,UDP,Server,Off,EU,2,5,5836.265292751095,6444.148501732945,120.86195473215712,4,SYN,110,0,-63.05308184515291,user,0.1625764636167514,320.58434337131837,Benign
P005100,UDP,Workstation,Off,US,2,0,1497.8065449302485,9778.830948314753,100.26007479060434,7,SYN-ACK,443,1,-53.06203832587131,admin,0.06898461902616264,279.30837942903435,Benign
P005101,UDP,IoT,On,ME,3,0,4626.400707350057,5184.404602678115,144.86809364438597,5,FIN,21,2,-53.00329269356189,user,0.448454168644219,319.54024546022055,Benign
P005102,UDP,Server,Off,US,2,1,4710.536204620838,4548.278431670895,120.68829750026451,5,FIN,443,1,,guest,0.17653736744613685,270.13417197995966,BruteForce
P005103,TCP,Workstation,On,US,1,2,6142.076039872557,6089.983625707843,96.08801880955666,8,SYN-ACK,22,1,-63.02369259695395,user,0.32353436431227256,290.9041367530627,Benign
P005104,ICMP,Server,Off,APAC,3,1,5498.646757055272,6905.44237713523,120.69324879041172,3,SYN,143,2,-77.62435109168163,user,0.3072147642367242,297.63036021384835,Benign
P005105,TCP,IoT,On,US,0,0,4881.195051442761,6617.191302593381,162.81850733889414,8,ACK,53,0,-59.03047327733823,admin,0.2571267113764781,322.26343807890805,Benign
P005106,UDP,Mobile,On,ME,4,1,2531.418848285736,8748.771850658037,117.97087134176833,7,SYN,143,2,-48.71425014510212,user,0.46153764514890533,303.5170469671847,Benign
P005107,UDP,Mobile,Off,APAC,4,1,4203.584303458682,6956.42868494002,111.78196507212485,3,SYN,110,2,-63.84026401361647,admin,0.22134838308779434,287.9947039713751,Benign
P005108,UDP,Mobile,Off,EU,3,0,5296.577788723976,6870.129855793554,129.35048019450417,7,SYN-ACK,143,0,-78.35097094569615,user,0.4030990965712209,302.8011352801488,BruteForce
P005109,TCP,Workstation,Off,APAC,3,1,4928.417532938503,7079.2150133902205,151.04243836976576,3,SYN-ACK,22,1,-38.9539670868159,user,0.20199924963768032,295.62095650731874,Benign
P005110,TCP,Server,Off,ME,3,1,5270.674342419816,5392.229455022546,104.36619362145231,5,FIN,22,2,-88.48792963014631,user,0.5121752378049501,289.83983100935154,BruteForce
P005111,ICMP,Workstation,Off,EU,3,2,4162.383062867456,9904.263938449254,171.8436776932603,3,ACK,53,1,-65.87208095635636,user,0.33855781125160295,302.0745807502315,Benign
P005112,UDP,Workstation,Off,ME,1,3,6582.663958966993,2878.117514468174,108.60903316676004,3,ACK,25,3,,user,0.48279658296261324,317.82943673279027,Benign
P005113,,IoT,On,EU,3,0,3249.365846023673,7960.268564385621,135.31651392326066,7,SYN-ACK,25,0,-54.45223262470052,user,0.4111800078367408,299.5936988380136,Benign
P005114,TCP,Workstation,On,APAC,6,1,535.7241809043426,8128.098815978883,85.52044469345606,5,SYN,22,0,-45.37790798963904,user,0.19090585162046664,272.32384021767274,Benign
P005115,tcp,IoT,Off,APAC,2,2,5350.393250527352,5882.1153313859095,126.01045138747057,5,FIN,110,0,-74.03664829795586,user,0.3766460102827939,274.9773006089902,BruteForce
P005116,UDP,Workstation,Off,ME,2,0,4698.71531666959,5450.114692429266,120.04737661557391,1,ACK,22,0,-55.1224898299219,user,0.17541059800014178,285.10404110420376,Benign
P005117,UDP,Workstation,On,EU,4,1,6198.497571198468,3570.1663167164406,151.79143727620968,4,SYN-ACK,21,1,-49.582602432677746,admin,0.1678022665411507,289.0623546563009,BruteForce
P005118,UDP,Server,Off,APAC,1,1,5133.786554500465,9824.079976855264,148.7841677993989,7,ACK,3389,1,-47.644984577038684,user,0.14428251788309984,296.4459604069427,Benign
P005119,TCP,Mobile,Off,APAC,0,1,3779.795034607433,2886.0810317446258,79.25670685262807,3,FIN,80,0,-51.64070289720994,user,0.1166652452639864,271.5579994146361,Benign
P005120,UDP,Workstation,On,US,0,1,5049.946414147223,4340.740424794938,76.82743040125216,3,SYN-ACK,110,2,-52.01932737860696,user,0.29766166137647676,272.3741370894072,BruteForce
P005121,UDP,Server,On,ME,2,1,5681.606974443361,9877.877865114877,93.1902627135737,7,ACK,25,1,-51.9023896246609,user,0.03557769426832743,306.24954981941806,Benign
P005122,TCP,IoT,Off,EU,4,2,5679.249197463769,9000.244515120196,103.1708792975438,2,SYN,25,1,-66.37792736361367,user,0.5790914652937245,268.8400187917783,Benign
P005123,ICMP,IoT,Off,US,2,0,1264.353336966426,,97.07615502232898,5,SYN-ACK,21,2,-64.399344720722,guest,0.15807835314806035,251.9694983516111,BruteForce
P005124,UDP,Server,On,EU,3,2,3188.079568976502,9052.140629543786,180.48174123489588,7,ACK,21,0,-55.30217531729165,user,0.1868040912012857,320.0306281698308,Benign
P005125,TCP,IoT,Off,APAC,2,3,6891.92083709237,5003.1776104452265,108.63390976582991,8,SYN,53,1,-66.76136036350405,admin,0.14035609882004166,268.9897472811113,Benign
P005126,TCP,Server,Off,APAC,2,0,5278.078855961545,6074.926629312202,106.97001976526464,3,FIN,443,2,-67.75013522544275,user,0.03922899790137287,311.70134667797936,Benign
P005127,ICMP,Mobile,On,US,3,1,3890.668627873796,6354.184688221543,143.08907183534717,0,SYN,3389,2,,admin,0.16346061551857338,296.23653407571163,Benign
P005128,,Workstation,Off,US,1,0,3371.2813016176415,5855.212310375475,116.804022215761,3,SYN-ACK,110,0,-39.57667634878955,admin,0.3177990774935558,306.1345592363926,BruteForce
P005129,tcp,Server,Off,US,2,3,4946.713876557058,3228.9050111618744,62.192396150427285,8,FIN,143,2,-55.40834069910774,user,0.14413483604853075,269.05629849345854,Benign
P005130,TCP,IoT,Off,EU,4,2,5644.7941841953025,,81.44984409314662,2,SYN,53,0,,admin,0.11137861524464063,289.57812956921265,BruteForce
P005131,TCP,IoT,Off,US,4,2,3443.821432326476,7196.991138076111,124.8802194712411,8,ACK,80,2,-52.208215678774145,user,0.1120019944728419,286.3262373489436,Benign
P005132,TCP,Server,Off,APAC,2,1,4449.363963434539,4789.154300566612,119.73249307289257,9,ACK,110,3,-53.4323017022018,user,0.3102933746061937,295.19070012306287,BruteForce
P005133,tcp,IoT,On,APAC,2,1,5207.362392241635,5053.946722380227,97.73293822875821,4,FIN,25,1,-88.35740238198248,user,0.43352050024179617,255.50930365990118,Benign
P005134,TCP,Server,Off,APAC,5,0,6957.601450762632,7452.103316312774,71.09336933201692,6,SYN-ACK,22,0,-56.66965511297923,user,0.5319172851723104,287.83805668436435,BruteForce
P005135,udp,Server,Off,US,0,0,3835.636278149279,,191.0678457818897,4,FIN,110,3,-64.2116944149054,user,0.2732862475811635,365.2313256785242,Benign
P005136,,Workstation,Off,APAC,3,0,2115.461785915893,3933.911644531127,92.86775898496035,7,FIN,3389,1,-67.59155387617811,user,0.2101995758629315,272.4195801151989,Benign
P005137,,IoT,Off,EU,3,3,6162.332980383407,6326.222229743151,78.523816785679,5,SYN-ACK,22,1,-62.065671215295914,user,0.22523407014561939,279.85661805354675,Benign
P005138,TCP,Workstation,Off,ME,1,1,5962.860016386241,3487.711414785882,134.6994240159502,3,SYN,53,3,-63.48372347044885,user,0.7220285263556347,289.7182525253372,Benign
P005139,TCP,Workstation,Off,APAC,1,1,7436.689807990052,3673.928297126462,79.72278501451314,2,ACK,110,0,-71.49866840727287,guest,0.22841203007571512,257.4291840680125,BruteForce
P005140,UDP,Mobile,Off,ME,5,1,3494.870342621608,9762.9217573539,112.8728390067126,6,SYN-ACK,443,4,-40.5348291387517,guest,0.5087897587746562,295.39931054425944,BruteForce
P005141,TCP,Mobile,Off,APAC,3,2,4699.602044391824,6707.049033319201,149.40664621312345,4,SYN-ACK,25,3,-63.09159173177469,user,0.39998375824218635,294.2795255558575,Benign
P005142,TCP,Mobile,Off,EU,1,1,4915.9598073209745,6239.468687789675,71.48459275601306,3,SYN,22,2,-61.58325096001263,user,0.40001565637530895,239.07558391144363,Benign
P005143,UDP,IoT,Off,ME,1,1,3984.5788522452976,3336.932676837173,102.0274484871554,8,FIN,3389,3,-43.82636214698981,user,0.41138488815467744,279.53268820076113,Benign
P005144,TCP,IoT,On,US,2,2,2838.818928653383,5029.494629397742,143.24385238928517,6,ACK,80,1,-57.648359139046605,user,0.15586596899882738,278.4389020537568,BruteForce
P005145,ICMP,Server,On,ME,3,1,3712.6156298273313,7142.411004637948,162.5746574893016,3,ACK,143,0,,user,0.3970370967290211,313.27900428662264,BruteForce
P005146,,IoT,Off,EU,1,1,4666.54809574316,8197.244635098647,146.16544233576536,5,SYN-ACK,25,2,-83.40207640050502,user,0.24245860954976411,297.8485461239949,BruteForce
P005147,UDP,Server,Off,ME,1,3,7106.116417180365,5899.161954221409,142.36423304861407,6,SYN,3389,0,-41.393552991627004,admin,0.18436487229632023,285.7134645748791,BruteForce
P005148,TCP,Mobile,Off,ME,1,0,3781.652997731049,7726.735687328184,157.94348667865665,5,SYN,21,1,-62.008700838416864,user,0.05593287585063235,301.2866243070816,Benign
P005149,UDP,Server,Off,EU,1,1,5830.868996374782,8362.914553486236,107.35241002642098,5,SYN,22,2,-64.82775973721775,user,0.35746026909644235,289.76390064586684,Benign
P005150,,Mobile,Off,ME,1,1,5359.083583595909,7954.446438084467,128.88769023421412,5,SYN-ACK,3389,0,-40.15921259546579,user,0.2661872521843476,325.5147902119795,Benign
P005151,UDP,Workstation,Off,ME,0,0,6047.893782612921,5702.393469001471,141.3673237761613,5,SYN,143,1,-58.392961543840016,user,0.3058481992133078,311.76728907459517,BruteForce
P005152,UDP,IoT,On,ME,2,0,4197.844974697647,6255.194251397858,140.57624635818829,3,FIN,21,3,-59.63694472017881,user,0.2659784774539733,304.4087739320204,Benign
P005153,TCP,Workstation,Off,US,2,1,2863.940554718664,6049.334549277088,157.11422081454927,9,SYN-ACK,22,2,-59.96595492423111,user,0.2962954402368701,305.84420635945486,Benign
P005154,ICMP,IoT,Off,APAC,4,0,1428.7277199173432,6077.361390842262,107.71543962728262,9,SYN-ACK,110,1,-46.45824488588907,admin,0.03690299575562286,286.5524768899242,Benign
P005155,udp,IoT,Off,ME,0,0,6016.779301301711,6084.767829075007,114.7250110041544,7,SYN-ACK,3389,0,-60.85436282704951,user,0.43680448224066537,307.016389343391,BruteForce
P005156,UDP,Mobile,Off,US,5,2,2277.2547620758705,5672.725035694175,155.533165424767,7,SYN-ACK,110,2,-81.07867259070079,admin,0.2504428985481658,295.4273610759898,BruteForce
P005157,TCP,Server,Off,US,2,5,5426.962188811264,,106.98673849513992,4,SYN,25,1,-33.427108840089076,user,0.09933437790650868,283.71854189819334,Benign
P005158,TCP,Workstation,Off,US,1,2,3831.039338245627,6024.931162017452,191.6302285924342,4,SYN,21,2,-56.583392056699566,admin,0.12563794493370276,310.2070727474619,BruteForce
P005159,UDP,Workstation,On,APAC,2,1,3553.343440096506,7141.406938958446,126.17389796501213,3,ACK,53,2,-60.678145950248165,user,0.40163558704371816,275.59975038006417,Benign
P005160,TCP,Server,Off,APAC,4,1,5558.191161645809,10859.089508537396,114.25549477118545,5,SYN,443,3,-58.86157241732995,admin,0.329305805627241,303.1633377175108,BruteForce
P005161,TCP,Mobile,Off,APAC,2,2,5080.364786951825,3505.5970684966046,134.37197767927086,3,ACK,443,1,-46.584645918723695,user,0.5162778643303715,288.560357956506,Benign
P005162,tcp,Workstation,Off,US,1,1,4847.095457339381,7107.2413498004435,112.7530740260579,9,SYN-ACK,22,1,-69.74493254614639,admin,0.2638900872778498,298.07594490102764,Benign
P005163,TCP,Mobile,On,US,0,0,5016.87581047337,4469.792351320312,121.65554015379124,6,SYN,443,2,-51.69772461615275,user,0.1461953012130502,327.47687789686466,Benign
P005164,TCP,Server,On,APAC,2,0,3892.6698113923303,8399.937365848524,148.28552478335968,6,ACK,3389,3,-57.21061173092003,user,0.1173607808794902,294.6904658941012,Benign
P005165,TCP,Server,Off,US,3,1,6335.446133183623,4036.668414773295,121.10330079119129,4,FIN,53,1,-67.85677558154974,user,0.07827860899953207,300.67109511165023,BruteForce
P005166,tcp,Server,Off,EU,1,1,4848.707279553906,6129.147108240513,122.4620198969714,5,FIN,80,1,-60.311512769003855,admin,0.28444279493523045,279.59573417239915,Benign
P005167,TCP,Server,Off,US,1,0,4357.255526807143,5453.564444801108,128.8362503588397,5,SYN,110,2,-50.76866531817761,user,0.3139364243081076,303.85778725491355,BruteForce
P005168,,Server,Off,US,3,1,2699.2561681008565,5935.0830917670655,104.62761614292626,2,ACK,443,2,-66.05897750630129,user,0.3673395726038857,267.58035236358836,Benign
P005169,UDP,Workstation,Off,APAC,2,1,4192.1081055323275,6083.44799653406,80.08334403628626,6,ACK,443,2,-63.21366566558121,user,0.4645865712907048,294.8488990502838,Benign
P005170,TCP,Server,On,ME,3,1,37756.02868331902,4535.143652597149,94.11949943708687,4,ACK,3389,0,-47.459724252975114,user,0.24078023917067296,286.14878773230924,Benign
P005171,UDP,Workstation,Off,EU,4,1,5429.189029444673,9365.81104499745,158.60366022684093,5,ACK,443,0,-60.92509847922955,admin,0.026208614375852334,303.55239202679263,Benign
P005172,TCP,IoT,On,APAC,1,1,5516.217717808766,7196.314333083715,93.42467878124603,3,ACK,110,3,-59.145223046223094,user,0.1897630242180441,287.903131160255,Benign
P005173,ICMP,IoT,Off,US,1,2,5789.842324337712,7610.110070558855,123.27109740712685,9,ACK,3389,2,-55.532582858459854,user,0.33396144810388656,324.87152955868106,Benign
P005174,TCP,IoT,Off,US,1,2,5840.0052047296,5074.183741227183,92.8588562281259,4,FIN,22,2,-74.22505448249007,user,0.21630291976941793,254.08199330268826,Benign
P005175,TCP,Server,Off,US,2,0,4315.755632238612,8948.340464215236,143.80887501784963,2,ACK,53,2,-65.03973404745791,user,0.2664328513791957,328.0454106313688,BruteForce
P005176,TCP,Workstation,Off,ME,2,3,5542.434792493037,4367.7022360552,120.47284290179607,5,FIN,3389,1,-60.15328406517506,admin,0.25787675249499054,297.0109197459979,Benign
P005177,tcp,Mobile,Off,US,2,1,5012.385817508322,8844.001109455854,88.8240024026781,6,SYN,143,0,-48.46087763252868,user,0.14477737503379054,247.70934171966,Benign
P005178,UDP,Mobile,Off,EU,1,1,4602.801745875987,6579.947194750199,59.290897572659766,5,ACK,80,0,-69.68924421203515,user,0.07317584795078794,254.76501145068647,BruteForce
P005179,UDP,Server,Off,APAC,4,1,5483.03218418359,6672.168056622621,126.70818611933197,10,FIN,21,1,-61.55534244186536,user,0.07866793221869813,343.5930787238901,Benign
P005180,udp,IoT,On,ME,1,1,1248.4891774983812,6839.098169902117,141.5695332011906,4,ACK,80,2,,user,0.2782088342137034,300.9736778098766,Benign
P005181,UDP,Server,On,APAC,1,1,3970.278765744848,8280.888366785566,712.0038271709716,4,FIN,53,0,-46.938634452996006,user,0.6619986340490764,273.8130867901467,Benign
P005182,TCP,Mobile,Off,EU,3,0,8083.306563683072,8704.33325619945,142.16616203473197,4,SYN,53,0,-71.35930696407468,user,0.12494266264987389,289.49872465777327,Benign
P005183,,Mobile,Off,EU,1,3,4738.957626334703,6412.493254105573,100.61251475303541,3,SYN-ACK,143,1,-64.4599669358975,admin,0.3027952203217313,271.55814662409125,Benign
P005184,,Workstation,On,EU,3,0,9165.89653112155,5657.005121802593,153.38979782527494,0,ACK,3389,2,,user,0.5803521594222177,309.43292183743654,Benign
P005185,udp,IoT,Off,ME,1,1,3955.2429466491967,2839.268429222237,75.68462887470339,1,FIN,22,1,-67.87357549459861,user,0.36234036807043535,275.97237810070476,Benign
P005186,udp,Server,Off,US,1,1,4032.5233759852667,6154.71096026882,165.58268493607792,7,FIN,25,1,-56.45205469912503,user,0.0754736329313815,307.55629251737923,Benign
P005187,TCP,Mobile,Off,EU,1,2,3967.114181170604,4148.1668202966885,110.61656510699362,5,FIN,110,0,-65.6607416430717,user,0.09793671824103513,289.81866728620116,Benign
P005188,TCP,Mobile,On,APAC,1,1,5029.2944150061985,,44.43521834040507,8,SYN-ACK,80,0,-38.538100334556155,user,0.514791169740545,253.95380183144613,Benign
P005189,TCP,IoT,On,EU,0,1,5799.326880641527,10882.12240274731,140.6205213812184,7,SYN,143,0,-70.05417496413071,user,0.28547497798376875,294.2208711473069,Benign
P005190,udp,IoT,On,US,1,1,4834.705247630878,9470.36164674397,98.74153797341215,4,SYN-ACK,443,1,-61.46494790049232,admin,0.2767360333566279,271.5235852739716,Benign
P005191,,Server,Off,ME,0,1,5925.003383845922,4823.170321677405,101.1187742766383,6,FIN,22,1,,guest,0.2679659151974893,289.94355157470807,Benign
P005192,UDP,Server,Off,ME,2,0,4673.001665967376,3470.2142152408824,103.05326316948371,2,SYN,53,1,-54.4881975559179,user,0.10895230952783118,265.3403733960593,Benign
P005193,TCP,Mobile,Off,ME,2,1,4174.606551943733,7447.936835260641,126.10757025125504,6,ACK,53,0,-68.29247039236503,user,0.13846553674642212,264.97987716570054,Benign
P005194,TCP,Workstation,Off,US,0,0,5435.595535586464,6616.9879588689955,127.97017247542318,2,SYN,21,0,-54.36577226896786,user,0.7448987820911709,303.8900402724293,Benign
P005195,UDP,Server,On,APAC,3,1,3542.6312224258754,4151.900723424138,122.3199573434544,3,ACK,25,5,-69.53752938508295,user,0.34018782896761784,267.32138843669406,Benign
P005196,UDP,Server,Off,APAC,1,0,4575.759743978633,7208.15477076475,106.9874778118591,7,ACK,143,0,-55.75509258060211,admin,0.07064613401016115,283.72984097995186,BruteForce
P005197,TCP,Workstation,Off,EU,1,0,5917.108172665516,,153.78720458109606,1,ACK,22,2,-43.715536253033065,user,0.35141738915100323,333.14285871921084,Benign
P005198,UDP,Workstation,Off,APAC,1,1,3819.286289835552,5803.2197679215715,182.0778425065812,9,FIN,80,1,-54.64047925522942,user,0.2955706689379626,343.7529930478762,Benign
P005199,,Server,Off,APAC,0,2,7880.524481995912,7658.426101762465,75.10900468570145,7,SYN-ACK,25,1,-48.995340959129614,user,0.3045623016962886,300.30581766047646,Benign
P005200,TCP,Workstation,Off,EU,2,1,5201.004028771202,3337.7752384892597,143.78570900094152,4,SYN,21,2,-60.264304145649774,user,0.13401035181036886,288.97126850292557,Benign
P005201,TCP,IoT,Off,ME,1,0,4910.443853280377,7315.587087518437,120.7600840913007,4,FIN,3389,3,,user,0.23249876674296804,308.4287058449636,Benign
P005202,UDP,Workstation,Off,ME,7,1,2592.605899488098,5699.569150273346,75.98412345708621,5,FIN,25,2,-57.29555265433538,user,0.06200336750059402,244.34443291785453,BruteForce
P005203,TCP,Server,Off,US,1,0,3985.17283429441,3843.137377218891,104.46458290313059,4,FIN,25,3,-54.97247240171593,user,0.3993775980313912,298.8504121405381,BruteForce
P005204,TCP,IoT,On,EU,1,3,5420.045003546289,5291.055792795482,161.96621301546384,4,SYN-ACK,53,4,-59.641839425573224,user,0.5619395685643167,308.98266248428786,Benign
P005205,TCP,Server,Off,APAC,2,1,2926.986736341199,8507.626412876045,131.96433417164863,4,SYN,53,0,,user,0.505874939811479,293.4231612193187,Benign
P005206,UDP,Mobile,On,ME,1,1,5347.499087843148,6630.2875176835605,121.6697927581641,3,ACK,143,2,-58.60884755426754,admin,0.646658513182161,283.16746063179323,Benign
P005207,UDP,Workstation,Off,APAC,4,0,6578.635299349571,,128.35408640696747,9,SYN-ACK,143,2,-62.18555870002483,admin,0.09357293554544299,280.675775372031,BruteForce
P005208,TCP,Workstation,Off,EU,6,0,5952.445717987058,3565.0613293358037,157.8851577750385,8,SYN-ACK,53,0,,user,0.15538194793022694,320.45648509933716,Benign
P005209,UDP,Mobile,Off,ME,0,2,5630.664403425052,8766.66583456079,102.70186432510835,3,SYN-ACK,21,1,,user,0.20081484143833453,269.9360948396931,Benign
P005210,UDP,Workstation,Off,EU,4,1,5079.587341907425,7409.6908561827395,86.07234232311504,4,SYN-ACK,443,0,-52.97592331970942,user,0.3543272000790083,253.21761169806098,Benign
P005211,TCP,Workstation,Off,US,2,0,2842.436851836692,9569.837773774412,116.77518903114013,4,SYN-ACK,443,0,-65.24628560184809,guest,0.2252216534818327,288.90847189626453,Benign
P005212,UDP,Workstation,Off,ME,1,1,5274.378403839467,6542.654085335421,98.56138426953913,6,SYN,80,0,-60.96390408606293,user,0.46977503849166663,309.0049478920372,Benign
P005213,TCP,Workstation,On,ME,4,5,6560.817147659916,8460.463667190703,99.08422011959358,6,SYN,21,2,,user,0.14712101084394935,302.3468650671617,Benign
P005214,tcp,Server,Off,APAC,4,0,4346.6049238865035,,92.77392162984042,5,ACK,21,1,,user,0.16890698388911102,282.696815799951,Benign
P005215,tcp,Workstation,Off,US,1,0,1846.903574372399,8051.486745823098,102.97186065869872,7,SYN-ACK,443,2,-57.65483235387165,user,0.2886657417983126,267.84002708980154,Benign
P005216,TCP,Server,On,EU,0,1,2222.9943424303615,5906.10595202472,86.34384044093866,5,FIN,3389,2,-68.85689121213998,admin,0.5381165792422131,278.7046330002753,BruteForce
P005217,,Workstation,Off,US,2,0,2411.0375059823177,2011.8590253538969,80.91389759878322,2,FIN,3389,2,-55.81408161850511,user,0.4680398893720022,230.88485733018433,Benign
P005218,udp,IoT,Off,APAC,1,1,4757.682446449133,7488.44698667872,88.87660816215156,4,SYN,443,0,,admin,0.35800477146108484,284.9117715362503,BruteForce
P005219,ICMP,Workstation,Off,ME,0,1,4761.199420814766,6367.340860287676,150.42104532417756,4,SYN-ACK,3389,1,-63.94044394915098,user,0.3171027650425411,304.01196796644905,Benign
P005220,TCP,Workstation,Off,APAC,0,0,7108.411419309126,6532.5111210552,55.21964494722724,1,FIN,25,1,-59.2458453551914,guest,0.10975157254022527,273.3544715664201,Benign
P005221,TCP,Server,Off,APAC,1,2,5874.009920344803,4128.069961176416,125.38211940771923,3,ACK,443,2,-46.06442293341335,guest,0.6359352419916837,274.62634987535216,Benign
P005222,TCP,Workstation,Off,EU,1,1,3583.421036425696,7877.711429329348,193.0258643569316,3,SYN-ACK,3389,0,-59.43285683289531,user,0.21648223018347154,317.0130587231688,BruteForce
P005223,TCP,Server,Off,US,0,1,6001.464181120997,7609.598395267509,87.93948752157237,7,SYN-ACK,443,1,-43.67816267073983,admin,0.24762676042542348,288.12112214565684,Benign
P005224,UDP,Mobile,Off,APAC,1,3,5949.397630057032,4899.39979885146,127.56839587395929,7,SYN,53,2,-53.071125001515895,user,0.41788797563784114,291.1108560807849,Benign
P005225,ICMP,IoT,Off,US,1,0,7045.278308975018,5897.1006435568925,96.47713096205808,5,SYN-ACK,25,0,,user,0.32868071309224506,295.7954556316563,Benign
P005226,TCP,IoT,Off,APAC,2,0,5994.763980038324,6332.153299157766,133.3612362747995,5,SYN-ACK,21,0,,user,0.3895047575399593,305.0635197848022,BruteForce
P005227,ICMP,Server,Off,EU,1,3,2813.8976302114074,2886.7705391398954,106.3792251869572,3,SYN-ACK,53,1,-63.32192538253772,user,0.36983987511579086,288.5134003888238,BruteForce
P005228,ICMP,Server,On,APAC,1,2,4005.028711872121,6242.920408655277,137.22857617338272,3,SYN,3389,2,-62.5925596810526,user,0.3086227218742254,274.1420951191051,BruteForce
P005229,TCP,IoT,Off,ME,1,1,5644.679941083523,5753.91134108529,109.1371029942681,4,FIN,22,1,-45.66709397492787,user,0.4469731053550288,277.25860437444805,Benign
P005230,TCP,IoT,On,US,1,1,4584.400500480335,4775.408164102501,99.91499158208705,7,SYN,80,0,-47.47318796291451,user,0.14039466141127244,283.3928043611529,Benign
P005231,tcp,Workstation,Off,APAC,3,1,5095.276374007524,5390.189912428243,105.52102240029578,9,FIN,25,1,-57.9884463762445,user,0.3463395549891667,286.006807355472,BruteForce
P005232,UDP,Mobile,On,US,5,1,3602.38383382501,8380.543264794458,154.94414419627012,3,SYN,21,1,-73.82545922509196,user,0.18868515849499365,289.8569633025173,Benign
P005233,TCP,Mobile,Off,ME,5,0,4028.4891050087526,7745.209643552537,55.93713797083123,6,ACK,80,0,,user,0.5208642399811757,250.78215540031374,Benign
P005234,TCP,Mobile,On,EU,1,1,3293.0274778327794,4134.224708767238,179.77490344534647,8,ACK,22,2,-53.44423862817437,user,0.403736773348419,319.2124923111605,Benign
P005235,ICMP,IoT,Off,US,1,3,3567.759847870594,2848.700412960432,102.82701341566909,4,FIN,22,3,-66.74511570988227,user,0.3013469759096703,258.18319041061915,Benign
P005236,ICMP,Mobile,On,APAC,3,0,7736.066124765233,6498.86312983983,120.73659949721352,1,SYN-ACK,21,0,-72.34444485108821,guest,0.22129220487359616,295.9416015457856,BruteForce
P005237,UDP,Mobile,On,APAC,3,2,5995.373275302434,7141.0192944637565,174.99529273383072,5,SYN,110,0,-59.85898849181314,user,0.34435253809684374,349.5217948909602,BruteForce
P005238,TCP,IoT,On,APAC,2,3,4909.872695382309,3546.289001716633,138.6837311324352,5,FIN,143,3,-60.661438276257485,user,0.25819629104999314,292.28389076069493,Benign
P005239,UDP,Server,Off,ME,0,2,3963.3584514463205,8058.775540506123,124.22883425476954,6,SYN-ACK,25,1,-65.72885645283179,guest,0.3767587620764382,304.3173009058279,BruteForce
P005240,TCP,IoT,Off,ME,0,1,8154.779504768102,7795.633836759046,108.23359683303937,4,SYN-ACK,22,1,,admin,0.18106810475191487,287.73750146826956,Benign
P005241,TCP,IoT,Off,ME,1,1,4605.262128027698,3853.8644843616835,114.77716902867351,5,FIN,3389,0,-68.93320042410045,admin,0.12425168484322249,288.80529016804365,Benign
P005242,udp,Workstation,Off,EU,2,1,7658.915568345467,7839.153019891152,72.6754414772495,7,ACK,25,2,-62.29754483839155,guest,0.34148954690101657,286.1899707550778,BruteForce
P005243,UDP,IoT,Off,ME,1,2,5266.961698968651,,99.74172530913395,2,SYN,21,1,,guest,0.29083124482945116,261.1112577343175,BruteForce
P005244,ICMP,IoT,Off,APAC,3,0,3779.1273397880495,5759.774134732779,39.902527333402375,6,SYN,53,1,-63.32468984315134,admin,0.550660693268029,289.50510714523443,Benign
P005245,udp,Mobile,Off,EU,1,0,4336.954322400647,,175.15718420965908,4,SYN-ACK,53,0,-64.66140871552314,user,0.0714829017606175,331.62154190561046,Benign
P005246,,Workstation,Off,APAC,1,1,3881.1042993134324,6941.644174042574,95.29205302441869,4,SYN-ACK,443,1,-61.54215208888354,user,0.17525052517739298,278.5925528839143,BruteForce
P005247,TCP,Server,On,APAC,2,5,28825.718021443194,4243.65134672367,132.59054727249057,4,SYN-ACK,21,0,-51.60666701409975,admin,0.12520403717109838,282.5555367402123,Benign
P005248,UDP,IoT,Off,ME,1,2,4219.198972848862,9217.519106084776,131.7347589277305,11,SYN,3389,1,-48.49386014511123,admin,0.22196947582158125,309.1259010101342,Benign
P005249,tcp,Server,Off,US,0,2,4156.055700925272,2874.318840129695,70.5787099237344,6,ACK,22,0,-62.760754621481084,guest,0.060502464114307215,272.0981363488801,Benign
P005250,TCP,IoT,Off,EU,5,2,4254.751289756188,3920.54229700751,130.0423793056338,6,FIN,3389,0,-67.49932869764713,guest,0.3495462563525709,283.53629356371135,Benign
P005251,,IoT,Off,EU,2,0,4251.9860821218535,1296.6849872468338,111.37476131298584,3,FIN,443,2,-53.4090052931655,guest,0.1955577892587943,307.6935257439018,BruteForce
P005252,TCP,IoT,Off,US,1,0,4181.541742567466,4006.5252711961093,162.25616071886216,5,FIN,143,3,-70.94529820720908,user,0.12814099343006513,337.56281283460055,Benign
P005253,,Mobile,Off,APAC,3,0,7572.866123073779,,136.18559930115893,8,ACK,110,0,-74.50742802289773,admin,0.6444747141181048,321.31468296486554,Benign
P005254,ICMP,Mobile,Off,EU,4,3,4143.400689745215,3872.1094272489245,152.45814095899976,3,SYN-ACK,80,1,-63.10747131207,user,0.6617219163803374,290.63923199742777,Benign
P005255,UDP,IoT,On,ME,2,0,2989.6151343207184,6510.180015422263,150.1265477497266,6,ACK,21,0,-58.154664320634474,admin,0.20986123955979555,303.9852230096486,Benign
P005256,udp,IoT,On,EU,3,0,4247.877368942303,6552.047503481156,101.71412357179982,7,FIN,143,0,-60.6069035638139,user,0.5372079964018579,273.48864416372237,Benign
P005257,TCP,Server,Off,ME,3,0,4315.035689910699,4766.751988682069,86.5294661636458,5,SYN-ACK,3389,0,,user,0.34263169493431433,271.08414054779826,BruteForce
P005258,,Workstation,On,ME,0,1,4428.393462372402,6689.140370277724,123.46199609611094,5,FIN,143,4,-55.237341321105305,user,0.09937248918035262,295.9755600563818,Benign
P005259,tcp,IoT,Off,ME,0,1,5796.771009800521,3669.1693153850824,126.61950199560394,5,ACK,80,1,-55.64152267268636,user,0.427455631631017,304.9728289270388,BruteForce
P005260,UDP,Server,Off,APAC,1,1,7463.541381861856,5542.979269923351,420.57205027484355,7,SYN,25,0,-66.74813996121205,admin,0.021616010160248906,320.53938870628394,Benign
P005261,,Mobile,On,US,4,0,6060.2375200236165,7456.130259817974,92.41646716084591,13,SYN-ACK,21,0,,user,0.2946178049172994,310.9295650861172,BruteForce
P005262,TCP,IoT,On,US,0,0,5184.822468990239,3367.3241781715365,175.85912994986163,6,SYN-ACK,80,1,-53.09412034935196,user,0.05799327306174148,322.8947227939797,Benign
P005263,TCP,Server,Off,APAC,1,2,5539.434810363923,6690.915659717669,121.14380599832235,3,FIN,25,1,-59.42803441095137,user,0.1940005927748765,290.8461818528158,Benign
P005264,ICMP,Workstation,Off,US,1,0,4783.788589718905,5644.92273210983,150.17054756534293,5,SYN,143,1,-50.088828833226145,admin,0.41774161868845866,307.3665061854747,BruteForce
P005265,TCP,Server,Off,US,1,1,4784.087652270509,2193.9543145696525,111.70090400285346,2,SYN,21,1,-45.89363968598175,user,0.3337193460465079,274.2741661067726,BruteForce
P005266,udp,IoT,Off,EU,3,2,5459.766782922906,3837.1192300254124,134.48983713557615,4,SYN,22,1,-68.18265863680699,user,0.3515681007938153,305.205512768262,Benign
P005267,UDP,IoT,Off,APAC,5,0,3685.6715351884404,9765.933440518378,90.55583337952204,3,SYN,80,1,-58.43705295935636,admin,0.523343624447003,256.28777536070663,BruteForce
P005268,ICMP,IoT,Off,US,3,0,3701.907184116226,6346.154730429557,122.19458447835633,3,FIN,110,0,-62.47864026376897,guest,0.18361519404396756,310.58899706637476,BruteForce
P005269,UDP,Server,On,US,3,0,9775.757583896218,3913.731472742697,134.9747264114016,5,SYN-ACK,3389,2,-43.862607945160576,user,0.3346679246000179,321.79110465167605,BruteForce
P005270,TCP,IoT,Off,APAC,3,2,6863.790845593619,4879.306146522296,101.3270881649284,5,FIN,110,1,-61.11076329537706,admin,0.26435528230588845,249.79456046775303,BruteForce
P005271,TCP,Server,On,ME,2,0,4152.672498601577,6362.139841892275,107.33961863284804,7,ACK,21,0,-74.31678115811795,user,0.30652913974069274,288.7050242056221,Benign
P005272,tcp,Mobile,Off,APAC,4,0,3762.544614462378,6206.49419984006,124.12153332901542,4,SYN-ACK,22,2,-54.88561146810498,user,0.37589330866836973,288.09600913184687,Benign
P005273,tcp,Workstation,Off,ME,3,3,6119.803332912679,8657.867850737566,97.47236460277418,6,FIN,25,1,-64.33816917181127,user,0.4680223650222194,271.9805898087355,Benign
P005274,UDP,Mobile,Off,ME,1,0,6895.917012925916,6181.440448484967,147.3152655403913,3,SYN-ACK,25,1,-80.30561271595613,admin,0.25138231751926265,298.84173028170625,BruteForce
P005275,TCP,Mobile,On,EU,1,1,3732.7533141659324,3350.7346580105964,121.2571494084748,2,ACK,21,0,-59.41686560650009,user,0.5236749247023893,281.0164806985566,Benign
P005276,TCP,Workstation,Off,US,4,0,4375.639877751728,8448.8782992944,130.91052626923678,8,FIN,110,1,-71.85733123590677,user,0.12663460827301443,329.82964626258627,BruteForce
P005277,TCP,Server,On,APAC,0,1,2783.102067771367,4299.729696909377,124.65982803929268,5,SYN,3389,0,-71.80633978627533,user,0.3312191133807212,275.74266007326577,Benign
P005278,TCP,IoT,Off,EU,1,0,2760.1968469390245,7327.781066156664,153.18574640322825,3,SYN-ACK,110,1,-48.242038957058796,user,0.05423872382648087,302.1068932990944,BruteForce
P005279,UDP,Server,Off,ME,2,1,4433.31731944442,6061.8685739812245,104.13961213313367,1,SYN,443,2,-59.36675708363895,user,0.17982473772768462,257.6570287771827,Benign
P005280,TCP,Workstation,Off,US,2,2,1617.184370463272,4862.558509898408,146.68355048607418,4,SYN,22,2,-76.70997429293533,user,0.2745254864589812,270.14429739221936,BruteForce
P005281,tcp,Server,Off,US,1,0,4140.7463627361185,5959.9466441832965,157.91214041224652,4,ACK,110,1,,user,0.05197495064537815,307.43013952114603,Benign
P005282,udp,IoT,Off,APAC,0,1,4871.926430346765,7806.640021759264,141.24591223701998,4,SYN,80,0,-62.40988323043791,guest,0.2284779361878813,273.2642547573874,Benign
P005283,ICMP,Server,Off,APAC,3,0,2898.348932912018,,106.36322875184969,4,FIN,53,1,-56.896471812687615,user,0.24722268728865465,295.1621949038137,Benign
P005284,tcp,IoT,Off,APAC,1,0,4881.934636663444,6935.428823819457,106.95214352075745,11,SYN,21,0,-70.83218174051997,user,0.08836566394864503,264.62863824873165,Benign
P005285,TCP,IoT,Off,EU,3,0,5838.017059787514,7952.350816235792,132.76112263342714,2,FIN,80,1,-48.93023864868191,user,0.03995270627306402,288.7312543898326,Benign
P005286,,IoT,Off,EU,2,2,5609.96070604422,8359.686093076154,117.48438025975904,10,SYN-ACK,110,2,-55.15144885265091,user,0.2712598192164533,311.44620436795066,BruteForce
P005287,UDP,Workstation,Off,US,3,0,3434.3761311697485,4573.38168158876,121.72601369615506,5,SYN,443,0,-58.34427809048563,user,0.14197569697352533,307.2133295677722,BruteForce
P005288,UDP,IoT,On,ME,2,1,5781.806374152124,6850.063487780698,117.52450171578877,3,SYN,110,0,-60.815033817399616,user,0.22858801684105393,304.8055329751285,BruteForce
P005289,,Server,On,ME,3,0,7171.887645749661,4594.6965670839945,150.7599265029366,0,FIN,143,1,-53.771752829375245,user,0.30369731733862726,312.7853914811108,BruteForce
P005290,UDP,Mobile,On,APAC,1,1,7833.495582057765,8164.901401412423,64.74982793774043,8,SYN-ACK,3389,0,-51.31548296935669,admin,0.6343843597821218,294.6208080074331,Benign
P005291,TCP,Mobile,On,US,2,2,4878.241064033536,2769.188751002143,124.74467489132097,10,FIN,25,2,-72.73874928062736,user,0.4631295926583136,279.26994787740904,BruteForce
P005292,UDP,IoT,Off,ME,3,1,2195.494522176225,7860.735916752382,179.00218298727543,9,FIN,21,1,-50.89882247401329,admin,0.10425963693316767,304.77589512266,Benign
P005293,ICMP,Workstation,On,EU,2,1,5381.99924709015,6401.4462975372135,103.74043366763951,5,SYN,3389,2,-54.346313859956325,admin,0.13896718818461354,275.7864546108419,Benign
P005294,UDP,Mobile,Off,EU,1,2,3439.858606544678,7683.438748899906,100.26741192218726,6,SYN,25,1,-77.89216161092936,guest,0.5523164049231222,267.43987887472144,Benign
P005295,TCP,IoT,Off,ME,1,0,5839.414557016029,4899.2346600080755,125.11113213179149,6,SYN-ACK,25,1,-57.49950930021325,user,0.1587460424149473,290.32758247797767,BruteForce
P005296,UDP,Server,Off,EU,1,2,2335.3100921645223,4129.1614130667995,132.19139042850233,7,ACK,25,1,-61.92966448543166,user,0.2659467502378922,300.8083861748853,BruteForce
P005297,ICMP,IoT,On,ME,1,3,3788.044746412337,4091.7231787999754,116.96698794970571,4,SYN,110,0,-51.12514210294883,user,0.12846329259362105,285.4200505606947,BruteForce
P005298,TCP,Mobile,Off,US,1,1,3518.7675996780495,3866.8787168082185,98.83721018134966,3,ACK,443,2,-59.505151648962276,user,0.1834599013139402,263.67734041220666,BruteForce
P005299,UDP,Workstation,Off,APAC,1,2,9020.587717774919,8813.443527224032,122.85389477891951,3,ACK,143,1,,admin,0.6184508486383101,317.05396144933013,Benign
P005300,TCP,Server,On,US,1,1,5068.505540085792,7659.98599740367,117.51903989113556,4,SYN,53,1,-71.99984521835219,user,0.39864564792135027,301.5604006702307,Benign
P005301,TCP,Mobile,On,US,3,3,5754.356044716929,7762.499129161204,163.63739752418428,6,ACK,110,1,-57.41326962392105,user,0.5944198861784643,361.45817718125994,Benign
P005302,TCP,IoT,On,ME,1,1,3517.5840722091125,7631.76909480091,118.60685458227789,5,ACK,110,0,-83.04637573798284,user,0.21025847302473943,303.56044541858716,Benign
P005303,,Server,Off,EU,1,2,5381.9584323636145,7434.527462693935,123.19388609616274,1,SYN-ACK,110,0,-55.174493323233364,user,0.4002823907923874,281.1199020406281,Benign
P005304,udp,Workstation,Off,ME,2,0,4956.719471457791,5802.087716530365,99.59429953022764,7,SYN,443,1,-63.06119201205612,user,0.4855468296035843,282.9732749562628,Benign
P005305,TCP,IoT,On,APAC,4,2,3033.204635599749,4244.136381968013,112.30973229115224,5,FIN,53,2,-29.00807346994812,guest,0.2415882172845732,266.5215601067055,BruteForce
P005306,UDP,Server,Off,US,2,1,4884.301085871837,7309.625948057185,137.3211701772296,5,SYN,22,2,-56.696992459994476,user,0.4195102665659588,280.656290680903,Benign
P005307,TCP,Workstation,Off,EU,1,2,6548.427184459855,,115.3862607880416,3,FIN,53,1,-66.36486891647297,user,0.20350275167225867,274.22837100318793,Benign
P005308,udp,IoT,On,ME,4,2,6711.589410370765,7268.053322862088,121.35866501124407,6,ACK,25,0,-54.45323474958835,user,0.15504001724093766,301.7094121884036,BruteForce
P005309,TCP,Workstation,On,ME,3,2,4960.141688744304,3616.023559685272,92.97788759713318,2,SYN,3389,2,-57.78636349967875,admin,0.35662423779064456,271.0888931590035,Benign
P005310,UDP,IoT,Off,APAC,1,0,7551.213246460663,8145.825817632844,131.720311111944,4,SYN-ACK,80,2,-48.09340047079259,user,0.20949409671491145,316.5466413695449,Benign
P005311,UDP,Server,On,US,1,0,2844.5885224619265,7703.564652254296,121.41631704788041,4,FIN,143,2,-62.18265850397872,user,0.4139569936173204,311.7419087868199,Benign
P005312,udp,Mobile,Off,EU,1,3,4140.0062631698365,5768.725213091613,122.74749942148523,4,FIN,21,0,-55.58612769183837,user,0.13253175947979107,304.5666286314437,Benign
P005313,udp,IoT,Off,EU,1,3,4926.6630322154215,4059.4978275061935,157.46520579410117,5,ACK,110,2,-65.08720759639205,admin,0.30983638093434746,280.7641126995027,Benign
P005314,udp,Workstation,On,US,1,1,5827.048535243257,2190.818632179722,118.50948008564673,4,SYN,110,1,-60.73514583524582,user,0.528748142945878,306.19157412274313,BruteForce
P005315,,IoT,Off,EU,2,0,4764.101865989699,6105.849473313098,102.66951876335435,4,SYN,3389,2,,admin,0.34026421546002933,255.52852432956882,BruteForce
P005316,,Workstation,Off,US,0,2,3545.5878404591217,5611.824810020398,152.32771247503285,2,ACK,80,1,-48.49673290224244,admin,0.3976552068708531,278.7683448969984,BruteForce
P005317,UDP,IoT,Off,US,2,4,5115.523863928189,2996.55182521752,97.71460151521748,1,SYN,53,2,-49.787790246790344,admin,0.16635751703316554,282.73249467682194,Benign
P005318,tcp,IoT,Off,US,3,2,6594.287007350628,6216.613416416921,134.90847272070246,3,ACK,3389,1,-73.9800992187274,user,0.3517798824107289,288.23532247420604,Benign
P005319,,IoT,Off,EU,2,2,6228.980862987133,5262.661464889971,96.73859866472148,9,SYN-ACK,443,0,-55.75084246443181,admin,0.21984395276960705,305.20906501250505,Benign
P005320,udp,Server,Off,ME,3,1,4739.949485957771,5825.186423181449,117.8576236642481,10,ACK,22,0,-47.529592179454426,user,0.1489130619407496,291.00691000591956,BruteForce
P005321,TCP,Workstation,Off,US,1,0,2523.3908956306923,3679.8322215134235,153.95474729896068,3,SYN,53,0,-80.25024606247165,user,0.438896677164222,299.62504007797463,Benign
P005322,TCP,Workstation,Off,ME,2,1,4825.138823943324,5684.748545375978,129.10862537754267,4,FIN,80,1,-75.430059452271,user,0.5828182924766218,265.76313290852795,Benign
P005323,tcp,Mobile,Off,US,5,2,4695.948174440534,2997.074355986991,160.76701520969314,6,SYN,443,1,-48.46482146153335,guest,0.6043769763301715,287.9229700191689,BruteForce
P005324,udp,Mobile,Off,ME,4,1,5174.296498199472,5136.492959281839,105.8347133191204,6,ACK,21,4,-49.79818744406144,user,0.24069317046937613,294.26944745995286,Benign
P005325,ICMP,IoT,On,US,1,0,3691.5883729657016,4819.656646743568,53.3247982054271,4,FIN,21,0,-57.54650475359866,user,0.16026104609244807,274.6877024234231,Benign
P005326,TCP,Server,Off,US,1,2,5310.467806658395,5842.45346147845,160.92290897314285,5,FIN,3389,2,-70.33560158349167,user,0.07177014207696135,289.09770511292004,BruteForce
P005327,TCP,IoT,On,US,3,1,5727.241449597632,7577.2850906478625,105.72711521146763,3,SYN-ACK,110,1,-84.88787435057284,user,0.3703875604189807,312.6927058493136,BruteForce
P005328,UDP,Workstation,Off,ME,1,4,5004.173060326526,7904.460941044177,131.13440070473746,1,ACK,53,2,-71.39076597296898,user,0.19200363238028134,289.16637836458705,Benign
P005329,TCP,Server,On,APAC,0,0,4822.244487851355,,147.86480783824243,7,SYN,21,2,,user,0.38068404242473564,312.64783765491745,BruteForce
P005330,UDP,Workstation,Off,ME,0,2,4021.3273790001094,6347.955819569464,49.137814603183244,6,ACK,143,0,-59.47150255126554,user,0.505219086518289,262.5336745853551,Benign
P005331,,Workstation,Off,EU,2,0,8336.532376989888,7895.951645780135,108.88546852411828,12,ACK,143,2,-60.25907894705797,user,0.3170644155825622,311.4967316065188,BruteForce
P005332,udp,IoT,Off,EU,3,0,2980.9384715097453,6307.666774028301,91.22630365850515,4,FIN,80,1,,admin,0.7094280094028587,263.3833513833006,Benign
P005333,TCP,Workstation,Off,EU,2,1,5842.017651191917,9511.69172407436,72.58948127809495,3,SYN,143,1,-36.25168672521413,user,0.5068436144488531,248.4389999582647,Benign
P005334,UDP,IoT,Off,EU,2,1,6640.731775118982,6341.84355190028,86.21943182862066,5,FIN,21,1,-41.16681391796579,user,0.2931798965894979,302.1270491611192,BruteForce
P005335,UDP,Server,Off,US,1,2,3690.3478249087143,4288.197279871945,105.29758410515825,6,FIN,110,1,-48.60563110306329,user,0.1452286068206923,284.9592673028401,BruteForce
P005336,,Server,On,APAC,1,0,4765.043891084641,6782.655155143466,140.34026314332672,5,SYN,3389,1,-57.25052330075887,admin,0.5369768669652375,297.70753294874737,BruteForce
P005337,UDP,Workstation,On,US,3,0,7353.584452975625,3593.090902539249,115.98385288877022,2,SYN-ACK,443,0,-56.921294635101816,user,0.346809942774948,307.68673651251964,Benign
P005338,ICMP,Workstation,On,APAC,2,1,2785.083613468568,6383.390754795218,87.27589770438937,6,ACK,443,0,-58.88187369307977,user,0.029517472508956647,258.184605653713,Benign
P005339,TCP,Workstation,Off,EU,1,1,5056.589998894598,5857.163968872401,134.59600643707253,5,FIN,143,3,-61.02576703188451,user,0.2800159281092599,345.01517550224514,BruteForce
P005340,,Server,Off,US,1,3,4743.293980694213,5337.158006190614,122.59891849114675,3,SYN-ACK,21,0,-53.44684093641934,user,0.14650408701945428,272.2453128157899,Benign
P005341,tcp,Server,On,US,4,1,6091.730372991294,4358.876371393121,105.78904088968314,7,SYN-ACK,143,1,-58.57925961078262,user,0.6601926961066534,291.4023501390182,Benign
P005342,TCP,Server,On,APAC,2,0,5155.478704099707,4967.00966545129,120.30322266686612,9,ACK,143,0,,user,0.12989820770703692,303.8827450686061,BruteForce
P005343,TCP,IoT,On,US,1,3,5738.171931692924,6033.853273062796,112.92707257075028,3,FIN,3389,2,-66.67128951906626,user,0.2322451917102431,309.33485407742666,Benign
P005344,TCP,Server,Off,ME,1,1,6789.16014974976,6684.605504213726,137.7706614607314,8,SYN-ACK,25,1,-50.381762846717756,admin,0.2853667350493325,322.17836295021874,Benign
P005345,TCP,Server,Off,ME,1,1,7067.2739414882235,8595.439580191334,86.62153124392208,3,SYN-ACK,21,1,-45.363404007068226,user,0.09288297800376383,284.2074496883261,Benign
P005346,udp,Workstation,On,EU,2,1,3628.2052469008972,7463.347597093869,102.48179004793096,2,ACK,22,1,-57.141135106845475,user,0.2822536368748482,277.13095662377884,BruteForce
P005347,UDP,IoT,On,EU,2,2,41159.752554809675,6455.074831220023,136.75286781080464,3,SYN,22,2,-47.24292543876847,admin,0.0964914262119407,260.17968230707095,Benign
P005348,TCP,Workstation,Off,ME,2,1,7481.3687272091665,6850.8644782883775,101.41165971310764,5,FIN,3389,2,-68.26539415576588,user,0.3271437321611978,307.06077374774753,Benign
P005349,TCP,Mobile,On,EU,0,1,5792.217332563109,6385.320116626832,26.28391020786202,10,SYN-ACK,443,0,-74.16606781300608,user,0.1368945509688563,267.2387087793785,BruteForce
P005350,,Workstation,Off,EU,2,1,2619.0102973236853,7438.609605287918,121.85436690382238,2,SYN-ACK,80,2,-59.39247394924319,user,0.4902773776843288,263.0089737227815,Benign
P005351,tcp,IoT,On,APAC,1,1,1303.3583595472714,5851.318015881044,109.35222966912471,7,SYN,53,0,-68.47354345263572,user,0.34735175487372644,276.4651229434269,Benign
P005352,tcp,Workstation,Off,ME,1,0,5347.702753120652,6340.472027997725,165.69461144954022,4,SYN,143,4,-68.95053545407508,user,0.28110972453547123,301.604978650385,BruteForce
P005353,,Server,Off,US,3,1,5489.740960099545,6582.940298310898,85.15376189472872,3,SYN,22,3,-34.48518944370974,user,0.2522070466296532,279.82790080388196,BruteForce
P005354,TCP,IoT,Off,APAC,2,1,5725.682033465074,,130.35212644965333,2,FIN,21,0,-61.18244107979991,user,0.580453336404038,277.9803266522637,Benign
P005355,TCP,Mobile,Off,APAC,1,1,6372.068063150216,7797.391429987213,109.94389713264478,5,SYN-ACK,22,2,-52.84568255708261,user,0.6619093085233688,283.5587743019708,BruteForce
P005356,TCP,Server,On,EU,3,2,6929.195277532627,4859.664261934617,107.19372360216336,3,FIN,110,0,-61.30070044744083,user,0.41173432869684395,310.1731513634347,BruteForce
P005357,TCP,Mobile,On,US,0,0,6056.042958387981,7582.2786232570825,103.84613682495853,3,ACK,25,0,,user,0.08839563932351935,301.04047878289964,BruteForce
P005358,TCP,IoT,On,US,2,1,5711.7720410515385,7590.846965567899,89.30910050817174,8,SYN-ACK,110,1,-60.1274505365849,guest,0.2773610881697395,271.76447887013205,BruteForce
P005359,ICMP,Server,Off,ME,1,2,3906.2651268453656,5645.762419898376,118.8396180019832,3,FIN,21,4,-68.62056491198875,user,0.5599281952306343,275.4209085698885,Benign
P005360,ICMP,IoT,On,ME,2,1,4548.695982077349,8002.951411590714,68.86521391612814,6,SYN-ACK,22,0,-59.77098827246318,user,0.29398719611000984,262.8855644974707,Benign
P005361,UDP,Mobile,On,APAC,3,1,5159.514320995835,4532.968391122678,87.79713726159,8,SYN-ACK,25,0,-57.82070865737509,user,0.04001623953438297,275.6631593170623,Benign
P005362,TCP,Workstation,On,US,0,1,3425.771049121713,6777.333801441266,148.8644772014014,1,ACK,443,1,-50.00176999451972,user,0.3384469612373611,280.24970798898846,Benign
P005363,udp,IoT,On,US,2,1,4238.066461463399,6779.166375062904,126.41811483197952,5,ACK,143,2,-40.274637997361054,user,0.18264467729643716,308.28988718396386,Benign
P005364,UDP,IoT,Off,US,4,0,7003.559353782823,6289.198826843665,136.7548094441365,6,FIN,110,2,,admin,0.16594339003070935,314.02020841695304,Benign
P005365,UDP,Mobile,Off,APAC,2,1,4928.263018177363,5809.918609547255,136.1648749014322,3,SYN-ACK,25,2,-53.121462012837085,admin,0.03220654466519245,297.9685839885817,Benign
P005366,UDP,Server,Off,ME,0,0,4492.367837159312,5807.261193785688,108.22536119749148,3,SYN,22,1,-62.99522376471374,user,0.39962816297914444,271.66228791873516,BruteForce
P005367,TCP,IoT,On,EU,2,1,2769.7457604381734,5289.668444054467,77.76839710732199,7,SYN-ACK,80,2,-79.35591904439049,user,0.38434810812345527,242.9760153791911,BruteForce
P005368,TCP,Workstation,Off,APAC,0,2,4553.509868889643,5480.947959006331,116.27178749686746,2,FIN,21,1,-53.27644618363932,user,0.35999500706451304,260.47271404929637,Benign
P005369,udp,Server,Off,EU,2,1,8801.53024487557,,151.8654989357617,8,FIN,53,1,-61.067897912766455,user,0.07014847204628911,331.7501079783619,Benign
P005370,UDP,IoT,Off,APAC,1,0,6160.84981459168,3247.750248598595,105.09571919833711,6,SYN,53,2,,admin,0.17426530596068435,293.13811567865855,Benign
P005371,TCP,Server,Off,US,0,1,6319.19655326433,5334.189440473763,151.940618731527,6,SYN-ACK,443,1,,user,0.35060049573960705,334.0757496370594,BruteForce
P005372,TCP,IoT,Off,US,2,0,5045.809073144477,6944.436278809787,144.27894277191263,3,ACK,110,4,-49.596890759368634,user,0.4824477658844669,311.1663885840818,Benign
P005373,tcp,Mobile,Off,ME,1,0,2748.9600489736763,5347.741742528986,110.36901751176075,4,FIN,21,1,-46.265946176857156,user,0.24452241087428703,298.8576928642174,Benign
P005374,TCP,Mobile,On,US,1,0,6303.409093557126,4593.4236004172935,109.96216162113188,2,SYN,22,0,-70.65391536049478,user,0.44281996418740494,297.5858157465581,Benign
P005375,TCP,Workstation,On,EU,3,0,4585.535672556745,6884.191437782215,73.53763649083497,6,SYN-ACK,21,2,-73.6544507984822,user,0.5117322807668648,254.42002474854053,BruteForce
P005376,UDP,Server,Off,US,1,1,5869.517867552802,1133.2310471671453,150.51605249453453,4,SYN-ACK,25,1,-71.00520451487182,user,0.2961329482188022,301.19536068902096,BruteForce
P005377,UDP,Workstation,Off,EU,2,2,4456.597548410704,3154.2095933451164,97.28846021791304,5,ACK,80,3,-68.24291573856652,user,0.20703516445997316,291.4026206423329,Benign
P005378,,Mobile,On,US,4,0,6130.604032008389,5751.5503636591975,138.1439688063207,6,FIN,21,0,-70.40105063509357,user,0.08276063922324815,296.5792349794176,Benign
P005379,tcp,IoT,Off,US,2,3,3536.8447349856488,7217.726663900627,128.4331889735354,4,FIN,25,3,-73.76346177518349,user,0.5086880405827197,263.8569168606625,Benign
P005380,ICMP,Mobile,Off,APAC,2,1,4921.718658719621,6590.890049597226,124.68111179918783,4,SYN-ACK,3389,4,-66.74068646345395,user,0.523916679911535,268.28601762621355,Benign
P005381,TCP,Mobile,Off,ME,0,0,7726.682332571844,3247.889301054207,149.2191012050495,7,ACK,143,2,-63.60914944430396,user,0.4655172516421608,328.1249599487505,Benign
P005382,TCP,Workstation,Off,US,2,2,4048.58204338389,5364.240176433885,132.26559309373172,6,ACK,143,1,-63.83051221880598,user,0.6046804117020295,302.3493329564976,Benign
P005383,ICMP,Server,On,ME,0,1,5661.05615631596,7523.988503727175,142.69971722197553,3,FIN,25,1,-82.2874635252785,user,0.14125267194338234,290.4451347386933,Benign
P005384,UDP,IoT,On,US,1,1,3236.4137889078133,6209.950357297737,196.4364410387629,1,ACK,143,1,-46.2245251048818,guest,0.16168371947732044,323.9591507277417,Benign
P005385,TCP,Mobile,On,ME,2,0,3273.159061879782,8099.327291111636,57.19579340330569,6,FIN,22,0,-73.47168836999663,user,0.13163460914593816,249.4347777952933,Benign
P005386,udp,IoT,Off,APAC,2,0,5600.155328600719,5818.623157137287,56.43684507779271,5,SYN,3389,1,-52.12957949420875,user,0.3888700966759132,269.643523499474,Benign
P005387,ICMP,Server,On,EU,1,1,4854.158195610183,8985.277714701122,153.22327577489904,4,SYN-ACK,80,1,-65.61562065657525,user,0.1667893080037339,308.58867780344144,BruteForce
P005388,TCP,IoT,On,ME,0,0,5457.131139737485,4956.437985806607,103.35834917228615,10,SYN,25,0,-58.08342733216495,user,0.35901806599607844,286.7415792385149,Benign
P005389,TCP,Workstation,Off,US,3,2,2241.2502101112177,5108.591818140635,101.9941712916887,6,SYN-ACK,443,0,-60.13041456402088,admin,0.3937677539396948,252.58989935462267,BruteForce
P005390,UDP,IoT,On,US,1,0,5137.278346366735,5073.243549254143,97.13342274726189,2,FIN,25,0,,user,0.2685386616031367,265.14984660391207,Benign
P005391,TCP,Mobile,Off,EU,3,3,8175.522384757972,5385.034649853339,118.93871852847633,4,SYN,22,0,-64.09206685971412,user,0.48735627752039595,292.646790467683,Benign
P005392,TCP,Server,Off,EU,0,2,2817.352704721923,9342.392455823043,91.23137657002066,3,SYN,53,0,-50.688509228472704,user,0.21800965795393365,251.29096351102854,Benign
P005393,UDP,Workstation,Off,ME,3,2,5692.512003351109,6439.71808303349,137.7732116284598,4,SYN-ACK,143,0,-74.17351647978111,user,0.10291896549777389,292.05013770053984,Benign
P005394,TCP,Mobile,Off,EU,2,1,6677.250934203787,1907.2149866916097,105.07463246359072,2,FIN,25,2,-66.08417608716931,user,0.34679222402497795,297.90863064525047,BruteForce
P005395,TCP,Workstation,Off,APAC,3,1,23078.7524131222,4589.485516288703,107.7991888949085,6,FIN,143,3,-62.791812416223586,user,0.18333168595608101,311.5614409657305,Benign
P005396,UDP,Server,Off,ME,4,1,5685.118154501633,5773.831893736962,156.96277175755597,6,SYN,110,0,-75.5745277801355,guest,0.31229154980704915,350.06173625700126,Benign
P005397,UDP,IoT,Off,ME,4,1,5568.399426595401,3729.908524685165,134.07330151531863,3,SYN,143,1,-67.88179160308718,user,0.34647690538695586,291.19136770925775,BruteForce
P005398,TCP,IoT,Off,US,2,0,4848.571356075402,6086.075356502959,414.37012886397844,4,ACK,25,1,-59.839499947623004,admin,0.19418436056000238,255.71909863253535,BruteForce
P005399,ICMP,Mobile,On,US,6,1,5074.6823859901,7386.348219411026,115.0016477101447,5,SYN-ACK,53,2,-58.83056004703632,admin,0.15498744758986044,290.5956799492434,Benign
P005400,TCP,Server,On,US,2,1,6602.544223631257,8346.011309722564,156.23446374826776,9,ACK,443,2,-46.63413004048845,user,0.4483133608843648,301.5122511000491,Benign
P005401,,Server,On,APAC,1,4,5143.697019447638,,195.66790828299787,4,FIN,21,1,-72.06542262930218,admin,0.09018355720676934,332.67331349970107,BruteForce
P005402,tcp,Workstation,On,APAC,0,0,6360.059159857514,8046.497145821435,124.61562374642034,7,SYN-ACK,53,0,-65.30387526600765,user,0.15764834680546505,306.4184435510352,Benign
P005403,TCP,Server,Off,US,4,3,4936.807944454179,9449.828197686782,65.86738659598942,3,SYN-ACK,25,1,-69.18261396399643,user,0.20235391979376297,227.43617852199012,Benign
P005404,TCP,IoT,Off,US,3,1,3524.12484664805,3896.6652324822503,135.75279095003688,6,FIN,22,2,-51.39982898452614,user,0.18086982586931644,289.0120823339947,Benign
P005405,TCP,IoT,Off,US,2,2,6198.131135223344,7500.433774365317,130.24411328256855,4,SYN-ACK,22,1,-62.01871052020975,user,0.4162094879469226,348.16967536785955,BruteForce
P005406,TCP,Server,On,US,1,0,4444.420677557395,6512.812706245497,137.35474994362443,4,SYN,53,0,-57.12981316694204,user,0.09599125525214201,278.91685291196086,Benign
P005407,udp,Server,Off,APAC,1,2,4199.136493340828,5186.1173854495555,114.88979942365104,7,FIN,21,1,-53.488837498014114,user,0.6470339954134071,313.0646359058051,BruteForce
P005408,TCP,Server,Off,APAC,2,3,1557.0845632460182,6413.422411300928,181.86292683342583,4,ACK,80,1,-57.94814372100465,user,0.4109232683371234,330.27618616650716,BruteForce
P005409,UDP,IoT,Off,APAC,2,1,2529.2641596697467,8857.16609679891,83.684288791225,8,FIN,143,2,-67.10351929451134,user,0.062235712234391255,266.99506925756833,BruteForce
P005410,UDP,IoT,Off,EU,3,1,3574.9569786393586,8347.708483990193,173.64016245769434,5,ACK,22,2,-46.71533528921876,user,0.011738452349528911,318.7418877860197,BruteForce
P005411,tcp,Mobile,Off,APAC,1,0,5676.9687503803325,4745.3960855048645,206.09377221773232,4,SYN-ACK,110,0,-68.35416906814923,admin,0.6313043900455751,371.16598365981383,Benign
P005412,TCP,Workstation,Off,ME,1,0,5910.334988395263,2455.980121159447,132.03271896020237,3,SYN-ACK,25,2,-46.90519091822138,user,0.21360385698736048,319.87830949735974,Benign
P005413,tcp,IoT,On,US,4,3,4021.516368462734,1638.7919200165607,147.0530297690521,5,FIN,25,2,-63.99619170224962,user,0.09669486696716431,290.01800175606314,BruteForce
P005414,TCP,IoT,Off,APAC,4,0,2138.6624340800054,6151.763966699666,144.6495647711277,4,SYN-ACK,25,0,-49.21986302865742,user,0.3238014966054109,286.1576571152554,Benign
P005415,,Workstation,Off,US,1,1,4030.909643987372,4608.286412755353,106.85024422528657,4,SYN,110,2,-73.21682614257875,user,0.24358732825516152,274.8383475530543,Benign
P005416,UDP,Workstation,Off,EU,1,3,38957.18884776672,6910.740826058418,176.30314606750915,7,ACK,80,0,-48.37637062528192,user,0.5019259299647635,324.5529769956277,Benign
P005417,TCP,IoT,Off,ME,1,0,5155.296871645004,5891.02158959518,82.38700496373623,2,SYN,110,1,-75.68764521139605,user,0.18355486351930028,280.7733656556327,Benign
P005418,tcp,IoT,On,EU,1,2,3739.114178650529,8980.957996148869,112.3447393275253,5,ACK,53,0,-52.48512622641813,user,0.3449550598330989,284.7440575668711,BruteForce
P005419,TCP,Mobile,Off,APAC,1,5,2182.4481087517765,6518.931584396169,73.16191960620708,4,ACK,443,1,-62.54749655250358,user,0.2670596486514053,272.269983550213,Benign
P005420,ICMP,Workstation,Off,US,3,1,2332.9591439969845,8616.135328417113,98.05544976073922,2,FIN,443,0,-52.291657837368746,user,0.413306788795629,261.7685521198141,BruteForce
P005421,TCP,Mobile,Off,US,2,1,4701.590702381034,4915.4088997760155,98.85812402405843,1,SYN-ACK,80,3,-70.68564130842212,user,0.25679386545440785,255.4052554910901,Benign
P005422,tcp,Mobile,Off,EU,2,0,4263.411010923909,6018.5658787123675,146.95524146252612,3,ACK,25,0,-43.97474089484868,user,0.4173710042346208,332.7581666036167,Benign
P005423,TCP,Mobile,On,EU,2,1,7609.118557036054,7228.540627556882,153.58479211006434,6,SYN,3389,1,-54.96214899650751,user,0.11200084823664717,303.7992170498571,Benign
P005424,TCP,Server,On,EU,3,0,4089.875691489904,5521.509093651182,127.59410456470277,3,FIN,443,1,,user,0.17073119530135428,317.043937558913,Benign
P005425,,Workstation,Off,US,3,0,7952.411696420947,5164.91274722117,96.47898751112989,5,SYN,53,2,-57.46016846345376,user,0.45136896225483986,294.1063205658239,Benign
P005426,UDP,Mobile,Off,APAC,4,0,4905.344663614236,5088.310571994961,130.37691510384212,5,SYN,53,2,-65.81446284938204,user,0.22631908046584523,289.71517104229906,Benign
P005427,UDP,Server,On,ME,3,1,4501.234608551832,3224.3804687817606,147.72169107395814,4,SYN,110,1,,admin,0.6448598865129295,283.83339186524086,BruteForce
P005428,TCP,Server,Off,APAC,2,0,4556.826808495165,7729.746641291676,89.35545872679012,4,SYN-ACK,22,0,-55.431317128097476,user,0.38164395871737966,293.20563168878584,Benign
P005429,udp,IoT,On,APAC,1,1,3373.124476052414,6823.042187973082,102.55414114914134,7,SYN-ACK,25,0,-58.39452937556035,user,0.0855429288025153,253.37192404063228,Benign
P005430,TCP,IoT,Off,ME,1,3,5191.370085681927,5649.914351330093,111.0652910329722,3,SYN,25,0,,user,0.17902855356971353,300.17374037456756,BruteForce
P005431,UDP,Mobile,Off,APAC,1,0,3194.856645744244,3867.515460727556,134.47960331194446,6,SYN,80,2,,user,0.15857349657333356,294.3857069705401,BruteForce
P005432,ICMP,IoT,On,US,3,1,4662.014422339367,7589.675022572849,131.58027853265563,3,FIN,21,2,-83.35551918597746,user,0.21333316560116172,299.87831092513096,BruteForce
P005433,UDP,Server,Off,APAC,1,1,4955.672618241761,6176.564220788704,131.00216074071002,5,SYN,443,0,-66.96912893036667,user,0.2864850885097071,314.72453566937423,Benign
P005434,udp,Server,Off,APAC,3,3,7528.88471342953,,162.30963184162124,9,FIN,443,1,-54.35497157433157,user,0.195391363612864,355.9986354663111,Benign
P005435,ICMP,Server,Off,APAC,2,2,2734.1852406452376,5039.420824674986,97.21332404463377,3,SYN-ACK,22,1,-46.65953365243291,user,0.41865176953899064,274.90508868621095,BruteForce
P005436,udp,Mobile,Off,APAC,1,0,5698.931239750336,9171.677250939978,121.57008924238588,12,SYN-ACK,80,0,-55.7765946151606,user,0.40666397579880903,300.38912288808683,BruteForce
P005437,UDP,Workstation,On,US,2,1,6243.301646585936,4681.734379131985,150.10916630567976,3,ACK,25,1,-74.67783600935593,admin,0.2812735843801306,321.07210055666593,BruteForce
P005438,TCP,Mobile,Off,EU,2,0,6329.444402698802,1957.8180932016521,72.56350431525381,6,SYN,22,3,-40.240332277881734,user,0.08457826627925134,291.37133730886194,Benign
P005439,UDP,Mobile,Off,ME,2,2,2869.7287094381077,7197.765530910982,126.7163292174303,5,SYN,143,0,-76.39963750460186,user,0.48257402167133334,298.29875122988074,Benign
P005440,TCP,Workstation,Off,EU,8,1,3961.83791129113,4971.70085312137,99.58877923759984,3,SYN,21,0,-57.032117710668196,admin,0.44420449704103065,272.9270344117046,Benign
P005441,TCP,IoT,Off,US,2,2,6537.143288614621,6546.337381450816,101.86129474300624,6,ACK,443,0,-71.54331340369737,user,0.5693884392303671,280.747487097316,Benign
P005442,ICMP,Server,Off,US,3,0,6103.507871883801,6465.696105221834,165.2076817748664,6,FIN,443,2,-57.62578186589658,admin,0.2698066923936915,331.8866824790948,BruteForce
P005443,TCP,Mobile,Off,US,0,1,4968.3030001304505,4878.685879657107,152.15337621984355,5,SYN-ACK,143,0,-56.64301265847771,guest,0.445452207424451,287.8496535971023,Benign
P005444,TCP,Mobile,On,US,1,2,4121.792844947671,7182.631464358128,171.5561438257044,3,SYN-ACK,110,2,-73.3957650334556,user,0.15742155963397317,294.8771660647714,Benign
P005445,UDP,Server,Off,APAC,2,1,2511.8478204994167,,137.64886384026508,4,FIN,22,0,-41.88538281372209,user,0.15534025309920516,276.62729366942165,Benign
P005446,tcp,Workstation,Off,EU,2,1,3089.769939350604,4167.372740035164,107.7270435943885,5,SYN-ACK,443,0,-55.15967188212292,user,0.2542005120203722,301.70194927946227,BruteForce
P005447,TCP,Workstation,Off,EU,1,1,6960.980209588901,9619.830457543818,137.8050917465918,3,SYN-ACK,110,1,,user,0.256654628512674,289.5636484241027,Benign
P005448,UDP,IoT,Off,ME,5,1,25533.75018339031,4588.781268780254,122.33987406337039,2,SYN,443,1,-55.63288622508137,user,0.23738648146476204,285.2556556622145,Benign
P005449,TCP,IoT,Off,APAC,1,0,5929.553339621149,6241.929265765466,138.7079029209599,5,SYN,25,2,-75.47834344313713,user,0.37664724845035247,301.7197107842152,Benign
P005450,tcp,Server,Off,APAC,1,0,1932.0211559197369,,84.32388592645282,5,ACK,25,1,-62.06196080210318,user,0.15408932402106618,303.3618789021422,BruteForce
P005451,tcp,Server,On,ME,0,2,2026.5777269402024,6346.965012803598,160.3610635988134,4,SYN-ACK,80,2,-52.12537361418249,user,0.2844918608223025,294.59035334092704,Benign
P005452,UDP,IoT,On,APAC,2,1,1446.1590051019975,5839.128798707037,118.529659817907,4,SYN,143,1,-89.37050172509367,user,0.11973969020789872,258.53161039160545,Benign
P005453,TCP,Server,On,US,1,3,6531.763113979274,5377.285048784719,120.26194253240259,9,FIN,443,1,-58.19454105023702,admin,0.2161222313429771,303.5227257123258,Benign
P005454,tcp,Workstation,Off,APAC,1,3,6831.800387156611,3569.6938862937423,85.42866460223863,4,SYN,53,1,-61.88991963180782,user,0.05194026335777283,281.1390724304708,Benign
P005455,TCP,Server,Off,APAC,2,0,6495.077056387713,,97.4674650055279,1,FIN,22,0,-55.67238648518792,user,0.17351655133366453,245.3656420103493,Benign
P005456,TCP,Server,Off,APAC,1,2,6273.488495716553,6728.048077731156,156.03977272671094,7,ACK,443,2,-76.87532965772449,user,0.11252634722112227,333.99833908209376,Benign
P005457,tcp,Workstation,Off,APAC,2,4,2794.282048058007,3891.3321253256204,156.0662559009577,5,SYN-ACK,443,1,-42.92160883771406,admin,0.593580102389774,280.68047848131124,Benign
P005458,tcp,Mobile,Off,APAC,1,0,4042.787269446898,6194.925402834935,169.9446535490809,8,ACK,53,2,-60.503164293448606,guest,0.06825803149222803,332.14918447847896,Benign
P005459,TCP,Mobile,On,ME,1,0,3763.4253094726505,4877.342303012931,108.59045384432287,7,SYN,3389,1,-75.4123994396723,admin,0.09617505488971355,303.0574647668599,Benign
P005460,TCP,IoT,Off,ME,1,1,3159.61533381711,7368.157377323514,128.35432900913375,2,SYN,21,1,-54.98312887699022,user,0.0458759588567965,251.23915411975005,BruteForce
P005461,tcp,IoT,On,EU,2,2,7514.710970661857,,122.40285223572396,5,SYN,3389,1,-63.49461434437635,user,0.3992115761505532,323.301007307933,BruteForce
P005462,udp,Workstation,On,US,0,1,8365.583557179103,7959.436502187886,120.42586822183412,3,SYN-ACK,80,0,-64.23510799547995,admin,0.5867126071134376,281.3089347020263,Benign
P005463,TCP,IoT,Off,US,1,1,8385.221377389833,5241.942657704225,158.25136974467136,4,SYN-ACK,21,0,-67.65656304493713,user,0.6152236110066215,317.32408947388353,Benign
P005464,UDP,Workstation,Off,US,3,0,8838.029347291096,2929.7490395886357,98.78515701888634,6,FIN,443,2,-52.830428994453094,user,0.31457081564843725,311.1910865183511,Benign
P005465,TCP,Workstation,Off,ME,3,1,5930.2893551956495,8670.334968985648,71.34987126462072,5,FIN,25,3,-44.029507385243264,admin,0.08838538370279393,263.636737025011,BruteForce
P005466,UDP,Server,Off,US,2,1,5165.148702311397,5514.402513709025,107.69395345333214,4,ACK,110,0,-69.36657901658657,user,0.45255314137071256,266.86506498061954,Benign
P005467,UDP,Workstation,Off,EU,3,1,6691.216067169948,,150.29369713712705,6,FIN,443,0,-77.5060341191664,user,0.30256079117628126,327.34036107519165,Benign
P005468,UDP,IoT,Off,APAC,1,2,3293.473729551763,6307.180771811154,127.08359937045876,0,SYN-ACK,3389,1,-64.5681934445731,user,0.11962319525674565,269.01912641380227,BruteForce
P005469,udp,IoT,Off,US,2,4,4666.90585417699,5406.04912886401,118.99122598550873,2,SYN-ACK,3389,2,-66.6520686839249,user,0.3541506716820263,257.30950590068556,Benign
P005470,TCP,IoT,On,ME,3,0,5592.219343206901,5317.624263950469,140.01814001810968,5,FIN,80,0,-39.86613042536473,admin,0.19630423290820165,306.9102941021234,BruteForce
P005471,TCP,Workstation,Off,EU,3,0,1569.4942007684663,4701.91738108975,160.26202885517526,3,ACK,3389,0,-54.61802169235538,user,0.42489094701127883,283.73871431294225,BruteForce
P005472,ICMP,IoT,On,ME,1,2,3454.029150551567,5994.20756417597,102.43014729537826,7,SYN,110,0,-48.42176317530439,user,0.26674817141304474,246.11233884159594,Benign
P005473,udp,Server,Off,EU,2,2,3344.855571801908,5917.382169558092,103.94036424049256,2,FIN,443,1,-64.75714331450986,admin,0.24209855935052782,252.39361519316142,Benign
P005474,ICMP,IoT,On,EU,1,0,3775.7182201191586,8706.982518995443,115.16407125725434,4,FIN,80,1,-53.7365817316474,user,0.4044589992175815,292.54554035095947,Benign
P005475,TCP,Mobile,Off,APAC,3,0,8245.43953729547,5431.380538673843,118.93562492713224,4,FIN,22,1,-76.08437099413932,admin,0.6243693286690721,295.0435194450431,Benign
P005476,udp,Mobile,On,ME,6,3,3981.069711647717,4701.841907355017,124.05329033073247,5,SYN-ACK,53,1,,user,0.5144077880073636,269.886284329717,BruteForce
P005477,UDP,IoT,On,ME,2,2,4801.153462616242,5205.195183331339,127.49529171956195,8,SYN,3389,3,-48.062435982658144,user,0.122990456745729,289.87268567451787,Benign
P005478,TCP,Mobile,Off,ME,2,0,5807.3514851368445,6867.556208234919,82.07979124894106,6,FIN,143,1,-71.18532840551707,user,0.589127385708707,277.3196793248513,Benign
P005479,UDP,Workstation,Off,APAC,1,0,3722.4708118034578,8978.283075750487,127.96673906931954,5,SYN-ACK,25,0,,user,0.40184035865766515,310.27678174049197,Benign
P005480,ICMP,Server,On,EU,2,0,1598.053778132044,,102.1681745947878,6,FIN,143,2,-55.048657122601114,user,0.11443149002204747,285.34201810148323,Benign
P005481,UDP,Server,Off,EU,1,3,4167.2136537033575,7109.700154270577,58.63438288570138,4,FIN,53,0,-55.96337947554468,user,0.49424191907109744,247.43181707581326,Benign
P005482,udp,Workstation,Off,US,1,0,4922.683231902784,6653.037554282168,97.27592061029733,4,SYN-ACK,22,0,-56.54400125420355,user,0.26680823719884067,277.9118067710051,Benign
P005483,TCP,Mobile,Off,APAC,1,2,2499.0476441868586,8312.924617621058,73.80094886687789,4,ACK,3389,1,-52.1862078245565,user,0.7707401183194938,254.48081980810434,Benign
P005484,udp,Mobile,Off,EU,1,3,4402.595271237751,7777.123734101446,76.03443612062503,1,SYN,22,5,-56.93039523591155,user,0.10778734800727102,227.17677792442686,Benign
P005485,udp,Mobile,Off,US,2,2,4818.977165821673,4942.767624894883,147.22954228346003,6,FIN,110,0,-55.64545498780717,user,0.47376850826286926,314.60219320402973,BruteForce
P005486,,Mobile,Off,EU,1,2,2805.62856085617,7356.428413550392,113.1913762503844,8,FIN,110,2,-76.35693075244613,admin,0.22712432826533852,277.06676533612494,Benign
P005487,UDP,Mobile,On,EU,4,3,3419.9688774842516,1783.4244250057618,125.25739963829986,7,SYN-ACK,22,3,-69.17472494697192,admin,0.287764758037265,316.2494254055065,Benign
P005488,TCP,Server,On,ME,1,2,8133.499649037842,4096.673190517646,96.45676538087656,4,ACK,80,0,-51.849361039244926,user,0.14676243211651469,288.456270857869,Benign
P005489,UDP,Mobile,Off,ME,2,0,2288.0437156568896,9170.581409421498,84.08368484408305,4,SYN-ACK,3389,0,-80.1204368166731,user,0.4522825037815667,271.4172081358817,BruteForce
P005490,UDP,Mobile,On,US,6,1,7435.281126256017,4024.3554406152844,142.0574945881867,5,SYN-ACK,22,1,-65.75499176270048,user,0.11939665620812458,342.91027397651084,Benign
P005491,ICMP,Server,Off,APAC,1,1,4609.763370011323,,118.88759874440507,3,ACK,22,1,-65.7585071730381,admin,0.7187650334488903,272.2446108384954,Benign
P005492,ICMP,Workstation,Off,ME,1,0,6765.205619408187,1647.836442662092,124.32313289992359,8,FIN,110,1,-37.254229407962335,user,0.15879257940614291,289.0492676427482,Benign
P005493,udp,Mobile,Off,EU,1,2,6090.732781501907,5142.94965609695,92.68101486135612,10,FIN,110,1,-57.80138970202938,user,0.18999527613151845,301.85103501204895,BruteForce
P005494,,Mobile,On,ME,0,1,5125.8543158248485,5280.342348258326,89.42564970019495,5,ACK,110,0,-69.60887551339374,user,0.28215756679288767,286.529715434791,Benign
P005495,TCP,Mobile,Off,ME,1,0,6301.011745410817,12222.706695199271,116.78779797390642,7,FIN,80,1,-53.707773543232435,user,0.3773595435339256,324.0631381758379,Benign
P005496,UDP,Server,On,APAC,4,1,3366.2245479776366,10138.793765422046,89.20984975684786,6,SYN-ACK,143,1,-54.58122293168379,admin,0.032879827500058564,302.0340960786227,Benign
P005497,TCP,Mobile,On,US,4,0,5617.79849327765,,137.99353475130962,8,SYN-ACK,143,2,-58.55931244196768,guest,0.2831352194115079,302.10234411340076,Benign
P005498,UDP,Server,Off,APAC,1,0,9153.165776409725,9086.97585473111,109.75515103187226,7,ACK,143,0,-54.6363022909549,user,0.22977224726581968,303.0741669318845,BruteForce
P005499,,Workstation,Off,APAC,2,0,4205.299951809474,6146.967822704492,138.23948213785326,9,SYN,21,2,-61.10885320883653,user,0.4778733196302119,328.55257218358884,Benign
P005500,TCP,IoT,On,US,3,2,2373.5281310924593,7055.554925251146,138.19256703481437,6,SYN-ACK,443,0,-53.86621606089899,user,0.3433765721191514,268.65907738090914,Benign
P005501,UDP,Mobile,Off,ME,1,3,5041.850432119947,10063.91914643147,77.09841823663146,6,FIN,22,1,-56.78796955513639,user,0.4300777245570748,271.9266177989449,Benign
P005502,TCP,IoT,On,ME,3,2,7864.696407628577,2089.736107943166,134.73791983822048,6,SYN-ACK,3389,3,-63.23515640051976,admin,0.16859298022891303,296.0185159433224,Benign
P005503,TCP,Server,Off,ME,5,0,5699.6009630998815,4298.209417674466,162.83989016232087,7,ACK,25,0,-62.98743607837814,user,0.3444545221311882,335.84170786398494,Benign
P005504,TCP,Server,Off,EU,3,0,5997.268947575429,9603.156728056083,84.96656148557909,6,FIN,110,0,-54.993828240402,user,0.2045143637840991,307.8292848908353,Benign
P005505,TCP,Mobile,Off,APAC,1,1,2683.0346555945152,6265.080926962378,180.57499768809112,5,FIN,25,0,-62.189766289009945,guest,0.5466881331965774,310.7828849609991,Benign
P005506,ICMP,Workstation,Off,EU,2,1,2483.0872738206945,8247.63556389257,131.82015503225634,7,ACK,143,1,-70.61193827376434,admin,0.13456311656436803,309.20635428909736,BruteForce
P005507,TCP,Server,Off,APAC,2,1,4364.541139291078,10076.281291304487,128.05973666721619,6,SYN,25,2,,user,0.2632602125604266,301.5786835766863,Benign
P005508,TCP,IoT,On,US,0,0,5695.910361029659,6492.141616085879,107.57230047860321,3,FIN,443,0,-50.28868553821017,user,0.35873532508314815,248.35788048864944,BruteForce
P005509,UDP,IoT,Off,EU,0,1,3003.322902114406,5865.669290177082,72.47610721600556,6,SYN-ACK,143,3,-64.58319987570702,user,0.21412816443184093,289.636397460299,Benign
P005510,ICMP,Workstation,Off,US,1,0,4705.972041435243,4387.461830397634,105.23846337977898,3,FIN,110,0,,user,0.4128390800629876,293.5420550926988,Benign
P005511,UDP,Mobile,Off,ME,3,2,3334.4649114940125,,111.87950782688745,8,FIN,53,0,-70.93804681265297,admin,0.28523206789517813,324.5945954605466,Benign
P005512,ICMP,Server,Off,EU,2,0,28155.257004797633,6909.055843154929,71.5466851863923,4,FIN,443,0,-71.63832484449001,user,0.15368026396878615,245.01269540367687,Benign
P005513,TCP,Server,Off,APAC,2,0,4969.511612353393,2586.316135434314,100.3991788152685,4,SYN,53,0,-61.12078999545824,user,0.05562400892835607,279.8404388869203,Benign
P005514,UDP,Workstation,Off,APAC,6,2,3373.976629612692,5489.189008179634,144.3780739274704,4,ACK,25,2,-62.00702868334461,user,0.25468939480694824,297.52873371491404,Benign
P005515,TCP,Mobile,Off,APAC,0,1,6086.698038682205,6673.975511729556,110.53897264698324,3,SYN,443,1,-68.33044172285463,user,0.43074405207720823,311.62820898845115,BruteForce
P005516,UDP,Workstation,On,US,0,1,954.5460630847697,5127.73633136467,146.71727537724388,3,ACK,21,1,-52.460410509166955,user,0.6266158830818129,292.03564641650917,Benign
P005517,tcp,IoT,Off,ME,3,0,5113.437117041202,5787.118594257911,95.28227541184516,2,ACK,25,0,-53.32637511842799,user,0.3125363774560784,265.6138977778681,BruteForce
P005518,TCP,Server,Off,ME,1,0,9379.709227212852,,147.297442135055,4,SYN,143,1,-59.27649338056147,user,0.14233820586282425,332.28464465637177,BruteForce
P005519,UDP,Mobile,Off,EU,2,0,4651.843553421133,4523.743993136871,97.11113130841395,6,ACK,110,1,-56.36957852824624,user,0.3630166354676901,283.3939885395393,Benign
P005520,UDP,Mobile,Off,ME,1,2,5534.436355703137,6345.471165138397,117.8241880527342,8,SYN-ACK,25,0,-57.14428095822231,user,0.2343012175239456,286.2793782881533,BruteForce
P005521,,Workstation,On,US,0,2,6335.55291532322,6411.841792452187,73.07438022039078,6,SYN-ACK,53,1,,user,0.3582839816037196,274.83450443485873,Benign
P005522,,Mobile,Off,EU,0,2,5179.744216523204,5318.4452308116015,177.69632397455993,3,SYN,3389,0,-80.3295403297779,user,0.21179785349927668,318.1487157231362,Benign
P005523,TCP,IoT,Off,EU,6,1,6137.4211510389905,8549.339318075925,120.60943445994366,5,SYN,3389,1,-64.14555756359255,guest,0.10064815274967333,288.5786513380374,Benign
P005524,TCP,IoT,Off,APAC,4,3,3037.1514859132344,5165.810045897675,103.14004920132703,5,ACK,3389,0,-63.97984921193519,user,0.22298697973924408,257.0847205176952,Benign
P005525,TCP,Workstation,Off,US,2,2,5852.250789327253,2173.5846311591295,153.23643724519854,5,FIN,80,3,-74.14312881344961,user,0.5140960627495933,319.5280152528131,Benign
P005526,TCP,Workstation,Off,APAC,2,0,4961.534790287205,6498.896208226815,124.11795919281688,4,SYN-ACK,110,3,-55.309857924300765,user,0.3542394031920828,303.24005345836076,BruteForce
P005527,TCP,Server,Off,EU,1,0,4564.205211055565,6552.553567124843,142.95424068970425,1,SYN,143,0,-85.56950137859135,user,0.2799089944410027,290.4481215081113,BruteForce
P005528,ICMP,Workstation,On,US,2,0,6213.914264240252,5065.529089353523,144.76348245396835,5,SYN-ACK,3389,1,-57.20584927192135,user,0.1838257561610005,291.2924045979956,BruteForce
P005529,TCP,Mobile,On,US,4,0,6610.121009764021,5745.923308351345,165.891840957942,3,SYN-ACK,143,2,-73.40262250716589,guest,0.41302463246279014,322.29495599216153,Benign
P005530,TCP,Mobile,Off,US,1,1,4646.182790731123,5206.936433440747,107.85652297105729,6,ACK,53,0,-44.5878701336363,user,0.654993570173654,261.2810521620079,BruteForce
P005531,UDP,Mobile,Off,US,1,0,6005.644190221442,7205.759072370192,119.4418124185564,7,SYN-ACK,443,0,-61.811455025751044,user,0.1723146522645944,302.7906592949406,Benign
P005532,UDP,Workstation,Off,EU,2,1,2732.3884478212635,7668.8877380381045,173.75199896326427,6,SYN,80,3,-65.87796318196271,user,0.20572986886685204,316.5117616046885,Benign
P005533,TCP,Server,Off,APAC,0,1,3028.152382030661,6987.8610564234405,72.1640299683745,4,FIN,3389,3,-58.858450081694215,user,0.25890938710671096,248.57881935686152,Benign
P005534,UDP,IoT,Off,EU,2,1,5092.520041475453,8215.833674332422,644.6110385652917,7,ACK,110,1,-56.78117779675181,user,0.21517523447765613,280.99095781622856,Benign
P005535,UDP,Mobile,Off,US,1,1,5898.53409687327,3727.450868488746,155.18733129121796,3,ACK,443,1,-58.73278569034786,user,0.31413493929192066,306.09044561538616,Benign
P005536,TCP,Workstation,Off,ME,3,1,5503.073594081225,8579.59496323674,167.98728942409625,6,SYN,110,0,-67.95257723227827,user,0.31024945986716007,310.1286867737917,Benign
P005537,UDP,IoT,On,ME,6,2,5009.634510286266,5236.811596110154,102.66610404735195,2,SYN-ACK,80,0,,user,0.20866913548303345,276.69797109061295,BruteForce
P005538,TCP,IoT,On,EU,1,1,8398.218802843145,6256.408106108568,828.4903012141758,3,FIN,143,4,-40.47599063393811,user,0.1526701075138467,312.30116298485495,Benign
P005539,udp,IoT,Off,US,3,0,6010.317974965739,6701.158861547774,179.05257796775658,3,SYN-ACK,143,2,-42.788087685506625,admin,0.3069785468745532,309.38953502389813,Benign
P005540,TCP,Workstation,Off,ME,1,2,3013.131915872845,9088.406609216363,115.19306811418997,4,ACK,21,1,-55.697025035283374,user,0.056666027076881,290.93950100211066,Benign
P005541,UDP,Mobile,On,EU,4,1,5606.319194165133,9312.145176626344,131.50729106989436,1,ACK,80,0,-68.73339224517757,admin,0.33575500091369953,278.71970151452,Benign
P005542,udp,Mobile,Off,APAC,2,1,4252.345978509126,,153.95807456549113,5,ACK,143,0,,admin,0.23174135086537292,300.57630557226486,BruteForce
P005543,udp,Workstation,Off,EU,0,3,4835.239928591143,6879.223673802324,77.90775068780906,7,SYN-ACK,443,0,-66.84689401047268,user,0.4353439177915725,259.9639273643005,Benign
P005544,,Mobile,Off,APAC,2,0,6064.484005048032,6205.495522452088,130.40036356685476,2,FIN,53,1,-66.95368407938665,admin,0.2542465119825749,313.0985816806078,Benign
P005545,ICMP,Workstation,Off,US,3,1,6075.214084821253,7465.121356213973,111.5483012307981,8,FIN,443,0,-49.25359610375077,user,0.19625433816926605,320.06513055033446,BruteForce
P005546,,IoT,Off,EU,0,0,6466.8095821100715,1833.2217124869503,74.09435936817266,7,ACK,143,1,,user,0.2775072617092557,273.33901050252274,Benign
P005547,UDP,Server,Off,EU,4,0,5628.7899920815835,5100.974056358849,95.8541897612851,8,SYN,110,1,-45.06226063894513,user,0.2306193535264753,295.51175044720935,Benign
P005548,TCP,Mobile,Off,APAC,0,0,3525.3759690670067,5294.3360510793245,140.16312145277126,6,SYN,3389,0,-70.18288514033345,user,0.05702422430864361,305.9682265976705,BruteForce
P005549,UDP,IoT,Off,EU,1,1,4774.931296062004,5573.924695928572,105.77317618648753,2,FIN,80,1,-28.20540858887743,guest,0.29077079222320157,272.5719205919293,BruteForce
P005550,TCP,Mobile,On,APAC,2,1,3384.6467183201466,6561.698044396378,91.63936922168492,6,SYN,25,1,-65.90917239375726,user,0.41894196775306847,263.5481708155485,Benign
P005551,udp,Server,Off,US,0,0,5902.06066661606,,146.6156942593105,9,SYN-ACK,143,0,-63.96138431007715,admin,0.6160901050705561,317.6091112848317,Benign
P005552,UDP,Mobile,Off,US,0,0,7013.9756001841615,11204.993928107551,112.34846786591416,4,SYN-ACK,110,0,-71.52003355542347,admin,0.42355713325118316,310.0086549361258,Benign
P005553,UDP,Workstation,Off,ME,1,1,5546.106984630228,5665.969225155693,70.42618639065108,4,SYN-ACK,3389,2,-61.236981284051964,admin,0.20469498691445936,256.15443493087616,Benign
P005554,TCP,Mobile,Off,ME,3,1,6490.858550817395,6722.83583443383,111.79361241857012,6,SYN,3389,1,-64.29739448533647,user,0.5304840405902868,288.06279797211505,Benign
P005555,TCP,IoT,Off,ME,1,0,3995.5709808447077,5336.051769068838,141.45144996077613,5,ACK,443,4,-48.46288965138511,user,0.06137412455580582,295.1755979743622,Benign
P005556,UDP,IoT,On,EU,4,0,4965.070495844826,4569.270132120519,135.44167938195463,4,SYN-ACK,21,0,-55.74336671671228,admin,0.3562776647554559,307.36216236164336,Benign
P005557,TCP,Workstation,Off,APAC,5,1,3083.0823332664736,5763.869753017566,131.2825000380638,6,SYN-ACK,80,0,-67.45760966435996,admin,0.16360387304541646,291.4464494228311,Benign
P005558,tcp,IoT,Off,ME,3,1,2544.59373998733,7577.401662128451,158.03231020538783,6,SYN,443,1,-48.06817381374271,admin,0.3234568297251983,285.3799968446634,Benign
P005559,tcp,Server,On,APAC,4,2,5086.208399225025,,49.88967013034927,2,FIN,53,2,-68.85444996520705,user,0.09269617439398314,225.4034651301359,BruteForce
P005560,TCP,IoT,Off,ME,2,1,3654.5161627693365,5676.60563246325,119.41427239641673,4,ACK,3389,0,-66.2425747620126,user,0.4513516481652904,303.6541662164126,Benign
P005561,ICMP,Mobile,Off,EU,1,0,3576.9759552699747,5234.137567617591,189.45914237413734,7,SYN-ACK,3389,0,-54.605163859987044,user,0.29669359225935205,346.43466513199985,Benign
P005562,tcp,IoT,Off,US,7,0,3433.79868632858,8063.328297135514,101.10384400241388,5,SYN,53,2,-57.56541373128858,user,0.05394300375614149,277.7251243801184,Benign
P005563,TCP,IoT,Off,EU,2,1,5642.783587949746,5539.837675806833,110.57368032163588,7,SYN,110,2,-45.17067871257605,user,0.1072054057383376,298.55630513730347,Benign
P005564,TCP,Server,Off,ME,2,0,5728.919749244709,1177.129701281603,152.7224724433233,4,SYN,143,1,-47.29619559061172,admin,0.5766770417717767,303.52655745561117,Benign
P005565,TCP,Mobile,On,US,1,1,4063.1464661372297,6082.365148273982,172.43674176068527,6,ACK,22,3,-55.61808533759565,user,0.4468531281849618,307.2361547424629,Benign
P005566,TCP,Mobile,Off,APAC,3,0,8272.138441987574,8270.51344592274,117.27063936203852,5,FIN,110,0,-66.64291383699566,user,0.2106604687254628,292.53514308598614,Benign
P005567,TCP,Server,Off,APAC,2,1,6965.681162676936,,115.51426970731646,5,FIN,22,1,-61.37336519401336,admin,0.18355286998273687,295.9880279052987,BruteForce
P005568,TCP,IoT,Off,ME,1,0,4740.459268946609,7366.389507241438,55.76033368533709,3,ACK,25,0,-67.7413597646592,user,0.2691430961597249,263.7459437640957,Benign
P005569,UDP,Server,On,ME,3,1,5282.871033982539,8509.993812589997,141.56099827826992,5,SYN-ACK,80,1,,user,0.07617419559058136,326.01984888091863,Benign
P005570,TCP,Server,Off,ME,2,3,3252.7439940299846,3135.071125313957,112.92016884769191,7,SYN,80,0,-57.187414508257746,user,0.31551757065508934,295.0028508104197,Benign
P005571,TCP,Workstation,On,ME,2,1,3543.2417069619614,5508.127891441929,115.05073852870095,1,SYN,110,1,-53.11902493458791,user,0.018666205495392753,283.3965608977152,Benign
P005572,UDP,Mobile,Off,ME,5,0,2710.8877930744657,5454.608384378751,100.00879365130808,2,ACK,21,2,-52.31213424546442,user,0.13872675014464925,239.72912608993389,BruteForce
P005573,TCP,Server,Off,ME,2,1,4344.76981772002,8596.088658713079,119.46997935379048,6,SYN-ACK,443,1,-78.48480802175914,user,0.45253615791225543,283.5003559748841,Benign
P005574,TCP,Workstation,Off,US,5,3,7185.048874028333,,135.84725489908342,5,FIN,25,3,-57.94443790942421,user,0.1222678272609705,296.73938322172165,BruteForce
P005575,UDP,Server,Off,US,2,3,6717.814595463284,6256.175186476563,105.34024057818274,5,ACK,22,1,-65.99579701168898,user,0.07712085695222862,295.49642115150715,BruteForce
P005576,UDP,Workstation,On,APAC,3,3,4174.107098306939,7407.060768628751,124.19339403343523,3,ACK,110,1,-66.33288548333525,guest,0.1821034973791891,294.2603633964566,Benign
P005577,ICMP,Server,On,EU,1,1,4243.57663631493,9576.372749548289,107.52703864264289,4,SYN,25,0,,admin,0.38064526816920363,273.1809993574254,Benign
P005578,,Workstation,Off,APAC,1,1,3593.5770508946903,4815.801067436051,101.2043934286823,5,FIN,110,2,-64.98720200812573,admin,0.07770336369307924,263.86671222220315,Benign
P005579,UDP,IoT,On,ME,1,1,4575.694684002947,5908.965816595786,67.77089128897515,6,ACK,25,0,-63.99440249601863,admin,0.35110081465210324,249.35393560193882,Benign
P005580,TCP,Mobile,Off,APAC,5,2,5965.336957221278,7136.444090952522,143.6942014551438,3,SYN,3389,2,-75.9108854244761,user,0.12959341795594373,299.57682406751496,Benign
P005581,TCP,Server,Off,EU,1,0,5793.29302332069,7425.5632628204485,128.28931663417842,7,FIN,53,1,-76.30063524286845,guest,0.13197053468004247,271.30373601484513,Benign
P005582,tcp,Workstation,On,ME,3,0,9686.633927811217,6615.679696245049,134.85082099817004,5,SYN,110,1,-56.42977837867812,guest,0.1306401090583131,293.99156533775044,Benign
P005583,ICMP,Server,On,US,1,1,5675.275927749617,4203.290891011916,111.1387842046163,5,FIN,143,0,-43.58742604653865,user,0.401434403846412,297.8218325491977,BruteForce
P005584,tcp,Mobile,Off,US,3,2,4180.158367091724,7795.091249628411,130.01721380835454,5,SYN,21,3,-59.527533368845,user,0.2238142496570042,290.5367446342082,BruteForce
P005585,UDP,Workstation,On,US,1,0,4583.244329641614,5222.393665181884,109.64646923500561,6,ACK,443,1,-61.92192466953197,admin,0.16135381449689382,294.6693272994861,BruteForce
P005586,tcp,IoT,Off,EU,2,0,3489.0077877842054,7305.9702000148545,136.16522384180158,6,ACK,110,1,-60.26657232613691,user,0.313932624025729,314.37238722644025,Benign
P005587,ICMP,IoT,Off,ME,1,0,6852.8282328305,5619.07682465854,159.1527335217936,6,SYN,21,2,-45.77222108867309,user,0.043837954593171066,331.31732365191624,Benign
P005588,udp,Mobile,Off,ME,5,3,6808.801349665857,4465.31588924088,159.3666536342652,5,ACK,143,1,-64.50537395283838,user,0.1453092822740819,289.73502422909064,Benign
P005589,TCP,Server,Off,ME,5,1,7267.164500320929,6804.832152535144,153.61111891731858,3,FIN,443,2,-66.46554767163406,user,0.21992041372150506,300.1266709562809,Benign
P005590,ICMP,IoT,Off,US,0,1,3868.3779562814116,3391.9673600198466,80.99504348866245,1,SYN,3389,2,-87.85847531935465,admin,0.07021028404583331,238.47632696161895,Benign
P005591,UDP,Mobile,Off,APAC,5,0,6059.0423588529375,6867.541658053026,141.72856113913124,5,ACK,143,0,-60.99375126278831,user,0.19129233602662257,301.52376846669114,Benign
P005592,tcp,Workstation,Off,EU,2,1,9855.821958551713,4939.210848238573,151.34295604911344,3,SYN,110,2,-55.87713851449563,admin,0.1507861923999678,323.04735389760174,BruteForce
P005593,ICMP,Workstation,Off,ME,5,2,4699.993599115475,5292.898676447891,107.23035763606771,3,ACK,110,0,-44.81048414984476,user,0.19732709582456356,261.0273468559988,Benign
P005594,tcp,Server,Off,APAC,1,2,4336.737726331306,6086.049259844745,130.9783488812817,2,SYN-ACK,25,2,-66.72934606820495,guest,0.09701507716858022,261.5174560764182,Benign
P005595,tcp,Workstation,Off,APAC,0,0,5166.881801896616,4325.9287730314545,59.115064324119295,7,SYN-ACK,25,0,-59.60374860468747,admin,0.3487472932104013,261.3891738467851,Benign
P005596,TCP,Server,Off,APAC,1,2,6166.906217754359,8138.48803472559,87.99400211315101,6,ACK,3389,3,-70.8503920970847,user,0.41254219214542615,277.69241887481314,Benign
P005597,UDP,IoT,Off,ME,1,0,5820.529825800747,5708.838481547852,123.27255638874679,5,ACK,110,2,-48.641728110639754,user,0.13005043833681754,272.48990342952607,Benign
P005598,tcp,Server,Off,APAC,3,0,3894.652585988008,5721.5991989148915,131.85550572001398,7,ACK,53,1,-64.93839516549095,user,0.3722377076850373,323.4602796551801,Benign
P005599,TCP,Workstation,Off,ME,4,0,5773.013612415727,5207.955093251313,124.87003774312389,6,SYN-ACK,110,0,,user,0.3691915133813996,269.6019320980687,Benign
P005600,UDP,Mobile,Off,ME,2,0,5313.142292711166,4877.333296928756,171.1986208070094,6,FIN,22,1,-52.90254220587933,guest,0.34410022067116175,338.15804242401884,Benign
P005601,TCP,Server,Off,ME,3,0,5388.313815594728,6592.570494931384,81.1803419942728,5,SYN-ACK,22,1,-64.34082102674569,admin,0.07495662364381828,270.75883230649043,Benign
P005602,TCP,Workstation,On,ME,0,2,2876.3471752583227,8244.416282412603,145.81795276613735,5,SYN-ACK,53,2,-55.84534881392597,user,0.10693622574601264,324.3089909767635,Benign
P005603,udp,IoT,Off,US,3,0,1513.4577449100625,,101.21889560067274,5,SYN,110,0,-61.663334606212885,admin,0.778423232529269,245.87864637921194,BruteForce
P005604,TCP,IoT,Off,ME,4,0,2825.483591840265,7955.46499023773,147.63533294106657,6,SYN,80,2,-64.00348474882851,admin,0.14524473173610902,300.7659752939448,BruteForce
P005605,UDP,Server,Off,ME,2,0,5751.078921405529,4952.03570828375,114.35587724297436,4,FIN,3389,0,-61.34778093724909,user,0.36559210497341665,291.5804322368939,Benign
P005606,UDP,Workstation,Off,US,3,2,4377.146698064776,9635.061273095822,117.80274175165127,4,SYN,3389,1,-74.74856360835558,admin,0.15878501662945083,290.3531511118789,BruteForce
P005607,UDP,Mobile,Off,EU,2,2,4490.015751490564,7263.106671275732,104.07770509481846,6,FIN,143,3,-55.51901652673126,guest,0.1917750433290447,244.3842042168503,Benign
P005608,UDP,IoT,Off,APAC,2,0,4958.821112102394,6129.470062866872,141.67290146106473,5,FIN,22,0,-69.9481123925685,guest,0.6495194746306797,287.8678628494043,BruteForce
P005609,tcp,Mobile,Off,APAC,6,0,5524.995479868968,4303.934111511653,148.97224368315946,3,SYN-ACK,22,2,-71.36392909729248,user,0.30118992383731896,321.5904049549167,BruteForce
P005610,TCP,IoT,Off,APAC,2,1,2089.82697322231,5271.570692445364,152.80702616653713,7,SYN-ACK,53,0,-57.241954182290996,user,0.19237946096007552,279.96189640646014,Benign
P005611,UDP,IoT,Off,ME,6,1,4799.8440568707065,5670.155961870714,117.57002143101879,2,SYN,3389,1,-63.676230995706305,user,0.24827481568566934,290.84703814445436,Benign
P005612,UDP,Server,Off,EU,1,3,4473.446872885547,2859.518605222541,176.68539024352305,5,SYN,53,2,-51.961576495960024,guest,0.5208997531528077,324.8285670063228,BruteForce
P005613,TCP,Server,Off,US,3,0,2665.857193387396,6149.5514343805835,74.59926583805165,6,SYN-ACK,25,1,-60.00040287452147,user,0.31470596659912,268.58503725588844,BruteForce
P005614,TCP,Mobile,Off,US,1,1,6900.301743816,5167.571579533257,97.05957604081516,2,SYN,21,0,-68.619895933466,user,0.26643672984512207,290.6870744298414,Benign
P005615,ICMP,IoT,Off,APAC,3,0,3551.332430260284,4949.373809959311,118.18813480114504,3,FIN,143,0,-60.68452267601145,guest,0.08006219650552797,267.70209748091503,Benign
P005616,TCP,Mobile,On,APAC,1,1,3779.7955935622304,7372.691552989899,70.02012015625309,5,SYN-ACK,53,0,-63.95945921060653,admin,0.2206335307745652,269.59894596729504,BruteForce
P005617,UDP,Workstation,On,US,2,3,8629.252970827867,7625.119902537738,84.30944541203982,6,SYN-ACK,53,2,-82.01445643443807,user,0.3090464863091113,299.2114783952619,Benign
P005618,tcp,Mobile,Off,APAC,0,1,4005.4768886581332,8921.250706686611,157.25936045903688,9,ACK,110,1,,admin,0.15293697791209332,287.81128607186474,BruteForce
P005619,TCP,Workstation,On,APAC,2,1,4894.535925381535,9694.364791139951,90.59487358060647,3,ACK,443,1,-72.23906886362201,user,0.1814058784269327,277.17920045521845,BruteForce
P005620,TCP,Workstation,Off,EU,5,1,5774.1641813245005,7792.26642453647,73.75357535019431,5,FIN,25,1,-62.75911738691677,user,0.225889310112534,249.54193744370372,BruteForce
P005621,UDP,Server,Off,EU,3,1,5296.963300307498,5460.264723802497,134.45905215629912,2,ACK,143,1,-71.38879227392545,admin,0.29820416233254377,309.6288263645438,BruteForce
P005622,TCP,Server,On,EU,3,1,2461.398446959796,6200.222459393802,86.33333050167548,9,SYN-ACK,3389,0,-68.4013905224326,user,0.3025571875279997,263.472213675102,Benign
P005623,UDP,Server,On,EU,2,1,3775.4897216073355,3713.3841584748056,107.63652306047405,5,SYN,143,2,,user,0.6141366838293215,277.39956521346113,BruteForce
P005624,udp,Server,Off,EU,0,1,6488.7068819592405,5580.061236436821,146.0228334446204,7,ACK,143,0,-68.34646447992232,admin,0.09744229203568291,312.3062149285036,Benign
P005625,UDP,Mobile,On,US,2,1,5083.378729205583,8080.174413857789,84.57626235712921,2,SYN-ACK,3389,1,,user,0.5001119978226406,290.6277184314932,BruteForce
P005626,UDP,Workstation,Off,EU,1,1,3002.102020851954,8325.269680945416,77.50211675240409,2,SYN-ACK,21,3,-45.27579075259321,user,0.3425025375733417,249.76067923533944,Benign
P005627,ICMP,Mobile,Off,US,0,1,4147.503980242065,4374.580412778509,120.98661610385645,6,FIN,3389,0,-59.78513613231813,user,0.4391582669534262,268.38605619577197,Benign
P005628,TCP,Mobile,Off,EU,3,1,2668.7451404935655,5283.410004621232,115.24831287581432,5,SYN-ACK,25,1,-75.61464662003104,user,0.19131913640627807,243.28017675645563,Benign
P005629,TCP,Mobile,Off,US,3,1,7038.155027337457,,156.49583699762255,10,SYN-ACK,21,0,-62.243165296689895,user,0.23773226653353643,319.10726118967284,Benign
P005630,ICMP,Workstation,Off,EU,3,1,100.0,4769.528047398913,99.69906703686787,1,SYN-ACK,143,0,-53.68698062289798,user,0.1456130323763555,244.55958574788863,BruteForce
P005631,TCP,IoT,Off,EU,1,1,8389.406683611443,4147.148686074927,119.77804608215187,7,ACK,21,1,-57.72442364151229,user,0.3370231390027658,321.677506995417,Benign
P005632,TCP,IoT,Off,US,0,1,6640.5627552333835,7838.874289626713,104.30053155476463,3,FIN,25,0,-59.55507020240114,user,0.12018989738495611,297.0770809248695,Benign
P005633,TCP,Server,Off,ME,0,0,4811.647494764849,6711.4126269784765,109.25866005183661,8,ACK,53,0,-68.25935884987118,user,0.27730182086336375,286.70905806132066,Benign
P005634,ICMP,Server,Off,ME,2,0,3907.7587155705205,5908.3596924600915,123.62877003118079,3,SYN,25,0,-41.772393978247415,user,0.321099355965265,295.716629894973,Benign
P005635,ICMP,IoT,Off,US,0,1,3245.6886962443186,4737.100888777055,122.39703429473654,3,SYN-ACK,443,0,-67.93569993254904,user,0.19076617924189637,276.12157330067413,Benign
P005636,TCP,IoT,Off,US,5,0,4916.406899824048,5309.449025443685,102.20723137684011,3,SYN-ACK,25,1,-47.165040683921305,user,0.3523250809690475,284.69547946690545,Benign
P005637,TCP,IoT,Off,EU,1,3,2691.698701020309,9706.123831831084,100.65052763436748,9,SYN,22,2,-76.5357213317952,user,0.21169172387748864,239.5878645980323,Benign
P005638,TCP,Workstation,Off,US,1,3,3190.82065375622,7247.470090729429,73.46530172466287,6,ACK,110,0,-57.92321034014716,user,0.23902351228446903,243.28044651314832,Benign
P005639,TCP,Server,Off,EU,2,1,3787.9281935186036,7400.831777720431,106.6645068362645,3,ACK,143,0,-65.69881731080623,user,0.3384114924906074,287.3036773169102,Benign
P005640,TCP,IoT,Off,EU,1,0,6348.309377412822,4769.845976614469,127.00640785890799,4,FIN,143,1,-55.47923487462321,user,0.2733737162249037,322.9193399016152,BruteForce
P005641,,Mobile,On,EU,2,2,7265.22224914761,6496.165052875074,114.35540067049432,5,ACK,3389,1,-63.21358168325099,user,0.44075294484654126,281.87426302153165,BruteForce
P005642,TCP,Mobile,Off,ME,5,0,5243.4303016907925,5591.621787278168,129.50505267514728,4,SYN,3389,0,-73.74448636436438,user,0.340361240650635,297.5901493057016,Benign
P005643,udp,Server,On,US,1,0,6220.932657845635,5667.09721426423,117.32278467089598,11,SYN-ACK,80,1,-50.005976524105606,user,0.20505199415558623,291.7860806762679,Benign
P005644,TCP,Server,Off,APAC,0,2,955.1747569808367,1548.819509647249,127.19431866276202,5,SYN,21,1,-55.681892861583165,user,0.2906984114200329,286.834221299847,Benign
P005645,ICMP,IoT,On,ME,2,1,4851.0864368520515,3725.9451139077933,135.48852110659044,1,FIN,25,1,-60.42308073429191,user,0.1932561424681706,313.5460964174324,Benign
P005646,TCP,Server,Off,ME,3,1,2325.5622935634847,7219.895970678635,108.40182060180118,5,SYN,53,1,-56.110717140158755,user,0.35395345668013295,273.609511323821,Benign
P005647,UDP,Workstation,On,ME,1,2,4573.100698807687,,126.18247818920236,3,SYN-ACK,22,0,-74.76515964406634,user,0.23514406559843395,242.69002524499342,BruteForce
P005648,UDP,Workstation,Off,ME,2,1,2099.2643239716494,6950.088227803911,88.669533501211,4,SYN,443,0,-64.98853064428293,admin,0.10160470460409614,249.61970205953122,Benign
P005649,ICMP,Mobile,On,ME,2,1,5310.487271069182,7902.533792181252,120.51232504711811,5,ACK,21,2,-48.78430050691253,user,0.062267031634804,299.32812232278627,BruteForce
P005650,ICMP,Mobile,Off,ME,0,0,4885.376951230598,7214.0119526758235,148.2786034383357,2,FIN,80,2,-79.23451124279993,guest,0.223410508283182,303.130929566279,Benign
P005651,TCP,Server,Off,APAC,1,4,5122.744979794506,6144.799712749197,155.6037493053651,5,FIN,3389,1,-51.98188107112553,user,0.22868538212307454,306.53042506712126,BruteForce
P005652,,IoT,Off,EU,7,0,1983.2159993943174,6048.779051539175,157.5726411191255,3,FIN,80,0,-67.05734628937957,user,0.5234923453473624,293.0604023056707,Benign
P005653,udp,Server,Off,APAC,4,1,4349.453719739712,11080.953284741281,99.94141724977494,1,SYN-ACK,22,2,-72.64484476566818,guest,0.35456890412349723,270.3534536584703,BruteForce
P005654,udp,Mobile,On,APAC,2,2,7921.627222595478,3592.031056808148,178.47579118138506,5,ACK,110,0,-51.38548599983994,user,0.4237311505197634,326.37173506600095,BruteForce
P005655,tcp,Workstation,Off,US,4,2,4521.541493125383,3733.205941463917,76.35088512670723,5,SYN,25,0,-42.51392239296819,user,0.11529665264427416,243.50555499847596,Benign
P005656,UDP,IoT,Off,EU,3,2,3198.8753888687365,2984.441797346856,46.41319879938344,5,ACK,110,3,-43.96901140200346,admin,0.6227132697453266,242.70463526568452,Benign
P005657,,IoT,On,APAC,4,1,2012.8371744442197,7994.171304730858,85.12594158862734,4,SYN-ACK,25,2,-50.1065478199493,admin,0.08510826610141421,252.83835268540452,BruteForce
P005658,tcp,IoT,Off,APAC,3,0,5767.382087564818,9072.963859636051,139.95607499102434,2,SYN-ACK,143,1,-53.28593244880397,user,0.2629701865716195,296.27376041063707,Benign
P005659,ICMP,Mobile,On,APAC,3,1,4761.238780937011,5717.968111582485,92.84251784717415,2,SYN-ACK,80,2,-63.41917070197404,user,0.28304479266616983,285.39307338678697,BruteForce
P005660,TCP,Server,On,EU,7,0,5384.040424654619,3601.1527740196407,138.7841680663214,5,ACK,3389,0,-61.57756112930971,user,0.5698732806742696,284.0622633314557,BruteForce
P005661,UDP,Server,Off,EU,1,1,4094.0568250604624,7934.88383362718,144.17177263182583,5,SYN,80,1,-64.50992228003214,guest,0.2712841093393682,324.56213617178554,Benign
P005662,,IoT,Off,US,1,1,2244.5137575991644,5103.103568285387,166.23604272416168,3,SYN-ACK,53,0,-62.46510365713171,user,0.22171728306435468,305.97665004449226,BruteForce
P005663,udp,Mobile,Off,EU,1,1,4173.883199305529,7793.902544688084,123.12488026769303,8,FIN,21,3,-44.7451575410514,user,0.5858474059068581,308.9364079223059,Benign
P005664,TCP,Server,On,EU,2,0,6547.540758341386,5663.277297023582,113.7138337995667,3,SYN-ACK,3389,1,-71.43445965624002,user,0.2971107498989782,296.289026810925,Benign
P005665,TCP,IoT,Off,APAC,1,0,3177.953389317172,,168.22577786592294,3,SYN-ACK,443,0,-61.88977948940846,user,0.2163371057480335,289.42920112332075,Benign
P005666,udp,Mobile,Off,APAC,2,0,4373.586439136174,5995.698938422047,78.80261177750879,6,FIN,22,0,-71.43170921937487,admin,0.20038806361090816,290.7766045932006,Benign
P005667,,Server,On,US,0,1,5912.116673021786,7014.176679588494,150.42808318655833,2,SYN,80,0,-62.433496174967104,user,0.14569881654160738,284.5676281769322,Benign
P005668,UDP,IoT,Off,US,2,2,7572.176569031767,8046.0367672476095,158.20346081650382,6,SYN-ACK,80,1,-59.749587016215,user,0.07239033312883077,340.0224815402031,Benign
P005669,ICMP,Server,On,APAC,4,1,2837.4004601267743,8363.880412366825,97.25065040068095,6,ACK,53,0,-68.12389888022584,user,0.4106792955616896,251.74839543577687,BruteForce
P005670,TCP,Server,Off,APAC,1,2,956.7315998310528,3713.387762751662,78.1232588532053,1,SYN,53,1,-56.78833768364334,admin,0.28214681554570126,224.7424343130451,BruteForce
P005671,tcp,IoT,Off,APAC,4,3,3086.4260187397695,5713.495771104453,67.43017048348841,4,ACK,110,1,-59.519029068351166,admin,0.11430774269627716,236.3595573136056,Benign
P005672,UDP,Mobile,Off,APAC,1,0,5580.779176684768,7177.437914647246,139.14570251617454,4,ACK,53,0,-51.192409612877135,admin,0.11155214927236101,297.87815425642304,BruteForce
P005673,UDP,IoT,On,APAC,3,1,3258.6347725497435,8641.571471890344,117.43316440215916,7,SYN,53,0,-80.1543019853506,guest,0.1357731967785008,283.6817053114349,BruteForce
P005674,UDP,IoT,On,APAC,3,3,6008.986312370505,6321.883474497656,103.57886566048079,3,SYN-ACK,21,0,-57.16633789649694,admin,0.14617185592166945,265.6071205980316,Benign
P005675,UDP,Mobile,Off,EU,2,1,5740.683286790523,7499.8444506256965,111.45710830554826,7,FIN,143,2,-71.19048185010847,user,0.06365828341685797,280.42451418554157,Benign
P005676,TCP,Mobile,On,ME,2,1,4708.409141982384,4504.256526910995,108.25218736590583,3,ACK,53,0,-63.40575072262655,admin,0.18366171992486552,266.76309020733083,BruteForce
P005677,TCP,Workstation,Off,ME,2,3,5356.23802480031,7173.019435664638,131.51588026320462,5,SYN-ACK,3389,2,-61.548874003503926,user,0.5161625913435254,303.2641097864301,BruteForce
P005678,TCP,Mobile,On,ME,2,3,6018.4445719528085,5215.609926899387,115.70563887236843,4,FIN,22,0,-41.49834640266832,user,0.09844416557084143,273.8181378410426,Benign
P005679,tcp,Mobile,On,ME,3,1,4654.7349927067635,2946.35116346643,90.49092798835915,6,SYN-ACK,443,1,-40.74246744391381,user,0.18502074385566314,260.78826062062,Benign
P005680,TCP,IoT,On,ME,1,1,6272.239819624923,4448.6113520730905,103.55773898124968,2,SYN,80,1,-41.34749604639741,user,0.3728358077179297,281.6185941893765,Benign
P005681,UDP,Mobile,On,ME,1,2,4544.195399634491,8588.101670869291,69.89247889079206,4,FIN,110,1,-58.79769126009767,user,0.43164000036508626,249.08576624376587,BruteForce
P005682,TCP,Server,On,APAC,2,3,4687.265422977941,5773.162193507889,124.63495531071207,5,ACK,443,0,-71.20814249610243,user,0.32779567603565535,298.38483212474506,Benign
P005683,udp,IoT,Off,ME,0,0,3072.019169851141,5172.8559137637285,145.7849841822316,6,SYN-ACK,110,0,-55.55443557815569,user,0.3758772003836884,301.4077905020918,Benign
P005684,TCP,Workstation,Off,EU,6,1,3824.4552184600448,6205.480742028308,156.7913252352671,6,SYN,53,1,-45.089085672152606,admin,0.28448021833839554,300.14221790594144,Benign
P005685,UDP,Workstation,Off,APAC,1,2,5939.3094294872335,7926.694739083608,122.13980560979192,8,SYN,143,0,-77.70488879945917,user,0.3603160513065538,295.49826585934227,BruteForce
P005686,udp,IoT,On,ME,2,0,4461.502959035525,5578.784501028199,102.72476339686123,8,FIN,143,1,-54.78344134825745,user,0.28875352987953906,300.1001388086714,Benign
P005687,TCP,Workstation,On,US,1,1,6492.695541941879,9199.691382366213,78.79930908407883,4,ACK,443,2,-52.81473619450706,user,0.0978370178037574,289.1043690031946,BruteForce
P005688,TCP,IoT,Off,ME,1,0,3620.409484788099,6823.113013466076,88.21678419751406,4,ACK,110,2,-76.14499470348414,user,0.5464671094931206,277.3011238089971,BruteForce
P005689,udp,Workstation,Off,US,3,1,5256.844086417971,3646.1658160949164,151.75975432436456,6,SYN,80,1,-58.09843169702993,user,0.2964027171114352,304.82418799210285,BruteForce
P005690,udp,Mobile,On,ME,0,0,3748.793052491887,5171.238138003473,127.85721115693691,7,ACK,443,0,-58.76347592688088,user,0.09692234316112892,299.8481839335808,Benign
P005691,TCP,Server,Off,APAC,3,0,4233.271167784687,5972.108524703457,148.02329217105233,4,ACK,25,0,-63.568405119271574,user,0.27641066416537324,295.70259596315725,BruteForce
P005692,udp,Server,Off,ME,4,1,2501.8466385226675,978.4314121145499,48.49506585494164,2,SYN-ACK,443,2,-54.575047828557615,admin,0.3422222378808882,239.26146805825272,Benign
P005693,udp,Server,Off,ME,5,1,3786.7256011082904,6159.885521021681,163.55991122402867,6,SYN,53,0,-61.85137185047571,admin,0.3267515374146081,301.3970852099356,Benign
P005694,UDP,Mobile,On,US,1,0,5316.444593748523,4481.373809436426,146.93753036294765,1,SYN-ACK,80,1,-55.865645494540615,admin,0.18737255245092335,297.2415052927628,Benign
P005695,,Mobile,Off,ME,1,0,3546.8680092695954,7890.5005465746435,113.66414039338915,9,SYN-ACK,22,2,-54.26511819792207,user,0.6342855634688112,290.42633892691765,Benign
P005696,ICMP,Server,Off,US,2,0,6754.56586170642,3124.3758090611805,132.03725461378133,9,SYN-ACK,25,0,-61.892262262515075,user,0.2610568685967817,325.68712026282054,Benign
P005697,,Server,Off,EU,0,0,6192.16180921739,5873.8813390509085,139.42069762114298,1,ACK,143,2,-48.63921216710416,admin,0.17216678090798057,309.27586028685107,BruteForce
P005698,udp,Workstation,Off,APAC,1,1,5136.350823249823,4033.6889191534483,120.73904802836469,4,SYN,25,0,-68.16677106683869,admin,0.3742470890693977,287.63820737002754,Benign
P005699,ICMP,Server,On,APAC,2,3,5307.622885366892,3182.4465695792974,122.42256256005611,4,SYN-ACK,25,1,-59.37160936376068,admin,0.1331022961602563,288.0152423432232,Benign
P005700,TCP,IoT,Off,ME,3,0,34584.4179010358,5016.551721177579,94.48962582217143,5,FIN,110,0,-46.84072644252554,user,0.20624122257734662,305.23621014055914,Benign
P005701,TCP,Mobile,On,ME,2,2,4652.223036450968,7979.947962034249,150.06746122417684,6,ACK,22,0,-47.829576820676095,admin,0.6519406123815125,343.7473520491671,Benign
P005702,TCP,Workstation,Off,ME,1,2,3525.767282369174,5354.175305868364,181.17339599707287,7,SYN,80,3,-56.59545496653329,user,0.2798430142434476,337.69069441726583,BruteForce
P005703,tcp,Server,Off,APAC,0,3,6520.562077591224,5203.073743201331,102.87067841228568,6,ACK,143,2,-50.38378896308047,guest,0.1357650247426944,273.67188818794335,BruteForce
P005704,TCP,IoT,On,ME,2,0,6890.351610154568,5807.190934882473,81.43255825926887,3,ACK,22,0,-63.26241629977945,user,0.2551428955198429,269.4976046977635,Benign
P005705,UDP,Mobile,On,US,2,0,4063.8111852674256,4239.349024348095,134.2005744506105,5,SYN,3389,3,,user,0.4391779843156516,295.1041263698147,Benign
P005706,tcp,Workstation,On,ME,1,3,3810.0630300306375,8768.641201357434,124.01711235702554,7,SYN-ACK,80,0,-75.03611789071564,guest,0.11251162789024213,317.4097337581295,Benign
P005707,TCP,Workstation,Off,APAC,3,1,4177.31774361431,4806.494270458218,110.2554564484843,7,FIN,80,3,-50.516619694573876,user,0.22042243947295148,293.2591375145479,Benign
P005708,,IoT,On,ME,3,0,19090.8188595997,6470.18199415784,100.35406395323288,5,SYN-ACK,22,1,-49.34612546362148,admin,0.376765963187752,281.54904614916575,Benign
P005709,ICMP,Server,Off,APAC,1,0,3730.0270184392753,9181.320085342482,41.98458944490393,6,ACK,22,2,-48.89018254929138,user,0.6306789516820632,260.92198033553234,Benign
P005710,TCP,Server,On,EU,2,0,5362.67438660174,7726.699826721893,109.0398119988267,9,SYN,80,1,-76.54531812523302,admin,0.20662686747132156,281.3377900786806,BruteForce
P005711,ICMP,Server,Off,ME,2,1,3199.684539308044,6072.7914010108025,139.06501740611301,6,SYN-ACK,3389,2,,admin,0.4641078940257902,305.86141966797607,Benign
P005712,ICMP,Workstation,Off,APAC,1,1,7596.27154171333,6579.128795524668,108.64059327396893,3,SYN-ACK,80,2,-55.10975982835311,user,0.49865106340399984,288.3135097115861,Benign
P005713,UDP,Mobile,On,US,4,2,6520.690028474023,5638.8242655588165,97.91849252706322,2,FIN,110,0,-40.43524362745961,user,0.4646054792936844,268.34141498294696,BruteForce
P005714,tcp,IoT,On,EU,1,2,5854.348904797025,6236.954591485539,87.23165676938262,7,ACK,143,1,-62.012377713538996,user,0.16509510175059897,289.3491498567376,Benign
P005715,,Mobile,On,ME,1,1,4762.2407189295545,4038.4055895682895,137.6872167072902,3,SYN-ACK,80,0,-79.2877131716016,user,0.09518156588236729,308.5657595817897,BruteForce
P005716,tcp,Server,Off,APAC,4,1,7203.172237083155,6602.3160790638485,121.11196657536645,0,ACK,80,2,-60.800061378993966,admin,0.2315532778226669,290.80889262299627,BruteForce
P005717,TCP,IoT,Off,EU,1,0,5306.184275973682,7368.262927420418,139.18491854597008,5,FIN,3389,0,-57.17427028936465,admin,0.6736426337694622,308.8062317992886,Benign
P005718,tcp,Mobile,On,ME,1,1,3534.766217403845,8093.383575627162,101.2799811830833,7,ACK,143,0,-33.02257858846046,user,0.5105211915604123,285.5805773962436,BruteForce
P005719,ICMP,Mobile,On,US,1,0,4270.481415762857,7981.328347864366,80.1749483103995,7,SYN,443,2,-53.27675327093032,user,0.3922813622435529,284.04690501331174,BruteForce
P005720,udp,Workstation,On,APAC,1,0,5834.181628976858,4723.454072610988,168.0581301877878,8,SYN,25,0,-51.84439017623513,user,0.2520474198901332,331.7901368560045,BruteForce
P005721,TCP,Server,On,APAC,1,0,3943.7313537211703,5283.68707264704,123.74660661385693,3,SYN,25,2,-54.699101156062895,admin,0.3766075278400772,292.43002331634017,BruteForce
P005722,UDP,Server,On,EU,1,2,5066.902517560914,4423.3888362000125,105.00720929903235,2,FIN,21,0,-67.62918970154139,admin,0.3633591937796648,245.91776975140874,Benign
P005723,tcp,Mobile,On,ME,4,2,8070.9794327584195,2748.1850116409323,98.04867653812798,5,ACK,443,0,-76.02433266527387,user,0.4788983412049895,293.1284567995178,BruteForce
P005724,ICMP,IoT,Off,US,1,1,7516.189033282937,9625.931969267122,136.4167403478283,6,SYN-ACK,143,1,-42.68280447718852,guest,0.6502533549775262,311.8049063563544,Benign
P005725,TCP,Workstation,Off,APAC,2,1,9998.79683957349,6486.207914069755,95.39545758597009,5,SYN,143,0,-52.741119235053844,guest,0.311291590391492,307.9298616996641,Benign
P005726,tcp,Workstation,Off,APAC,0,2,5869.032014347446,6007.065921375159,130.81245647143598,6,SYN,53,2,-51.210984208021316,user,0.5677835985004613,317.1905592686385,Benign
P005727,TCP,Mobile,Off,EU,0,1,3996.382300588348,4508.1539461453385,76.23643384339971,8,FIN,3389,0,-71.1928630342176,user,0.5948092609140091,268.5076848714402,BruteForce
P005728,TCP,Workstation,Off,EU,2,0,5236.98990458164,8521.620139388315,124.13448380860875,3,ACK,22,2,-41.79894868445726,user,0.47103647994390097,326.2459651548811,Benign
P005729,,IoT,On,ME,3,0,3617.713136610315,8737.498247112153,130.24360615063998,5,FIN,143,2,-72.44346386231398,user,0.47355086758310205,308.45061933601096,Benign
P005730,TCP,IoT,Off,EU,4,2,7157.088890318992,7374.032204226889,72.72298515037483,2,SYN,21,1,-60.77727828800477,user,0.5967575452954428,271.80694998032504,Benign
P005731,ICMP,Mobile,Off,US,1,1,6285.436850840908,9304.310019377923,154.63425032989204,3,FIN,110,1,-67.1284016599098,user,0.3545112719157412,311.95409282044193,BruteForce
P005732,TCP,Workstation,On,US,2,1,3486.7985486599396,5527.40194309526,98.55127524087202,4,SYN-ACK,22,2,-58.93803856538257,user,0.7106613611459799,275.7583956593906,Benign
P005733,udp,Server,Off,US,0,0,7118.527791345084,8530.698368213132,167.3925082887076,5,SYN-ACK,443,0,-54.658941037341734,admin,0.2656664952163301,312.07767731854085,Benign
P005734,tcp,Workstation,Off,ME,1,0,4810.445948301004,7358.824422476357,90.8067445597606,11,ACK,143,0,-64.5011731389175,user,0.4760924800462821,319.1749201139402,Benign
P005735,ICMP,Server,On,ME,3,1,3137.323871540329,9051.7070890585,119.62748098528377,5,SYN,110,2,-75.59107206188224,user,0.18797544351521392,258.57531780374717,BruteForce
P005736,,Mobile,Off,EU,4,0,4320.384271783058,5611.098501341492,108.39050212265217,6,ACK,443,2,-51.704818714023766,guest,0.3306045806390614,296.8648138022592,BruteForce
P005737,ICMP,Workstation,On,EU,4,2,3838.1733807071014,4406.718340754371,127.46859867094422,5,FIN,80,0,-47.410337108576584,guest,0.2518363533706333,288.38443184520384,Benign
P005738,tcp,Server,Off,EU,3,0,3846.7110004707565,8439.518428821566,119.47201463476048,4,ACK,143,1,-60.48536918120016,user,0.31198626729154194,297.5804305151094,Benign
P005739,UDP,Mobile,Off,US,2,3,2442.3148055262664,5673.852584339494,138.4537335741009,4,SYN-ACK,25,1,-49.00876212186811,admin,0.14372561230889266,258.9897650482258,Benign
P005740,TCP,Workstation,Off,APAC,3,1,5298.294121058338,3442.30106878117,123.2221275389937,6,SYN-ACK,3389,0,-59.63262191292136,user,0.14088373484071948,305.92618794536185,BruteForce
P005741,TCP,Mobile,Off,ME,0,1,3686.9161123071126,9467.164878418727,176.71860547054115,4,SYN-ACK,80,1,-67.37251040353085,user,0.31807093946169634,310.8176427429869,Benign
P005742,,Server,On,ME,2,1,4829.645148396305,6108.741731789182,131.41709980312135,7,ACK,21,4,-60.814560387637044,user,0.12255605007822731,341.5403104857438,Benign
P005743,UDP,Mobile,Off,ME,1,1,3671.265481507866,3391.3412462851625,109.59554476992042,3,ACK,143,0,-62.092850537194494,user,0.44250444210907414,274.5632396187171,Benign
P005744,TCP,Workstation,Off,APAC,6,1,4176.0330348269445,7659.727410377416,107.47892424447568,5,SYN,53,0,-76.45479058097939,guest,0.16094163120892307,284.17765059073156,Benign
P005745,TCP,Mobile,On,EU,4,1,6310.955213236781,4933.75344179398,131.60941716776213,4,ACK,143,0,-61.12217868955903,user,0.2813064236120764,290.1638513506443,BruteForce
P005746,TCP,Server,Off,US,1,1,5435.033314385799,2594.470069087597,88.17305146056349,9,SYN,22,1,-72.33271991544379,guest,0.3357772088569961,273.6732802500102,Benign
P005747,UDP,Workstation,Off,APAC,4,2,4955.125782149876,2453.9759788086667,69.42494768544007,4,FIN,25,2,-50.11342091470117,user,0.18031714875581756,244.81512072998635,Benign
P005748,UDP,IoT,Off,US,1,0,5418.433106366996,4817.39945261884,125.61595887737533,5,ACK,110,1,-65.63278970548969,user,0.23193299408018397,292.0785473108432,BruteForce
P005749,TCP,Mobile,Off,ME,2,3,5604.945570065823,4628.076861589372,127.43464499385449,6,SYN-ACK,80,0,-47.46207241038442,user,0.4385227820918272,311.18375474264053,Benign
P005750,TCP,Workstation,On,ME,1,1,6743.472686064178,5478.132298069176,170.2640070944022,1,FIN,110,0,-85.7039005905961,user,0.40182039871374564,325.22200055931125,Benign
P005751,TCP,Mobile,On,US,1,0,5519.1309528435295,7357.22293836669,86.93872439352673,4,SYN,443,2,,user,0.28090502555415753,286.1459375735599,Benign
P005752,TCP,IoT,Off,EU,2,2,4220.412137595561,5134.040405134446,92.03705510265705,3,SYN,143,0,-45.14379672433436,guest,0.26064943504753,267.4546776999904,BruteForce
P005753,TCP,IoT,Off,APAC,1,1,5983.636656408633,6444.6730389246795,61.99381768268153,4,SYN-ACK,143,1,-66.32563501382273,user,0.18445567029637994,245.97357615232386,Benign
P005754,,Mobile,Off,US,1,0,5618.351887662689,5496.998555530165,115.21265340959887,3,FIN,22,2,-60.254588772113266,admin,0.6067232930085148,268.6695946140499,BruteForce
P005755,TCP,Workstation,Off,APAC,1,0,4003.846215961576,4858.056810902166,103.52688375369993,3,SYN-ACK,21,0,-55.61445302488512,admin,0.48256332519555145,254.90295100355513,BruteForce
P005756,ICMP,IoT,Off,EU,2,2,7183.0333931788755,4748.0835997628055,74.91682902836497,4,SYN,80,2,-61.04787469960925,user,0.11295749627515496,279.9758596284897,Benign
P005757,tcp,Workstation,Off,EU,1,0,5195.351127108562,8161.126705985976,134.55303146120124,6,FIN,3389,0,-60.1369253458521,user,0.5095159537743388,298.1698031316193,BruteForce
P005758,tcp,Mobile,Off,EU,3,0,5378.458661678598,,113.87828569764437,8,SYN-ACK,22,0,-78.5080154512204,user,0.4098781636851192,305.5336799842478,Benign
P005759,TCP,Mobile,Off,ME,2,1,7199.529359225852,5320.440209266979,137.75258527049286,4,SYN,80,1,-36.832968015267596,admin,0.2530312307541542,293.0231402968486,Benign
P005760,UDP,Mobile,Off,APAC,2,1,4130.3018155725695,8955.162585306314,112.058511959882,1,FIN,110,0,-56.94311557396814,admin,0.04270726213948642,298.206753627943,BruteForce
P005761,tcp,Server,On,EU,1,1,4610.38565476084,5921.453011848973,135.61339117956237,2,SYN,3389,1,,user,0.24082518305636366,287.5478705397229,BruteForce
P005762,UDP,Workstation,Off,EU,3,0,3969.3557651987758,2869.0331118825106,121.55476952282206,3,ACK,25,0,-67.77303717199683,user,0.4376427860594436,273.0094102166909,Benign
P005763,TCP,Workstation,On,ME,4,1,3923.3330441716153,8701.369069382472,160.48505600524118,4,SYN-ACK,25,1,-71.74347746679658,admin,0.2159470164649668,287.9223478651425,Benign
P005764,UDP,IoT,Off,EU,3,1,5770.417460166708,3470.0415216450197,94.74039696562626,8,FIN,143,0,-63.02226728569908,user,0.32303937727885557,301.1122842582609,Benign
P005765,ICMP,Workstation,On,APAC,0,3,2916.7552920435455,5403.25296333727,62.70735358830117,6,ACK,110,0,-51.56645123997791,user,0.29406475501515206,239.5995397879912,Benign
P005766,ICMP,Mobile,Off,APAC,3,1,7429.455555914643,8890.988596272691,109.77186644251077,2,SYN-ACK,53,1,-60.938961446703544,user,0.4867217856716497,293.30155994055514,Benign
P005767,TCP,IoT,Off,EU,3,1,5402.01264791987,8833.073838324422,97.40771682464867,4,ACK,53,2,-60.61280715492664,user,0.10511465316439314,291.9544790825642,Benign
P005768,UDP,Server,Off,APAC,0,3,6572.7087888601245,6153.974771561483,144.4957267239457,10,ACK,53,1,-73.69521353111324,user,0.42538405804034324,339.2956891406666,BruteForce
P005769,TCP,Workstation,Off,US,1,2,4333.436495148477,4536.609685492347,101.7001147093392,3,SYN-ACK,143,1,-55.45381031399782,user,0.05592083202969438,281.831021187243,Benign
P005770,,Workstation,On,EU,1,0,6231.37102554848,,168.00302779039586,10,SYN,22,0,-62.66003904515544,admin,0.1630701259460353,345.73958173640574,BruteForce
P005771,TCP,Workstation,Off,EU,1,1,4495.512349523651,2414.903785358399,87.91620992639591,8,FIN,143,2,,user,0.3122666767053167,287.90963884600285,BruteForce
P005772,UDP,Server,Off,ME,4,1,2418.8454915257994,7305.370619541152,136.96151745604683,5,FIN,25,0,-85.4368193890493,user,0.04785404800661652,261.9316419715882,Benign
P005773,UDP,IoT,On,EU,2,0,4329.498130000986,6067.465277875188,73.08434494122459,5,FIN,22,0,-81.8764038629173,user,0.4640479186137125,256.456143323855,Benign
P005774,TCP,Workstation,Off,APAC,0,1,3899.5292394646503,4166.064655819479,148.18283675081568,7,SYN,22,1,-46.731210309096454,admin,0.15172392629965636,282.6288110531268,Benign
P005775,UDP,Workstation,Off,EU,2,0,5132.3948820988835,5743.12900478541,86.60405230664497,4,SYN-ACK,110,1,-54.608569788540244,admin,0.06298360382267268,268.2676928519708,Benign
P005776,UDP,Mobile,On,ME,3,0,7255.295045264751,8699.24227091633,104.85371448936952,2,SYN-ACK,3389,4,-66.76387267437272,user,0.18440515525778348,293.70409227283204,Benign
P005777,UDP,Mobile,Off,US,1,2,6096.477417910042,7051.0236049259665,108.00862468525747,6,FIN,110,1,-63.92739686495077,admin,0.2354006571147797,300.14103505043755,Benign
P005778,UDP,Workstation,Off,EU,6,2,5320.613103595031,2563.697595597708,106.36566741926437,4,ACK,53,1,-71.44539930710829,user,0.2216384001100104,291.20809515199613,Benign
P005779,TCP,IoT,Off,US,1,0,6495.968940730949,1922.2657385777939,116.06989732574185,4,SYN,110,1,-61.13138639468297,guest,0.12278635076490844,303.4656659069531,Benign
P005780,TCP,Workstation,On,ME,4,2,4472.417298086757,2956.090670382927,139.3313039045152,3,ACK,80,0,-46.96705148439351,user,0.004041059266361308,306.928943244128,Benign
P005781,TCP,Mobile,Off,APAC,2,0,6714.526313150728,5070.573924523279,141.37539877565752,5,SYN-ACK,22,0,-46.98213050800068,user,0.39594013764003544,326.0946911128203,Benign
P005782,TCP,Workstation,On,ME,3,1,6364.665727107217,6651.21764460799,131.89322338937114,3,SYN-ACK,3389,0,-76.93739521107904,user,0.36078163742929775,309.61268988293295,BruteForce
P005783,TCP,Server,Off,EU,1,1,4378.71831627053,5786.230257917275,152.76029891612666,4,FIN,143,0,-67.17393368137982,user,0.5931262407673551,310.7787443547986,Benign
P005784,TCP,Mobile,Off,US,4,1,3883.5897438194675,6375.4910188252015,66.72608594641775,6,ACK,143,1,-59.9899050945387,user,0.3878410894401102,261.7471244408181,Benign
P005785,TCP,IoT,Off,EU,2,1,2345.4705300822334,1718.8514428743292,131.77791713127868,3,ACK,21,0,-55.63523036732896,guest,0.41990231033489755,263.3627488109127,Benign
P005786,TCP,Server,On,EU,2,1,3184.7149276393793,5258.296625804916,121.42401555147269,6,FIN,80,1,-51.538596265060384,admin,0.1895920738876479,291.733064419257,Benign
P005787,TCP,Server,Off,US,1,0,4647.12110807151,7508.8154165742135,128.130797394359,11,SYN-ACK,110,1,-62.3855376127059,admin,0.11034815834620668,298.80374471460954,Benign
P005788,UDP,Workstation,On,APAC,2,1,4812.3948782272,3320.9092864266768,118.12744920566657,6,FIN,110,0,,user,0.04050725833300434,267.72384985232526,Benign
P005789,TCP,IoT,On,ME,2,0,6465.479049794506,6851.381494396387,111.77797358335731,5,FIN,3389,4,-57.99823005073655,admin,0.3532119392555325,306.30037957880137,BruteForce
P005790,TCP,Server,On,ME,3,0,3395.8725670336025,6659.487547273881,121.92986321718236,6,SYN-ACK,3389,1,-41.3612154612912,admin,0.4497233651290224,293.34107797174266,Benign
P005791,udp,Server,Off,US,4,1,7664.579294905556,5108.8896789142755,128.74682461318855,5,FIN,110,2,-67.43236148904707,admin,0.2657844322917209,326.2865740979895,Benign
P005792,,IoT,On,APAC,1,1,5676.691058503751,,65.48968052455994,6,SYN,22,1,-74.31454465256896,guest,0.24708605662998703,299.5891176125466,Benign
P005793,UDP,Mobile,Off,EU,3,1,7980.630622889371,7437.68333478101,157.61128395237614,2,SYN,25,2,-57.981284231432,user,0.18515667472448652,296.2824293639178,BruteForce
P005794,udp,IoT,Off,APAC,3,1,5203.754690216384,5524.734095158807,95.53821259815977,3,SYN,80,1,,user,0.1445378159243532,269.8315877814629,BruteForce
P005795,UDP,Server,Off,EU,1,0,3347.095446393806,6258.999430015196,140.55368308738616,4,FIN,25,1,-60.091642460474105,user,0.27621755426199124,305.6819876376198,Benign
P005796,UDP,Workstation,Off,EU,1,1,3961.036499889713,7836.837475385486,147.83030996475335,7,SYN,143,2,-55.04753981442144,user,0.06646816078846549,320.976366882533,Benign
P005797,TCP,Mobile,Off,ME,0,1,5705.800928682158,5895.371247533582,127.48397174341359,6,SYN,25,1,-69.00072079450192,guest,0.40021027957286087,303.8406048225489,Benign
P005798,TCP,Mobile,Off,APAC,3,0,3831.031926299139,7862.096054877848,96.70498728720963,4,SYN,3389,2,-57.2452157815406,user,0.520252410410641,266.4585101551079,BruteForce
P005799,TCP,Workstation,Off,EU,4,0,5303.631420544227,2780.055064474631,129.92324853662586,2,ACK,110,1,-58.973363074876474,admin,0.16415960270709065,281.85344391658566,BruteForce
P005800,TCP,IoT,On,ME,2,2,2713.136162610545,5902.7907386602865,133.8214721213305,8,SYN,21,2,-51.510426306911626,user,0.25506583364439583,290.6241711067706,Benign
P005801,ICMP,Mobile,Off,APAC,5,0,5173.252436620117,4509.0665002245605,71.42823716494557,3,SYN-ACK,53,0,-74.55350039274204,user,0.36826185601680067,260.1726800139049,BruteForce
P005802,,IoT,Off,US,2,0,3676.6664817753444,4570.9980117309115,103.53188158497944,3,FIN,22,0,-53.09507498371043,user,0.19599365966849502,270.16504813228477,Benign
P005803,ICMP,IoT,Off,APAC,2,0,7497.408687108378,7438.554148382999,122.87689561830929,9,FIN,443,0,-68.34595793437585,guest,0.3652795037937029,315.4267754487899,Benign
P005804,UDP,IoT,Off,APAC,2,4,3775.781746322844,4566.887789605533,158.87534606621006,4,SYN,53,2,-67.22381763333507,user,0.09141572066796366,314.02138023303974,Benign
P005805,TCP,Mobile,Off,EU,4,1,5293.737646779347,5839.107671584406,105.94219192645238,6,SYN-ACK,3389,3,-72.23046681042979,user,0.4638424163987369,290.03292817876644,Benign
P005806,TCP,Mobile,Off,US,1,2,4812.420017429521,2476.2179900662613,78.68407927776816,2,SYN,21,0,-61.56178105053544,user,0.1574062661540795,254.8633634853588,Benign
P005807,udp,Mobile,Off,EU,1,0,7350.262019487915,6548.693929260625,132.82430675896182,7,ACK,110,0,-55.01012930000164,user,0.23942444057958345,316.8652253337164,Benign
P005808,UDP,Mobile,Off,US,1,1,7460.474667438051,5147.221347076093,108.17103729443608,6,ACK,443,2,-58.40356976408813,user,0.12053520092050804,280.17856199366304,BruteForce
P005809,TCP,IoT,Off,EU,2,1,3553.791341840202,6711.614425447297,142.40540365798705,2,SYN,443,2,-67.87622682408238,user,0.24518634840945647,288.13466478391354,Benign
P005810,TCP,Server,On,ME,3,1,4352.311048019573,5484.939510744251,142.82209267143716,6,FIN,143,1,-48.17150527502736,user,0.14445659823572762,298.51380756055687,Benign
P005811,TCP,Mobile,Off,ME,7,1,4247.969271313564,5253.983463447665,99.20673840035784,3,SYN-ACK,110,1,-60.001465558115896,user,0.3782509742750111,270.7601792164123,BruteForce
P005812,udp,Workstation,On,EU,3,0,7570.024369415403,5844.44885691252,134.92369526455226,2,SYN-ACK,80,0,-58.84804549436438,admin,0.1387008131584948,312.5477569317004,BruteForce
P005813,TCP,Server,On,EU,3,1,3288.7101231480856,9989.833639125094,147.11702275454934,6,SYN-ACK,80,2,-66.07408152143275,user,0.16481533192075395,311.0000097972718,Benign
P005814,TCP,Workstation,On,APAC,2,1,5571.432851483223,3244.9002031400287,127.6256145290955,7,SYN-ACK,25,1,-63.572560700994856,admin,0.2789657778348297,298.8782220912133,Benign
P005815,udp,IoT,Off,EU,6,2,5530.919627105559,6268.354104474773,88.70366647079113,7,ACK,443,2,-46.66409877207574,user,0.4223869511604236,270.8435577553017,Benign
P005816,UDP,Workstation,Off,APAC,1,0,4272.1177448797125,10627.114737446183,97.02086634898694,0,FIN,143,2,-71.06008146776794,user,0.36831472936825044,269.95149519438894,BruteForce
P005817,TCP,Workstation,Off,EU,2,2,5879.135377791156,5854.862634376978,102.63291569904473,6,FIN,443,2,-75.9049715423856,user,0.06299912439704364,281.73213901113104,Benign
P005818,UDP,IoT,Off,ME,1,0,3837.367035837936,6818.5350451011045,66.35077095003501,3,FIN,21,1,-71.99872021834699,admin,0.3756000925682406,296.6737543048848,Benign
P005819,udp,Server,Off,EU,0,1,7596.250677674486,5528.6778054727365,113.63057094341282,4,FIN,21,0,-75.2557285701796,admin,0.4648022601916815,291.57789593176085,BruteForce
P005820,ICMP,Workstation,Off,ME,3,3,4875.080851945478,4736.779637628178,113.19559567435546,7,SYN,25,0,-68.8060552042777,user,0.11653251947451757,283.60316347165644,Benign
P005821,tcp,Server,Off,APAC,2,2,4932.538889127266,7392.772364738798,100.71716840561342,5,FIN,80,2,-40.64800138890025,admin,0.5852809546309007,288.8980033320809,Benign
P005822,,Mobile,Off,US,1,2,6189.709210800815,6345.813385505046,184.1646567883109,3,SYN-ACK,3389,1,-61.31143868082087,admin,0.679237356332028,326.608235351715,Benign
P005823,TCP,IoT,Off,EU,4,1,4941.783249081118,8267.672134933582,169.7622462067876,3,FIN,143,0,-54.90194101655506,user,0.8516680492463236,291.23282959035606,BruteForce
P005824,TCP,Server,Off,ME,1,1,4504.299056532811,5781.309943870721,109.62418583120933,6,ACK,53,1,-67.2631237775828,user,0.16556163170051286,284.259414873073,BruteForce
P005825,UDP,Mobile,On,APAC,2,0,3855.2879724282884,6718.63556900268,150.04202613361434,5,ACK,22,2,-69.23069663847818,user,0.3194567694407259,291.86126184571833,Benign
P005826,TCP,IoT,Off,US,3,0,2995.943924633886,5337.5484865377875,128.37657527910565,6,SYN-ACK,143,0,-57.91186315622583,user,0.1289995715653043,264.1397642268027,Benign
P005827,UDP,IoT,Off,EU,2,4,7012.1902277304325,7211.197781441091,147.16994147744464,4,ACK,3389,0,-47.01591119484324,user,0.4042669498364903,329.31684606959675,Benign
P005828,TCP,Server,Off,APAC,1,0,4502.311994517859,2849.296903895598,126.01132156113093,4,FIN,80,1,-68.34504062126209,admin,0.36681596145783624,287.3315320231537,Benign
P005829,UDP,Workstation,Off,EU,5,1,4347.809534003409,8063.416547077282,120.57239273182859,3,ACK,80,0,-62.46420874255632,user,0.5883131154861758,284.33940918386395,Benign
P005830,udp,Mobile,Off,APAC,2,0,7906.785108373033,5591.1341014053105,130.10662687484506,5,SYN-ACK,443,2,-53.02085437551992,user,0.3314204353828372,302.16598551250667,Benign
P005831,UDP,IoT,On,ME,1,0,5379.938617503791,4770.2866098693985,137.50094250988468,3,ACK,3389,3,-60.55481285292387,user,0.47679284122769916,302.32074796831023,Benign
P005832,TCP,Server,Off,EU,1,0,4809.821314991774,2907.791080627239,119.05936530230697,7,SYN-ACK,21,0,-69.59695355590938,admin,0.11263036429699474,291.0312442390993,BruteForce
P005833,ICMP,Mobile,Off,EU,1,1,6389.323263937269,7335.952170355388,86.0923494369004,9,ACK,110,1,-60.9756008903284,guest,0.46561026247964116,275.655778476807,BruteForce
P005834,TCP,Workstation,Off,ME,1,1,7297.297949249875,4867.063031281044,91.40296243088221,5,FIN,22,0,-53.46603663304342,user,0.5786516365503876,299.9136336484463,Benign
P005835,TCP,Mobile,Off,APAC,5,1,3505.1808428159284,6320.967409769214,149.2234037777976,3,ACK,443,1,-59.41699077145399,user,0.19653756730427108,299.20756086156587,BruteForce
P005836,TCP,IoT,Off,EU,3,5,2935.4236554727763,8166.625079181874,93.91594554031485,6,SYN,80,0,-79.45535072680917,user,0.1719061939782216,233.2141184285617,Benign
P005837,tcp,IoT,Off,APAC,2,2,5961.929242687974,,142.76391721099515,8,SYN,21,1,-74.17756630894233,user,0.13175971003801024,307.44564641807943,Benign
P005838,ICMP,IoT,Off,EU,3,2,5579.990526804709,4688.844533330844,110.82950333010584,4,SYN,25,0,-49.59247973254533,admin,0.6656845929220582,272.54673185431284,Benign
P005839,ICMP,IoT,Off,APAC,0,0,6807.603268971381,6829.845915110106,154.84584348436343,4,FIN,80,1,-48.832449248753846,user,0.3875960240654125,316.09837657522263,Benign
P005840,,Workstation,On,APAC,3,0,4495.677027038703,3848.7588575716445,161.22341794864516,6,SYN-ACK,80,0,-56.61623423827548,user,0.02354792131496841,309.9284986520196,Benign
P005841,ICMP,Workstation,On,ME,5,1,5218.358492342274,9152.633909717832,114.69584296357701,7,SYN-ACK,3389,1,-59.42501185028468,user,0.310978567404324,287.41461190992254,Benign
P005842,,Server,Off,EU,3,0,5807.513640563634,7424.3078120311675,138.45649374157694,7,ACK,3389,1,-66.86156902130769,user,0.21627517290831566,346.8518341267484,BruteForce
P005843,,Server,Off,EU,4,1,3760.9907081321844,8138.558779469489,98.39880840449203,3,SYN,110,1,-36.68630121656312,admin,0.2998309343899257,276.3709412270691,BruteForce
P005844,,IoT,On,US,2,1,5573.245891815894,6230.394884350161,98.32485371992074,5,FIN,443,0,-57.79919374814569,user,0.5240446549756301,270.4499769089474,Benign
P005845,udp,IoT,Off,EU,6,0,5523.212415463007,2811.9050611956045,101.06142434970951,8,ACK,21,0,-63.898301179497565,user,0.27670021267759753,298.37039154105315,Benign
P005846,udp,Server,On,APAC,1,1,2275.825598858144,5855.979078562661,71.13833086587334,2,SYN-ACK,110,2,-53.84439799362283,guest,0.3211266400338321,249.59187816064767,Benign
P005847,ICMP,Workstation,Off,APAC,1,2,5020.774097549508,4429.223140035765,130.93709076884545,4,ACK,21,1,-62.79363702792957,user,0.5385636187333058,292.6158239077957,Benign
P005848,tcp,Workstation,On,ME,3,0,7788.342694139182,7443.715508629706,152.09041990691492,2,FIN,21,0,-73.87090712064305,user,0.7064029093364783,311.87251381624117,Benign
P005849,ICMP,Workstation,Off,APAC,1,0,5002.26921700589,9831.179375451124,698.9923514882296,6,FIN,443,0,-68.86123000350237,user,0.14223014006682816,301.34553657179964,Benign
P005850,TCP,Mobile,Off,US,3,1,3499.057136592681,7759.24041453845,117.37698720753528,10,ACK,25,0,-80.5672171554242,guest,0.18164989435695855,278.8193662536344,Benign
P005851,UDP,Mobile,On,APAC,1,1,5723.7205266533465,3722.583033346418,84.95249076160886,8,SYN,443,1,,user,0.544823776064562,302.023479476501,Benign
P005852,UDP,Mobile,Off,ME,2,1,5706.906247270971,4154.857766034003,124.0577031268545,5,SYN,143,0,-59.729310407509885,user,0.053312304668516816,326.94706700081554,Benign
P005853,UDP,IoT,Off,ME,3,0,2906.264319292522,,82.99829671940329,4,ACK,80,0,-56.83313290968488,user,0.21200291429080653,258.0861916503882,Benign
P005854,TCP,Server,On,ME,4,0,4228.363792858938,5793.312396769947,57.12938988390536,5,ACK,443,0,-63.94090211104759,user,0.26937655351506107,273.5198919829638,Benign
P005855,TCP,Server,On,APAC,1,0,5378.278190715804,1258.3055190915447,87.75275551910929,6,SYN,22,1,-55.21833307234082,user,0.19621875411657203,299.8555795060267,BruteForce
P005856,TCP,IoT,Off,US,0,2,5173.484133387778,3715.128963905709,168.310878794284,5,FIN,443,3,,user,0.4856383311558033,314.63462793823703,Benign
P005857,TCP,Mobile,On,ME,0,1,4682.551156331144,5625.562284606389,95.65007414059083,10,FIN,3389,0,-76.19829666336418,user,0.6111345282440656,304.83827395931166,BruteForce
P005858,TCP,IoT,Off,APAC,4,1,3279.0338055074735,8613.632704819935,189.31161108517796,9,ACK,143,1,-54.25226554126599,user,0.31668730774366405,342.53054781533126,BruteForce
P005859,TCP,Server,Off,APAC,0,1,6208.06554818183,9941.225267755239,132.96137459602397,5,SYN,143,0,-58.727136573242085,user,0.3721352611890794,318.42613861248486,BruteForce
P005860,TCP,Server,Off,US,1,0,5378.340807050169,7403.16247323549,98.62444028156852,2,FIN,25,0,-62.66976394609085,user,0.2973245593166911,275.39642202988944,Benign
P005861,TCP,IoT,Off,APAC,0,0,3809.5973793827807,6069.4990923277055,127.37932189514807,4,SYN,3389,1,-56.93294775334533,user,0.1012887439671384,276.17197738094245,Benign
P005862,TCP,IoT,On,APAC,1,1,3429.7495574952327,6519.748436779657,121.88557658704799,3,SYN-ACK,21,1,-73.24272078121479,user,0.1866495282475663,260.59997863347076,Benign
P005863,TCP,Mobile,Off,ME,1,1,6348.4239193285175,5030.804342088271,95.13484787131563,6,FIN,443,2,-51.051309925480005,user,0.22518915463733402,264.8926264925649,BruteForce
P005864,udp,Server,On,ME,2,0,5094.7071986622,5702.055429261892,105.39069548330967,6,FIN,25,3,-69.57378538276883,user,0.22618216728578294,301.33037200858854,BruteForce
P005865,TCP,IoT,Off,US,1,0,4479.471786417477,3187.4644218114263,178.46373142452313,2,SYN-ACK,22,0,-70.33456693901881,user,0.37531924145371265,323.8519967438193,Benign
P005866,tcp,Server,Off,US,0,1,5389.911020728441,4589.9262355687115,180.8680296479229,3,SYN,110,4,-64.12663378074909,user,0.0947064391962709,315.86959739331445,Benign
P005867,TCP,Server,Off,APAC,4,1,7771.018789211798,3126.2079484954743,135.2548736626818,8,FIN,53,1,-60.20754814266071,user,0.07001661988575107,314.75740945992504,BruteForce
P005868,TCP,IoT,Off,APAC,0,0,3495.272877040654,4454.227564793286,57.10463763475938,7,SYN-ACK,53,2,-50.05971961904005,admin,0.2688696586924595,274.0502525074678,Benign
P005869,TCP,Server,Off,APAC,3,0,3638.5466736290355,7402.427575416792,101.34683430811018,7,ACK,110,0,-53.68823751513948,user,0.1707408290274726,268.3535873021526,Benign
P005870,UDP,Workstation,On,US,0,2,100.0,5889.259489025699,170.52316013113938,4,FIN,443,0,-56.00809393251645,user,0.35760384283083574,270.2004268411467,BruteForce
P005871,UDP,Server,Off,APAC,0,0,5267.21249654109,6143.163427474379,97.7016137310796,7,FIN,3389,1,-61.844944715292094,admin,0.1356940556519572,272.17581059264603,BruteForce
P005872,UDP,Workstation,Off,US,2,1,4979.443140319954,7403.348719041702,173.90704323637215,7,SYN-ACK,25,3,-58.97499056650956,user,0.6522042859074862,341.07611909012815,BruteForce
P005873,TCP,Server,Off,APAC,0,1,5401.491415203064,6810.605255680795,89.14259573258892,6,SYN-ACK,25,0,-60.58087723468796,user,0.2884939634674904,272.6363234552457,Benign
P005874,TCP,IoT,Off,ME,0,1,33101.75839446484,6729.486488219822,161.68781215802687,3,ACK,22,0,-50.95183923296242,guest,0.07082418696550917,330.15000555523704,BruteForce
P005875,udp,Server,Off,APAC,5,0,4539.686472085911,6006.836575242034,93.57602605934619,4,ACK,21,2,-50.731836085387926,user,0.269946140276559,310.00390004315426,Benign
P005876,TCP,Mobile,Off,US,2,3,6484.431868012922,7142.837911092383,131.55965758099626,5,ACK,21,1,-47.5524372435752,admin,0.42368465258351906,288.1803788868084,Benign
P005877,UDP,Mobile,Off,ME,2,1,3127.861933954203,6188.104860547148,183.7440731615068,7,SYN-ACK,22,2,-65.3430684528153,guest,0.23495965472912897,293.62447227292745,Benign
P005878,UDP,Server,Off,US,1,1,3153.0174652574974,9027.790140060317,103.09891402705148,2,ACK,443,1,-55.304956774953055,admin,0.42881532160048447,279.65581626104586,Benign
P005879,UDP,Server,Off,ME,1,0,2104.6792866666838,1480.8256615710497,145.19583369000446,8,SYN-ACK,143,1,-65.71222648841366,user,0.1658195131314753,288.64576305992625,BruteForce
P005880,UDP,Server,On,ME,0,1,1921.0278392755395,7058.839719446509,93.44474420753528,8,SYN-ACK,443,1,-75.05498108461936,user,0.6460590620155043,248.78809064261554,BruteForce
P005881,TCP,Mobile,On,EU,2,3,4512.025257529077,7835.313544386414,159.38546761498134,11,SYN,80,1,-45.6585570084823,user,0.13756660834097495,320.6801712968962,Benign
P005882,TCP,Workstation,Off,US,1,0,7201.8751412831025,5534.577713114522,137.89902130152282,3,FIN,143,1,-60.688775033101585,user,0.1826192419400601,296.7775529406165,Benign
P005883,UDP,IoT,Off,US,2,2,3339.739652011217,7354.5558352411135,173.0677558076731,5,FIN,22,1,-64.37434217090448,guest,0.2981714472579039,289.11877833992077,Benign
P005884,TCP,IoT,Off,EU,2,0,4801.272405766082,1269.120403370729,152.43786671925514,5,FIN,110,1,-39.07526461534955,admin,0.36485638923706887,326.81553099805757,Benign
P005885,ICMP,Mobile,Off,APAC,1,2,3885.264357631717,3218.0517083533196,168.62914863855235,4,FIN,110,0,-53.091346599845686,user,0.36198293951097804,306.3579766551634,Benign
P005886,TCP,Server,Off,APAC,1,3,5645.617820436428,6678.362053266379,105.20606508891625,7,ACK,22,0,-73.62075084671275,user,0.2552188881397064,270.3764898474879,BruteForce
P005887,TCP,Workstation,On,EU,1,1,5530.918990411339,6731.227497722905,773.5035799979543,5,SYN,3389,2,-57.876231090965945,user,0.3195857452689764,324.082796041727,BruteForce
P005888,UDP,IoT,Off,EU,1,0,4162.029585213615,7943.82575565296,121.53339594475325,7,SYN,21,1,-39.280680349892435,user,0.39823265663113155,305.9019074051001,Benign
P005889,tcp,Mobile,Off,APAC,3,0,23477.684412568393,4687.30087547632,137.6929147208242,6,ACK,25,1,-64.041835147061,user,0.16635917443074522,280.7461983468268,BruteForce
P005890,TCP,Server,Off,ME,1,1,3305.850879946447,6778.855669409027,153.00157712315277,6,SYN-ACK,25,2,-63.158999897578745,guest,0.3115105540076814,281.0794585520926,BruteForce
P005891,UDP,Mobile,Off,APAC,0,1,3822.357488236793,4492.912251586336,88.54939056147825,3,SYN-ACK,110,1,-66.0554272023971,admin,0.04848636953836819,278.5347689873191,Benign
P005892,udp,Server,Off,ME,0,0,3717.117988579992,7187.264032667891,115.32982300540077,1,SYN-ACK,110,1,-65.42510733855354,admin,0.34829350683665994,265.8917922934295,Benign
P005893,TCP,IoT,Off,ME,1,1,3381.129209391102,4803.890261155759,105.01165409711477,5,ACK,21,0,-75.47929857587496,user,0.054724761926711815,269.0923725924624,Benign
P005894,UDP,Workstation,On,ME,1,1,5558.563666362073,,163.35585923982876,8,SYN-ACK,443,1,-70.09256879385667,user,0.1554062811016137,314.4016675542354,Benign
P005895,ICMP,IoT,Off,ME,2,0,6790.118513495088,4660.166763442396,115.66691659731838,3,SYN-ACK,80,0,-68.95309603636008,user,0.1724590293395007,297.65780214434864,Benign
P005896,TCP,Mobile,On,ME,1,0,4137.213297640552,3053.7182712440977,54.03557402132576,6,ACK,80,2,-79.61768253194278,user,0.5759436449197433,250.84296211262185,Benign
P005897,,Mobile,Off,APAC,4,2,5454.770763301316,6354.366604554632,110.04614365122781,5,FIN,80,1,-53.52082754132935,user,0.35287012743353846,289.57226215087775,Benign
P005898,UDP,Server,Off,EU,2,2,4776.354319768114,10758.660165329506,141.7380098722511,6,SYN-ACK,53,1,-74.15333686331846,user,0.12675919605092176,299.6268617375221,Benign
P005899,TCP,Workstation,Off,EU,2,1,4327.577504638816,2817.036224570854,88.36552760520681,4,FIN,21,2,-57.01955047789117,guest,0.4987078671689151,258.9751027975142,Benign
P005900,TCP,Mobile,Off,US,0,1,39376.76185398416,6876.5344189253265,79.3077141861503,5,FIN,143,1,-54.71936763790711,user,0.2649823035385697,276.48270214280296,BruteForce
P005901,UDP,Workstation,On,EU,2,1,4303.645496165437,7728.371806808192,83.4070352838975,3,SYN,110,0,-66.2930919053983,user,0.32943510581746915,229.875637420875,BruteForce
P005902,TCP,Mobile,On,APAC,4,0,5504.336175488542,4826.1997005534595,135.47698310802704,5,SYN,143,0,,admin,0.17938287328093555,297.78280471770483,BruteForce
P005903,TCP,Mobile,Off,APAC,0,3,4955.120130884486,2855.225829221691,122.1778923424744,3,ACK,53,1,-62.651275556307716,user,0.06421661478190699,282.758386520304,Benign
P005904,UDP,IoT,Off,US,2,0,4492.79668060312,5503.262124886651,113.14796485348936,5,SYN-ACK,443,0,-62.110267670198645,admin,0.44224661804368803,284.12209116012014,Benign
P005905,TCP,Mobile,Off,ME,3,3,5011.719168238646,3282.217925932635,204.211337381374,10,SYN-ACK,21,1,-85.29393108323,user,0.11592841473503765,337.7907408628826,BruteForce
P005906,UDP,Mobile,Off,EU,0,1,6740.709827417199,5829.793367547454,100.04047623321952,5,SYN-ACK,80,2,-64.06670529377713,admin,0.17059321724217444,281.7187032441676,Benign
P005907,udp,IoT,On,ME,2,0,3694.063069403337,3135.417279902008,121.2970007475007,7,SYN,80,1,-59.04151694667257,user,0.25341476786764794,263.91128268488836,Benign
P005908,TCP,IoT,Off,US,2,2,5049.853770808562,4951.549547161931,106.16788049183992,6,SYN-ACK,110,0,,user,0.6840199168972362,322.1151971271196,Benign
P005909,TCP,Mobile,Off,US,1,1,6383.969417183056,6275.476527462607,149.75165743066583,3,SYN,3389,0,-58.11509889375849,admin,0.40418099659003087,289.44203799852136,BruteForce
P005910,ICMP,IoT,On,EU,3,0,5683.220889128951,9900.786374065525,130.46753314326222,7,FIN,80,1,,user,0.5852630031768463,266.2855559627652,Benign
P005911,,Workstation,Off,ME,2,1,1797.7059179147077,9004.941651984456,137.52596507727884,1,SYN-ACK,443,0,-62.2142773253156,user,0.48559536379190943,283.22341037863214,Benign
P005912,TCP,Server,Off,ME,1,1,2995.9167929441874,6002.381942536869,165.26821102763552,5,FIN,443,0,-54.94438617354987,user,0.21657218884710483,307.20132569605903,Benign
P005913,TCP,Workstation,Off,EU,1,1,3651.5002426531973,8236.810560750422,135.4537899520758,3,ACK,21,0,-62.468271754418595,admin,0.056512936206779454,303.9838944911767,Benign
P005914,ICMP,IoT,Off,APAC,4,1,4622.366448985828,9185.052933461304,158.16700888741414,6,SYN-ACK,110,2,-73.96759110237777,user,0.6833230055365621,301.7181780628227,Benign
P005915,TCP,IoT,Off,ME,2,2,6495.584589141688,7060.047264856293,82.69136828554525,4,SYN-ACK,3389,1,-73.78148617553659,user,0.09242820402693272,286.18209517208686,BruteForce
P005916,UDP,IoT,On,APAC,4,2,4704.640270244697,7975.858181832288,108.39777199994371,5,SYN,443,0,-59.19583150898925,user,0.14380915050271187,285.9442457363855,BruteForce
P005917,udp,Mobile,On,US,2,2,3480.5839240564246,,81.97693823983604,6,SYN-ACK,25,0,-79.53852121636851,admin,0.15491840491521378,269.5273096917605,Benign
P005918,UDP,Server,On,US,0,0,4184.252466444451,5605.986499603229,132.31019619806605,3,SYN,80,1,-56.86246053149566,user,0.3561011461649897,294.96607755674773,Benign
P005919,,Server,Off,APAC,5,1,6368.6378634314315,7226.842132191172,142.09969951027242,7,SYN-ACK,80,0,-58.109461110288706,admin,0.2180436455802079,316.1800264171414,Benign
P005920,TCP,Workstation,Off,EU,5,1,3723.3566594472595,4827.537982255402,158.28978691778602,3,SYN,21,0,-44.24606175514724,admin,0.29594875754592037,318.7811632773212,Benign
P005921,udp,Server,On,APAC,4,1,4548.2698466232605,5481.621451415411,83.24218980651084,10,ACK,143,0,-64.4369316732223,user,0.050975758936606934,305.18580358761426,BruteForce
P005922,TCP,IoT,Off,US,1,1,6884.416498383685,7822.322403817946,110.66914904492303,5,SYN,80,0,-64.09756748173439,user,0.10158380001141616,299.2206600496912,Benign
P005923,TCP,Workstation,Off,ME,3,1,4185.21691419816,5379.298744702079,94.37256226833978,4,SYN,22,0,-73.48630860676374,user,0.2375604267792561,265.45590935735237,BruteForce
P005924,UDP,IoT,Off,APAC,1,0,4286.125254034054,5239.003854463677,114.56677602584654,6,FIN,80,0,-59.29984141526867,user,0.26411449000608,273.34721264207684,BruteForce
P005925,UDP,IoT,Off,APAC,1,2,4705.912046602776,,142.87151393981765,8,SYN,110,1,-63.43261024012069,admin,0.18635744774866045,319.7395853330575,Benign
P005926,tcp,Server,Off,ME,2,2,7023.822927152325,1324.5545698211845,118.54449560969437,4,FIN,22,0,-49.946740870576576,user,0.3908434670760442,280.58456060907497,BruteForce
P005927,TCP,Workstation,Off,EU,2,0,7734.028305420503,4718.318943132942,128.85122003659185,5,SYN-ACK,25,1,-51.26878446388857,user,0.10132913200661803,318.0154664927438,Benign
P005928,udp,Workstation,Off,US,1,0,4434.072067387054,5994.603851988922,144.66840841324665,4,SYN-ACK,110,0,-57.35961739297098,guest,0.40972342358056546,280.3193837063228,Benign
P005929,TCP,IoT,On,US,6,0,5617.6126556810605,3790.6694398293857,115.41151868145086,1,SYN,25,1,-59.75789855883892,user,0.261261348190728,280.39892013955347,Benign
P005930,TCP,IoT,On,EU,1,1,2961.1218791580254,3228.7262351632753,133.63411878590964,6,FIN,53,1,-59.53522720584736,user,0.17297148761116574,299.06871904484603,Benign
P005931,,Workstation,Off,ME,3,3,6908.990200004286,4905.00377530657,129.20413218246776,6,FIN,3389,3,-75.1515753266368,guest,0.25363577975341717,324.30000757918083,BruteForce
P005932,ICMP,Workstation,Off,EU,3,1,4506.935281055778,4619.502266538897,102.88880086169928,4,ACK,22,0,-58.183954918747716,user,0.199332906829139,297.20151424536664,Benign
P005933,TCP,Server,On,ME,3,1,4015.414643318517,,183.5043306153459,4,SYN-ACK,110,2,-74.17488439523598,admin,0.46407650237283465,305.3372268233265,Benign
P005934,TCP,Mobile,Off,APAC,1,0,4959.11281468907,7897.0018507171135,118.60746733607441,5,ACK,143,1,-52.828336144596435,admin,0.07660226253521961,306.08024025580994,Benign
P005935,tcp,IoT,On,US,2,2,34262.84396892761,9260.72485541699,133.28980118315428,5,ACK,3389,1,-71.72161538925755,user,0.16239552402288532,304.35161900877284,Benign
P005936,UDP,Mobile,Off,APAC,4,0,5611.890930163787,6404.398333077321,100.6803582147444,5,FIN,53,3,-55.446889117586046,admin,0.5822494356067159,307.76195583167583,Benign
P005937,TCP,Workstation,Off,ME,2,0,4555.567226933045,7999.559288336799,128.89854840743965,8,ACK,443,0,-51.13241353621659,user,0.6684485944654637,304.90051531111436,Benign
P005938,TCP,Mobile,Off,EU,0,1,4768.905294173149,5230.960388831243,76.99174115462989,8,SYN-ACK,80,2,-49.66482158697843,user,0.30782926320996745,278.49594998603243,Benign
P005939,TCP,Workstation,Off,US,4,0,4760.612831710319,,135.15823356331407,6,FIN,25,0,-60.27255276059929,admin,0.19741996492652264,304.52109425003675,BruteForce
P005940,TCP,Mobile,Off,US,2,0,4553.738329081802,7645.290633698775,128.59944588000067,5,ACK,21,1,-61.832232037247245,user,0.1005083439737579,312.32322961188817,Benign
P005941,TCP,Mobile,Off,ME,1,1,7201.425033005489,6126.7426703142055,77.85479127830624,1,SYN,22,0,-59.55893818573753,user,0.32860813341807044,279.40856973439634,BruteForce
P005942,TCP,Mobile,Off,US,1,1,2333.647315770886,5662.885749826631,159.30806923623996,7,ACK,21,3,,admin,0.1531938593403626,288.26778290498527,Benign
P005943,TCP,Mobile,On,US,1,1,5403.201402960527,2742.314680167955,91.84016900371381,5,FIN,53,2,-59.34910975532351,user,0.5760872531905825,276.6004896979711,Benign
P005944,ICMP,IoT,Off,ME,3,0,4254.554364929965,5044.4294393673745,106.50212520349054,6,FIN,25,1,-60.25921286758136,guest,0.2319894718393487,288.20515052327295,BruteForce
P005945,,Workstation,Off,ME,2,1,6470.892886847771,7908.871843509708,92.49818438338897,2,SYN,80,1,-75.65728405121794,user,0.41167488525773666,307.68400567544415,Benign
P005946,TCP,Workstation,On,ME,2,0,5236.914251962106,5144.469512439007,92.95671838079204,8,ACK,143,2,-42.26968417141066,admin,0.21967988874122307,272.39057072669647,Benign
P005947,TCP,Server,Off,US,2,1,7640.279746431803,7101.67622931945,133.6568066733052,12,SYN,3389,0,-69.22479515787657,user,0.49939269915491175,328.40167460122217,Benign
P005948,tcp,Mobile,Off,ME,1,1,4511.244609352318,,82.18199602115754,6,SYN-ACK,21,1,-51.810301051080984,user,0.5259462169077344,297.55258732943895,BruteForce
P005949,TCP,Mobile,On,ME,4,1,3686.989415480291,5116.293375551927,84.72956442466588,5,SYN-ACK,143,0,-33.653652988080665,admin,0.44288241912499904,280.9405489527215,BruteForce
P005950,tcp,Mobile,On,US,2,1,6485.542453352473,4817.3601349010905,60.6223764950382,4,SYN-ACK,3389,2,-54.199623996165116,user,0.3286589981185512,266.6594276820501,Benign
P005951,,Server,On,EU,0,1,4547.567728346667,8738.163554304125,102.64567256364225,4,FIN,443,3,-50.682255078177064,admin,0.029111750030289787,283.87601682273635,BruteForce
P005952,TCP,Workstation,On,EU,0,0,6005.535060890543,,156.52373591531293,4,SYN-ACK,80,1,-73.58099438989734,user,0.0864143162877421,322.02109587592173,BruteForce
P005953,TCP,Workstation,Off,EU,0,1,6885.352044291135,,116.62847576393727,3,FIN,110,1,-68.49690755792786,user,0.18577493102025844,301.89713729931367,Benign
P005954,TCP,IoT,Off,APAC,3,1,5738.201523600968,6690.252128753501,63.993880968154926,1,FIN,143,1,-53.85174029363986,user,0.11988335874641713,266.8799746770436,Benign
P005955,,Mobile,Off,APAC,0,2,5177.437158283696,,100.8028170447963,1,SYN-ACK,3389,1,-58.327762112908594,admin,0.08013891872821013,266.354565421486,Benign
P005956,UDP,Mobile,On,ME,2,0,4349.372090670609,4912.295327663235,151.23837100117652,5,SYN,110,1,-50.23033001415997,user,0.14130520750800526,291.07941658191385,Benign
P005957,TCP,IoT,Off,EU,3,2,3694.8915844162175,,95.44127593283514,7,SYN-ACK,110,1,-42.94555209670712,user,0.18364360754017328,276.3420272061058,Benign
P005958,udp,Server,Off,ME,3,3,3657.1321976271634,8292.477444941896,140.47272590568974,4,SYN-ACK,21,1,-63.24483790912589,user,0.21330990312785258,281.15391361404545,BruteForce
P005959,TCP,IoT,Off,EU,3,0,7258.823632312261,9023.924138967637,136.82571829492625,6,SYN,143,1,-51.45133246910152,admin,0.5475487247831621,319.0847944690242,Benign
P005960,tcp,Mobile,Off,ME,0,1,6768.610695785225,11906.182934454107,110.26511161164224,9,SYN,143,0,-53.463637931512906,user,0.34867370839767453,313.1073577272084,BruteForce
P005961,ICMP,IoT,Off,ME,2,0,7502.890410911983,6662.673737318093,110.07286380226824,6,SYN,21,1,-59.6525120092837,user,0.277096807861956,317.9669858321506,Benign
P005962,TCP,Server,On,ME,1,0,3538.4455780664052,8435.893108128268,119.681498030955,2,SYN,21,0,-59.194403647849434,admin,0.4181235189219414,278.9981824965952,BruteForce
P005963,UDP,IoT,On,ME,4,2,6380.5623581962245,9820.810492159719,183.41368102521633,3,FIN,110,1,-41.0419419142295,user,0.25511248609323156,306.5723926844091,BruteForce
P005964,udp,Workstation,Off,APAC,5,1,4268.952058880374,8542.868836888727,115.32621357867438,2,SYN-ACK,53,0,-61.55288917246188,user,0.14295969493071772,279.10978557003966,BruteForce
P005965,TCP,IoT,On,ME,0,0,4496.127665300489,3964.519379301604,94.9348432702064,6,FIN,22,0,-80.2498479391571,user,0.3099831934080632,254.61716352117074,Benign
P005966,UDP,Mobile,On,APAC,3,1,2498.6854363933444,7113.623569410006,577.0191918119574,10,ACK,22,1,-49.70527428902969,user,0.20910944106280643,274.474115850655,Benign
P005967,TCP,IoT,Off,EU,3,1,2672.7649581640817,8891.11900743008,123.74103016861201,14,SYN,110,2,-68.80220563264649,user,0.1909774667705391,304.5987095712474,BruteForce
P005968,TCP,Server,Off,EU,3,0,4626.533403945161,,772.3752160353307,5,FIN,22,1,-48.07848290773265,user,0.3209024100449322,270.4373062014005,BruteForce
P005969,TCP,Mobile,Off,US,3,0,5083.151797930761,6637.142734828173,86.53825311662602,5,SYN-ACK,80,3,-66.33618681996371,user,0.09556661590470078,310.0069932104462,Benign
P005970,TCP,IoT,On,APAC,1,1,3732.9115948616873,7871.015282884358,83.39716847157283,4,SYN,3389,1,-62.44398980902315,user,0.392655042815987,271.6291956174693,Benign
P005971,UDP,Mobile,Off,APAC,4,1,3846.202261114531,3544.5410382815544,122.63869825517503,7,ACK,443,0,-62.31428312696967,guest,0.06569578847186049,309.8956881594159,Benign
P005972,TCP,Mobile,Off,US,3,1,6951.247297878842,3484.5205485883334,79.12518484696538,4,SYN,21,0,-58.20811471407729,guest,0.48764732404669026,275.34784500529713,Benign
P005973,udp,Server,On,ME,1,0,5319.058217327843,7119.584309624828,165.7119441911421,5,SYN,143,1,-70.40605165363284,user,0.3608118600382909,319.26385260702386,Benign
P005974,TCP,Workstation,Off,ME,2,1,3085.485139163685,7044.053848164509,110.59956276928136,8,SYN,21,2,-62.32279616039682,guest,0.12870241792272685,265.7155378162829,Benign
P005975,TCP,IoT,Off,APAC,3,0,5121.013417217037,7039.694350608251,206.56472387959363,2,ACK,110,1,-47.612731867460106,admin,0.33405113944886755,335.64214451752315,Benign
P005976,TCP,Mobile,Off,EU,2,2,6259.830646130739,6206.74430524991,147.741871163638,6,SYN,443,1,-54.951768217457314,user,0.1188397158346207,311.60948127811787,Benign
P005977,TCP,Workstation,On,APAC,1,0,5017.1260415935785,5568.744492948115,97.36386473633812,5,FIN,21,0,-46.35512736500354,user,0.2304891185660258,283.10995334638875,Benign
P005978,TCP,Workstation,Off,ME,1,1,5270.767793544921,7739.328442771039,124.33256023554137,6,ACK,80,1,-74.5955252051294,admin,0.4185884363761155,297.3864457545087,Benign
P005979,UDP,Mobile,On,EU,4,0,5014.321699925733,4166.783023162298,88.7852128826519,6,SYN,110,1,-58.937768964496094,user,0.3643870368020745,265.5970019831868,Benign
P005980,UDP,Server,On,ME,3,1,4744.169502314435,4246.550014363554,132.06798951346775,3,SYN-ACK,80,0,-70.05939721956067,user,0.3201092803666057,313.3972728577438,Benign
P005981,udp,Server,Off,APAC,1,4,5456.501212705957,,135.6600492742247,4,ACK,143,0,-44.51124748899426,guest,0.13316010958987784,309.4341302994885,BruteForce
P005982,tcp,Mobile,On,US,2,0,38154.60698528146,7802.536424292206,65.63015469751329,4,ACK,3389,0,-53.148706725203844,user,0.22924293794034967,291.6977613675115,BruteForce
P005983,udp,Server,Off,APAC,6,2,4137.3538148967145,,98.91829090027487,3,FIN,53,1,-70.28081304976487,guest,0.13680964563520664,253.97760649101005,Benign
P005984,udp,Workstation,Off,APAC,1,0,2290.144705203172,7162.3537886629065,101.94790621156051,3,SYN,53,2,-59.76686479795129,user,0.3208835120437062,266.1190087761147,Benign
P005985,UDP,Workstation,Off,APAC,2,0,5694.323164452681,4766.996109042228,97.02107367548453,3,SYN,21,1,-62.63852039468986,user,0.1866188889785096,302.5833342530576,BruteForce
P005986,ICMP,Server,Off,US,1,0,4068.1069604137665,4925.611366250415,115.33593967151167,7,ACK,22,1,-49.42581989699842,user,0.24359166880625646,300.9937317204573,BruteForce
P005987,TCP,Mobile,Off,APAC,2,1,4383.51912634407,6173.630043597764,153.4019609990932,7,ACK,21,1,-42.36024483386414,user,0.4224731673975506,292.5677038193565,Benign
P005988,tcp,Mobile,Off,APAC,2,4,6677.8525635734,9655.488976888222,77.32085017604646,2,FIN,22,1,-46.47881465018502,user,0.2806794314179935,238.96863091328794,BruteForce
P005989,TCP,Workstation,Off,APAC,0,1,6128.231863807814,2938.4764165363395,77.72510609055772,3,SYN-ACK,443,1,,user,0.2898556874409983,281.08253960924293,BruteForce
P005990,TCP,Server,Off,US,4,3,2728.0111463840917,7618.218438421161,140.2307383013445,9,ACK,53,0,-51.66860137816053,user,0.3150740661645853,288.5563469647234,Benign
P005991,TCP,Mobile,Off,EU,1,0,4979.643471107883,7338.952272143804,162.72520821431078,4,FIN,443,0,-62.41765422807446,user,0.33233727783315514,310.47547619415917,Benign
P005992,ICMP,Workstation,On,ME,3,3,7632.430255104074,4245.579002342591,180.59328789373168,7,ACK,110,1,-61.06865962875086,user,0.6815465163846729,331.280556602418,Benign
P005993,,Workstation,Off,US,5,1,6268.273636514439,8735.793595225154,83.71902468187434,3,FIN,143,0,-61.14244341175886,user,0.174983531603108,264.34469156912587,BruteForce
P005994,,Server,Off,US,5,0,4277.420762203151,8080.471633120176,141.15980546622245,5,SYN,22,1,-76.73407614608207,user,0.2970537186207454,324.54025437646715,Benign
P005995,UDP,Mobile,Off,EU,2,1,5214.959743651362,7257.458366408087,140.43048243062697,6,FIN,443,0,-79.17321714795293,user,0.3808593835336005,306.97406567455727,Benign
P005996,,Mobile,Off,APAC,2,1,5825.3445386585045,7246.444746053126,117.60065174546895,6,FIN,3389,1,-71.09669505908073,guest,0.2893720266046166,287.2021037552494,BruteForce
P005997,UDP,Server,Off,EU,3,4,5373.420837873178,5756.076385265274,107.2003805058342,5,SYN,443,2,-49.02711183685314,admin,0.4034336191310262,267.478178820776,BruteForce
P005998,TCP,Workstation,Off,APAC,0,0,5919.800840354062,7891.417130598954,123.80970111306219,4,SYN,443,2,-68.44893007485862,admin,0.6054813102987763,301.3487124824771,Benign
P005999,ICMP,Server,On,EU,2,1,3665.1626272202634,10088.74251078669,106.54009285872422,4,ACK,143,2,-61.599034408034534,user,0.4734251147342273,278.91643886226103,Benign
